country;year;basic_pct_rural;basic_pct_total;basic_pct_urban;safely_managed_pct_rural;safely_managed_pct_total;safely_managed_pct_urban;country_year
Afghanistan;2000;21,61913;27,7719;49,48745;;;;Afghanistan_2000
Afghanistan;2001;21,61913;27,79726;49,48745;;;;Afghanistan_2001
Afghanistan;2002;23,59988;29,90076;51,90447;;;;Afghanistan_2002
Afghanistan;2003;25,58063;32,00507;54,32149;;;;Afghanistan_2003
Afghanistan;2004;27,56138;34,12623;56,73851;;;;Afghanistan_2004
Afghanistan;2005;29,54213;36,26526;59,15553;;;;Afghanistan_2005
Afghanistan;2006;31,52288;38,40636;61,57254;;;;Afghanistan_2006
Afghanistan;2007;33,73274;40,84418;64,50089;;;;Afghanistan_2007
Afghanistan;2008;35,96969;43,31506;67,46785;;;;Afghanistan_2008
Afghanistan;2009;38,23373;45,81909;70,47343;;;;Afghanistan_2009
Afghanistan;2010;40,52486;48,35636;73,51765;;;;Afghanistan_2010
Afghanistan;2011;42,84308;50,92731;76,6005;;;;Afghanistan_2011
Afghanistan;2012;45,18839;53,5317;79,72198;;;;Afghanistan_2012
Afghanistan;2013;47,56079;56,16964;82,88207;;;;Afghanistan_2013
Afghanistan;2014;49,96028;58,84123;86,0808;;;;Afghanistan_2014
Afghanistan;2015;52,38686;61,54693;89,31815;;;;Afghanistan_2015
Afghanistan;2016;54,84053;64,28648;92,59413;;;;Afghanistan_2016
Afghanistan;2017;57,32129;67,06462;95,90874;;;;Afghanistan_2017
Albania;2000;81,78472;87,86662;96,35529;;49,29324;;Albania_2000
Albania;2001;81,83538;87,88955;96,10231;;49,21738;;Albania_2001
Albania;2002;81,88605;87,91309;95,741;;49,08154;;Albania_2002
Albania;2003;81,93673;87,92893;95,38031;;48,94225;;Albania_2003
Albania;2004;81,98741;87,93703;95,02026;;50,73476;;Albania_2004
Albania;2005;82,03811;87,93683;94,66083;;52,55115;;Albania_2005
Albania;2006;82,08881;87,92856;94,30202;;54,39092;;Albania_2006
Albania;2007;82,13952;87,91208;93,94386;;56,25379;;Albania_2007
Albania;2008;82,19024;87,88725;93,58632;;58,13945;;Albania_2008
Albania;2009;82,24096;87,85342;93,22941;;60,04764;;Albania_2009
Albania;2010;82,29169;87,81129;92,87312;;61,97766;;Albania_2010
Albania;2011;82,34244;87,76034;92,51747;;63,9291;;Albania_2011
Albania;2012;82,59078;87,86044;92,29012;;65,9014;;Albania_2012
Albania;2013;86,2311;89,46109;92,06277;;67,89334;;Albania_2013
Albania;2014;89,87518;90,9812;91,83542;;69,9037;;Albania_2014
Albania;2015;89,87518;91,00102;91,83542;;69,9445;;Albania_2015
Albania;2016;89,87518;91,02037;91,83542;;69,98433;;Albania_2016
Albania;2017;89,87518;91,03923;91,83542;;70,02315;;Albania_2017
Algeria;2000;83,32201;89,83726;94,19543;;;;Algeria_2000
Algeria;2001;83,67994;90,1146;94,2786;;;;Algeria_2001
Algeria;2002;84,03786;90,38717;94,36177;;;;Algeria_2002
Algeria;2003;84,3958;90,65481;94,44494;;;;Algeria_2003
Algeria;2004;84,75372;90,91754;94,5281;;;;Algeria_2004
Algeria;2005;85,11166;91,17525;94,61127;;;;Algeria_2005
Algeria;2006;85,46959;91,42819;94,69444;;;;Algeria_2006
Algeria;2007;85,82751;91,67622;94,7776;;;;Algeria_2007
Algeria;2008;86,18545;91,91957;94,86077;;;;Algeria_2008
Algeria;2009;86,54337;92,15714;94,94393;;;;Algeria_2009
Algeria;2010;86,90131;92,38947;95,0271;;;;Algeria_2010
Algeria;2011;87,25924;92,61646;95,11027;;;;Algeria_2011
Algeria;2012;87,61716;92,83835;95,19344;;;;Algeria_2012
Algeria;2013;87,9751;93,05519;95,2766;;;;Algeria_2013
Algeria;2014;88,33302;93,26727;95,35976;;;;Algeria_2014
Algeria;2015;88,69096;93,47459;95,44293;;;;Algeria_2015
Algeria;2016;88,69096;93,51585;95,44293;;;;Algeria_2016
Algeria;2017;88,69096;93,55589;95,44293;;;;Algeria_2017
Andorra;2000;100,0;100,0;100,0;;90,64;;Andorra_2000
Andorra;2001;100,0;100,0;100,0;;90,64;;Andorra_2001
Andorra;2002;100,0;99,99999;100,0;;90,64;;Andorra_2002
Andorra;2003;100,0;100,0;100,0;;90,64;;Andorra_2003
Andorra;2004;100,0;100,0;100,0;;90,64;;Andorra_2004
Andorra;2005;100,0;100,0;100,0;;90,64;;Andorra_2005
Andorra;2006;100,0;100,00001;100,0;;90,64001;;Andorra_2006
Andorra;2007;100,0;100,0;100,0;;90,64;;Andorra_2007
Andorra;2008;100,0;100,0;100,0;;90,64;;Andorra_2008
Andorra;2009;100,0;100,0;100,0;;90,64;;Andorra_2009
Andorra;2010;100,0;100,0;100,0;;90,64;;Andorra_2010
Andorra;2011;100,0;99,99999;100,0;;90,64;;Andorra_2011
Andorra;2012;100,0;100,0;100,0;;90,64;;Andorra_2012
Andorra;2013;100,0;100,0;100,0;;90,64;;Andorra_2013
Andorra;2014;100,0;100,0;100,0;;90,64;;Andorra_2014
Andorra;2015;100,0;100,0;100,0;;90,64;;Andorra_2015
Andorra;2016;100,0;100,0;100,0;;90,64;;Andorra_2016
Andorra;2017;100,0;100,0;100,0;;90,64;;Andorra_2017
Angola;2000;21,15264;41,14431;61,06653;;;;Angola_2000
Angola;2001;21,52822;42,25467;61,95116;;;;Angola_2001
Angola;2002;21,90311;43,3768;62,83578;;;;Angola_2002
Angola;2003;22,27731;44,36387;63,44902;;;;Angola_2003
Angola;2004;22,65083;45,35134;64,05471;;;;Angola_2004
Angola;2005;23,02367;46,33602;64,65286;;;;Angola_2005
Angola;2006;23,39582;47,15023;65,24348;;;;Angola_2006
Angola;2007;23,76729;47,96147;65,82657;;;;Angola_2007
Angola;2008;24,13807;48,7704;66,40212;;;;Angola_2008
Angola;2009;24,50817;49,57516;66,97013;;;;Angola_2009
Angola;2010;24,87758;50,37684;67,53061;;;;Angola_2010
Angola;2011;25,24631;51,17484;68,08356;;;;Angola_2011
Angola;2012;25,61435;51,96854;68,62896;;;;Angola_2012
Angola;2013;25,98171;52,75735;69,16683;;;;Angola_2013
Angola;2014;26,34838;53,54151;69,69717;;;;Angola_2014
Angola;2015;26,71437;54,31693;70,21996;;;;Angola_2015
Angola;2016;27,07967;55,08428;70,73523;;;;Angola_2016
Angola;2017;27,44429;55,8429;71,24296;;;;Angola_2017
Antigua and Barbuda;2000;;98,25377;;;;;Antigua and Barbuda_2000
Antigua and Barbuda;2001;;98,13726;;;;;Antigua and Barbuda_2001
Antigua and Barbuda;2002;;98,02075;;;;;Antigua and Barbuda_2002
Antigua and Barbuda;2003;;97,90424;;;;;Antigua and Barbuda_2003
Antigua and Barbuda;2004;;97,78774;;;;;Antigua and Barbuda_2004
Antigua and Barbuda;2005;;97,67123;;;;;Antigua and Barbuda_2005
Antigua and Barbuda;2006;;97,55473;;;;;Antigua and Barbuda_2006
Antigua and Barbuda;2007;;97,43822;;;;;Antigua and Barbuda_2007
Antigua and Barbuda;2008;;97,32172;;;;;Antigua and Barbuda_2008
Antigua and Barbuda;2009;;97,20521;;;;;Antigua and Barbuda_2009
Antigua and Barbuda;2010;;97,08871;;;;;Antigua and Barbuda_2010
Antigua and Barbuda;2011;;96,9722;;;;;Antigua and Barbuda_2011
Antigua and Barbuda;2012;;96,85569;;;;;Antigua and Barbuda_2012
Antigua and Barbuda;2013;;96,73919;;;;;Antigua and Barbuda_2013
Antigua and Barbuda;2014;;96,73919;;;;;Antigua and Barbuda_2014
Antigua and Barbuda;2015;;96,73919;;;;;Antigua and Barbuda_2015
Antigua and Barbuda;2016;;96,73919;;;;;Antigua and Barbuda_2016
Antigua and Barbuda;2017;;96,73919;;;;;Antigua and Barbuda_2017
Argentina;2000;76,40468;96,21301;98,62579;;;;Argentina_2000
Argentina;2001;77,78626;96,46213;98,69308;;;;Argentina_2001
Argentina;2002;79,16785;96,70513;98,76039;;;;Argentina_2002
Argentina;2003;80,54942;96,94247;98,82769;;;;Argentina_2003
Argentina;2004;81,93101;97,17484;98,895;;;;Argentina_2004
Argentina;2005;83,31259;97,40218;98,9623;;;;Argentina_2005
Argentina;2006;84,69417;97,62473;99,0296;;;;Argentina_2006
Argentina;2007;86,07575;97,84245;99,0969;;;;Argentina_2007
Argentina;2008;87,45734;98,05557;99,16421;;;;Argentina_2008
Argentina;2009;88,83891;98,26406;99,23151;;;;Argentina_2009
Argentina;2010;90,2205;98,46806;99,29881;;;;Argentina_2010
Argentina;2011;91,60208;98,66657;99,36611;;;;Argentina_2011
Argentina;2012;92,98366;98,86074;99,43342;;;;Argentina_2012
Argentina;2013;92,98366;98,93041;99,50072;;;;Argentina_2013
Argentina;2014;92,98366;99,00025;99,56802;;;;Argentina_2014
Argentina;2015;92,98366;99,07014;99,63532;;;;Argentina_2015
Argentina;2016;92,98366;99,07838;99,63532;;;;Argentina_2016
Argentina;2017;;;99,63532;;;;Argentina_2017
Armenia;2000;88,56082;95,13351;98,72488;;29,59756;;Armenia_2000
Armenia;2001;89,30489;95,4193;98,80154;;29,74282;;Armenia_2001
Armenia;2002;90,05199;95,7216;98,87822;;33,29816;;Armenia_2002
Armenia;2003;90,80212;96,03108;98,95493;;36,84346;;Armenia_2003
Armenia;2004;91,55527;96,343;99,03166;;40,39033;;Armenia_2004
Armenia;2005;92,31144;96,6573;99,10842;;43,93894;;Armenia_2005
Armenia;2006;93,07065;96,97412;99,1852;;47,48906;;Armenia_2006
Armenia;2007;93,83287;97,29336;99,26202;;51,04095;;Armenia_2007
Armenia;2008;94,59813;97,61513;99,33885;;54,59447;;Armenia_2008
Armenia;2009;95,36641;97,93934;99,41571;;58,14978;;Armenia_2009
Armenia;2010;96,13772;98,26605;99,4926;;61,70686;;Armenia_2010
Armenia;2011;96,91206;98,59529;99,56951;;65,26573;;Armenia_2011
Armenia;2012;97,68941;98,92704;99,64645;;68,82645;;Armenia_2012
Armenia;2013;98,4698;99,26163;99,72341;;72,391;;Armenia_2013
Armenia;2014;99,25322;99,59326;99,79201;;75,96124;;Armenia_2014
Armenia;2015;99,5957;99,73441;99,81558;;79,43497;;Armenia_2015
Armenia;2016;100,0;99,89854;99,83916;;83,00597;;Armenia_2016
Armenia;2017;100,0;99,91338;99,86272;;86,47636;;Armenia_2017
Australia;2000;99,05666;99,7123;99,835;;;98,16657;Australia_2000
Australia;2001;99,05666;99,71124;99,835;;;98,16657;Australia_2001
Australia;2002;99,05666;99,7122;99,835;;;98,16657;Australia_2002
Australia;2003;99,13834;99,73435;99,845;;;98,22697;Australia_2003
Australia;2004;99,22;99,75634;99,855;;;98,28738;Australia_2004
Australia;2005;99,30167;99,77814;99,865;;;98,34779;Australia_2005
Australia;2006;99,38333;99,79977;99,875;;;98,40823;Australia_2006
Australia;2007;99,465;99,82125;99,885;;;98,46866;Australia_2007
Australia;2008;99,54667;99,84255;99,895;;;98,52911;Australia_2008
Australia;2009;99,62833;99,86367;99,905;;;98,58957;Australia_2009
Australia;2010;99,71;99,88462;99,915;;;98,65003;Australia_2010
Australia;2011;99,79166;99,9054;99,925;;;98,71051;Australia_2011
Australia;2012;99,87334;99,926;99,935;;;98,771;Australia_2012
Australia;2013;99,955;99,94645;99,945;;;98,78088;Australia_2013
Australia;2014;100,0;99,96148;99,955;;;98,79077;Australia_2014
Australia;2015;100,0;99,97;99,965;;;98,80065;Australia_2015
Australia;2016;100,0;99,96997;99,965;;;98,80065;Australia_2016
Australia;2017;100,0;99,96993;99,965;;;98,80065;Australia_2017
Austria;2000;100,0;100,0;100,0;;97,71394;;Austria_2000
Austria;2001;100,0;100,0;100,0;;97,79684;;Austria_2001
Austria;2002;100,0;100,0;100,0;;97,87975;;Austria_2002
Austria;2003;100,0;100,0;100,0;;97,96266;;Austria_2003
Austria;2004;100,0;100,0;100,0;;98,04557;;Austria_2004
Austria;2005;100,0;100,0;100,0;;98,12848;;Austria_2005
Austria;2006;100,0;100,0;100,0;;98,21139;;Austria_2006
Austria;2007;100,0;100,0;100,0;;98,2943;;Austria_2007
Austria;2008;100,0;100,0;100,0;;98,37721;;Austria_2008
Austria;2009;100,0;100,0;100,0;;98,46012;;Austria_2009
Austria;2010;100,0;100,0;100,0;;98,54304;;Austria_2010
Austria;2011;100,0;100,0;100,0;;98,62595;;Austria_2011
Austria;2012;100,0;100,0;100,0;;98,70885;;Austria_2012
Austria;2013;100,0;100,0;100,0;;98,79176;;Austria_2013
Austria;2014;100,0;100,0;100,0;;98,87468;;Austria_2014
Austria;2015;100,0;100,0;100,0;;98,90942;;Austria_2015
Austria;2016;100,0;100,0;100,0;;98,90781;;Austria_2016
Austria;2017;100,0;100,0;100,0;;98,9062;;Austria_2017
Azerbaijan;2000;54,93393;73,3805;90,83197;;49,67768;;Azerbaijan_2000
Azerbaijan;2001;56,86086;74,81776;91,66982;;50,13332;;Azerbaijan_2001
Azerbaijan;2002;58,8209;76,2676;92,51024;;50,58627;;Azerbaijan_2002
Azerbaijan;2003;60,81404;77,73052;93,35326;;51,03687;;Azerbaijan_2003
Azerbaijan;2004;62,84028;79,206;94,19885;;53,46619;;Azerbaijan_2004
Azerbaijan;2005;64,89962;80,69355;95,04704;;55,92712;;Azerbaijan_2005
Azerbaijan;2006;66,99207;82,19331;95,8978;;58,41952;;Azerbaijan_2006
Azerbaijan;2007;69,11761;83,70536;96,75115;;60,94326;;Azerbaijan_2007
Azerbaijan;2008;71,27627;85,22897;97,60709;;63,49772;;Azerbaijan_2008
Azerbaijan;2009;72,42014;85,91744;97,79578;;66,08279;;Azerbaijan_2009
Azerbaijan;2010;73,56402;86,606;97,98447;;68,70055;;Azerbaijan_2010
Azerbaijan;2011;74,70789;87,29395;98,17316;;70,32202;;Azerbaijan_2011
Azerbaijan;2012;75,85176;87,98087;98,36184;;70,85237;;Azerbaijan_2012
Azerbaijan;2013;76,99564;88,66653;98,55053;;71,38736;;Azerbaijan_2013
Azerbaijan;2014;78,13951;89,35028;98,73922;;71,92628;;Azerbaijan_2014
Azerbaijan;2015;79,28338;90,03168;98,9279;;72,46891;;Azerbaijan_2015
Azerbaijan;2016;80,42725;90,71031;99,11659;;73,015;;Azerbaijan_2016
Azerbaijan;2017;81,57113;91,38574;99,30528;;73,56433;;Azerbaijan_2017
Bahamas;2000;;98,2455;;;;;Bahamas_2000
Bahamas;2001;;98,28826;;;;;Bahamas_2001
Bahamas;2002;;98,33102;;;;;Bahamas_2002
Bahamas;2003;;98,37379;;;;;Bahamas_2003
Bahamas;2004;;98,41655;;;;;Bahamas_2004
Bahamas;2005;;98,45932;;;;;Bahamas_2005
Bahamas;2006;;98,50208;;;;;Bahamas_2006
Bahamas;2007;;98,54485;;;;;Bahamas_2007
Bahamas;2008;;98,58761;;;;;Bahamas_2008
Bahamas;2009;;98,63037;;;;;Bahamas_2009
Bahamas;2010;;98,67314;;;;;Bahamas_2010
Bahamas;2011;;98,7159;;;;;Bahamas_2011
Bahamas;2012;;98,75867;;;;;Bahamas_2012
Bahamas;2013;;98,80143;;;;;Bahamas_2013
Bahamas;2014;;98,84419;;;;;Bahamas_2014
Bahamas;2015;;98,88696;;;;;Bahamas_2015
Bahamas;2016;;98,88696;;;;;Bahamas_2016
Bahamas;2017;;98,88696;;;;;Bahamas_2017
Bahrain;2000;;99,89794;;;98,79928;;Bahrain_2000
Bahrain;2001;;99,90804;;;98,82163;;Bahrain_2001
Bahrain;2002;;99,91813;;;98,84398;;Bahrain_2002
Bahrain;2003;;99,92822;;;98,86634;;Bahrain_2003
Bahrain;2004;;99,93832;;;98,88869;;Bahrain_2004
Bahrain;2005;;99,94841;;;98,91106;;Bahrain_2005
Bahrain;2006;;99,9585;;;98,93342;;Bahrain_2006
Bahrain;2007;;99,9686;;;98,95218;;Bahrain_2007
Bahrain;2008;;99,97869;;;98,96217;;Bahrain_2008
Bahrain;2009;;99,98878;;;98,97216;;Bahrain_2009
Bahrain;2010;;99,99888;;;98,98215;;Bahrain_2010
Bahrain;2011;;100,0;;;98,98326;;Bahrain_2011
Bahrain;2012;;100,0;;;98,98326;;Bahrain_2012
Bahrain;2013;;100,0;;;98,98326;;Bahrain_2013
Bahrain;2014;;100,0;;;98,98326;;Bahrain_2014
Bahrain;2015;;100,0;;;98,98326;;Bahrain_2015
Bahrain;2016;;100,0;;;98,98326;;Bahrain_2016
Bahrain;2017;;100,0;;;98,98326;;Bahrain_2017
Bangladesh;2000;94,15292;95,21504;98,65534;59,41035;55,9067;44,55809;Bangladesh_2000
Bangladesh;2001;94,3469;95,38698;98,66331;59,53275;55,92532;44,56168;Bangladesh_2001
Bangladesh;2002;94,54088;95,5634;98,67127;59,65515;55,91951;44,56528;Bangladesh_2002
Bangladesh;2003;94,73486;95,73788;98,67925;59,77755;55,91014;44,56888;Bangladesh_2003
Bangladesh;2004;94,92883;95,91029;98,68721;59,89995;55,89733;44,57248;Bangladesh_2004
Bangladesh;2005;95,06603;96,00987;98,58665;60,02235;55,88136;44,57608;Bangladesh_2005
Bangladesh;2006;95,203;96,10641;98,48608;60,14475;55,86171;44,57968;Bangladesh_2006
Bangladesh;2007;95,33974;96,19977;98,3855;60,26715;55,83849;44,58327;Bangladesh_2007
Bangladesh;2008;95,47625;96,28986;98,28489;60,38955;55,81183;44,58688;Bangladesh_2008
Bangladesh;2009;95,61252;96,37656;98,18427;60,51195;55,78184;44,59047;Bangladesh_2009
Bangladesh;2010;95,74857;96,45987;98,08363;60,63435;55,74816;44,59407;Bangladesh_2010
Bangladesh;2011;95,88438;96,53966;97,98296;60,75675;55,71107;44,59767;Bangladesh_2011
Bangladesh;2012;96,01996;96,61577;97,88229;60,87915;55,67136;44,60127;Bangladesh_2012
Bangladesh;2013;96,1553;96,68811;97,7816;61,00155;55,62967;44,60487;Bangladesh_2013
Bangladesh;2014;96,29042;96,75671;97,68089;61,12395;55,58548;44,60847;Bangladesh_2014
Bangladesh;2015;96,42531;96,82152;97,58015;61,24635;55,53946;44,61206;Bangladesh_2015
Bangladesh;2016;96,55996;96,88253;97,47941;61,36875;55,49126;44,61566;Bangladesh_2016
Bangladesh;2017;96,75255;97,01601;97,48727;61,49115;55,44123;44,61926;Bangladesh_2017
Barbados;2000;;98,32442;;;;;Barbados_2000
Barbados;2001;;98,33443;;;;;Barbados_2001
Barbados;2002;;98,34443;;;;;Barbados_2002
Barbados;2003;;98,35443;;;;;Barbados_2003
Barbados;2004;;98,36443;;;;;Barbados_2004
Barbados;2005;;98,37443;;;;;Barbados_2005
Barbados;2006;;98,38443;;;;;Barbados_2006
Barbados;2007;;98,39443;;;;;Barbados_2007
Barbados;2008;;98,40443;;;;;Barbados_2008
Barbados;2009;;98,41444;;;;;Barbados_2009
Barbados;2010;;98,42444;;;;;Barbados_2010
Barbados;2011;;98,43444;;;;;Barbados_2011
Barbados;2012;;98,44444;;;;;Barbados_2012
Barbados;2013;;98,45444;;;;;Barbados_2013
Barbados;2014;;98,46445;;;;;Barbados_2014
Barbados;2015;;98,47444;;;;;Barbados_2015
Barbados;2016;;98,48444;;;;;Barbados_2016
Barbados;2017;;98,49445;;;;;Barbados_2017
Belarus;2000;98,87837;99,29858;99,4789;;80,62173;;Belarus_2000
Belarus;2001;98,87837;99,3015;99,4789;;80,80693;;Belarus_2001
Belarus;2002;98,87837;99,30439;99,4789;;80,9906;;Belarus_2002
Belarus;2003;98,87837;99,30724;99,4789;;81,17236;;Belarus_2003
Belarus;2004;98,908;99,08635;99,15609;;82,53634;;Belarus_2004
Belarus;2005;98,83868;98,83467;98,83314;;83,86742;;Belarus_2005
Belarus;2006;98,76932;98,58054;98,51006;;85,16609;;Belarus_2006
Belarus;2007;98,69988;98,32397;98,18685;;86,43282;;Belarus_2007
Belarus;2008;98,63039;98,06499;97,86351;;87,6683;;Belarus_2008
Belarus;2009;98,56084;97,8037;97,54004;;88,87239;;Belarus_2009
Belarus;2010;98,49123;97,53931;97,21643;;90,05457;;Belarus_2010
Belarus;2011;98,42156;97,27204;96,8927;;91,20509;;Belarus_2011
Belarus;2012;98,35184;97,00216;96,56883;;92,32056;;Belarus_2012
Belarus;2013;98,28205;96,72971;96,24483;;93,40166;;Belarus_2013
Belarus;2014;98,2122;96,45479;95,92071;;94,44904;;Belarus_2014
Belarus;2015;98,24153;96,46445;95,93904;;94,47331;;Belarus_2015
Belarus;2016;98,27086;96,47418;95,95737;;94,49743;;Belarus_2016
Belarus;2017;98,30019;96,48397;95,9757;;94,52139;;Belarus_2017
Belgium;2000;100,0;100,0;100,0;;99,52319;;Belgium_2000
Belgium;2001;100,0;99,99999;100,0;;99,52318;;Belgium_2001
Belgium;2002;100,0;100,0;100,0;;99,52319;;Belgium_2002
Belgium;2003;100,0;100,0;100,0;;99,52319;;Belgium_2003
Belgium;2004;100,0;100,0;100,0;;99,52319;;Belgium_2004
Belgium;2005;100,0;100,0;100,0;;99,52319;;Belgium_2005
Belgium;2006;100,0;100,0;100,0;;99,52319;;Belgium_2006
Belgium;2007;100,0;100,0;100,0;;99,52319;;Belgium_2007
Belgium;2008;100,0;100,0;100,0;;99,52319;;Belgium_2008
Belgium;2009;100,0;100,0;100,0;;99,52319;;Belgium_2009
Belgium;2010;100,0;100,0;100,0;;99,52319;;Belgium_2010
Belgium;2011;100,0;100,0;100,0;;99,52319;;Belgium_2011
Belgium;2012;100,0;100,0;100,0;;99,52319;;Belgium_2012
Belgium;2013;100,0;100,0;100,0;;99,52319;;Belgium_2013
Belgium;2014;100,0;100,0;100,0;;99,52319;;Belgium_2014
Belgium;2015;100,0;100,0;100,0;;99,52319;;Belgium_2015
Belgium;2016;100,0;100,0;100,0;;99,52319;;Belgium_2016
Belgium;2017;100,0;100,0;100,0;;99,52319;;Belgium_2017
Belize;2000;84,26453;87,43149;91,24052;;;;Belize_2000
Belize;2001;85,01118;88,08195;91,77784;;;;Belize_2001
Belize;2002;85,75784;88,7325;92,31516;;;;Belize_2002
Belize;2003;86,50449;89,38311;92,85248;;;;Belize_2003
Belize;2004;87,25114;90,0338;93,3898;;;;Belize_2004
Belize;2005;87,9978;90,68456;93,92712;;;;Belize_2005
Belize;2006;88,74445;91,33538;94,46444;;;;Belize_2006
Belize;2007;89,49111;91,98627;95,00176;;;;Belize_2007
Belize;2008;90,23776;92,63725;95,53908;;;;Belize_2008
Belize;2009;90,98442;93,28828;96,0764;;;;Belize_2009
Belize;2010;91,76142;93,93748;96,57273;;;;Belize_2010
Belize;2011;92,53892;94,5876;97,0686;;;;Belize_2011
Belize;2012;93,3169;95,23856;97,56403;;;;Belize_2012
Belize;2013;94,09538;95,89018;98,05899;;;;Belize_2013
Belize;2014;94,87436;96,5423;98,5535;;;;Belize_2014
Belize;2015;95,65383;97,1756;99,00529;;;;Belize_2015
Belize;2016;96,4338;97,58454;98,96318;;;;Belize_2016
Belize;2017;97,21426;97,99258;98,92107;;;;Belize_2017
Benin;2000;52,03753;61,4597;76,61732;;;;Benin_2000
Benin;2001;52,46617;61,78022;76,56462;;;;Benin_2001
Benin;2002;52,88915;62,11044;76,51169;;;;Benin_2002
Benin;2003;53,30647;62,45986;76,45853;;;;Benin_2003
Benin;2004;53,71812;62,80177;76,40513;;;;Benin_2004
Benin;2005;54,12411;63,13576;76,35149;;;;Benin_2005
Benin;2006;54,52445;63,46212;76,29763;;;;Benin_2006
Benin;2007;54,91912;63,78112;76,24353;;;;Benin_2007
Benin;2008;55,30813;64,09259;76,1892;;;;Benin_2008
Benin;2009;55,69148;64,39618;76,13464;;;;Benin_2009
Benin;2010;56,06916;64,69237;76,07984;;;;Benin_2010
Benin;2011;56,44119;64,98122;76,02481;;;;Benin_2011
Benin;2012;56,80756;65,26279;75,96955;;;;Benin_2012
Benin;2013;57,16826;65,53676;75,91405;;;;Benin_2013
Benin;2014;57,5233;65,8045;75,85833;;;;Benin_2014
Benin;2015;57,87268;66,06565;75,80237;;;;Benin_2015
Benin;2016;58,2164;66,32024;75,74618;;;;Benin_2016
Benin;2017;58,2164;66,41473;75,74618;;;;Benin_2017
Bhutan;2000;78,30089;82,73643;95,75127;21,73112;28,55129;48,56318;Bhutan_2000
Bhutan;2001;79,67268;83,94121;95,79252;22,11184;29,12169;48,5841;Bhutan_2001
Bhutan;2002;80,87419;85,03076;95,95062;22,49256;29,69176;48,60502;Bhutan_2002
Bhutan;2003;82,06995;86,09742;96,10883;22,87328;30,2612;48,62593;Bhutan_2003
Bhutan;2004;83,25993;87,14063;96,26714;23,25399;30,82995;48,64685;Bhutan_2004
Bhutan;2005;84,44415;88,15419;96,42555;23,63471;31,3862;48,66777;Bhutan_2005
Bhutan;2006;85,62261;89,09871;96,58406;24,01543;31,83981;48,68869;Bhutan_2006
Bhutan;2007;86,7953;90,02512;96,74267;24,39615;32,29049;48,7096;Bhutan_2007
Bhutan;2008;87,96223;90,93324;96,90138;24,77687;32,7381;48,73052;Bhutan_2008
Bhutan;2009;89,1234;91,8227;97,0602;25,15759;33,18185;48,75143;Bhutan_2009
Bhutan;2010;90,27879;92,69353;97,21911;25,5383;33,62213;48,77235;Bhutan_2010
Bhutan;2011;91,42843;93,54562;97,37812;25,91902;34,05882;48,79327;Bhutan_2011
Bhutan;2012;92,5723;94,3781;97,53723;26,29974;34,48847;48,81419;Bhutan_2012
Bhutan;2013;93,71041;95,19118;97,69645;26,68046;34,91069;48,8351;Bhutan_2013
Bhutan;2014;94,84275;95,98522;97,85576;27,06118;35,32534;48,85602;Bhutan_2014
Bhutan;2015;96,12806;96,81251;97,89766;27,42791;35,72396;48,87694;Bhutan_2015
Bhutan;2016;96,73119;97,20763;97,93955;27,6;35,99732;48,89785;Bhutan_2016
Bhutan;2017;96,73119;97,23338;97,98145;27,6;36,16311;48,91877;Bhutan_2017
Bolivia (Plurinational State of);2000;54,221;79,47904;95,10022;;;;Bolivia (Plurinational State of)_2000
Bolivia (Plurinational State of);2001;55,65392;80,39053;95,35572;;;;Bolivia (Plurinational State of)_2001
Bolivia (Plurinational State of);2002;57,09161;81,27538;95,61122;;;;Bolivia (Plurinational State of)_2002
Bolivia (Plurinational State of);2003;58,53408;82,14623;95,86672;;;;Bolivia (Plurinational State of)_2003
Bolivia (Plurinational State of);2004;59,98132;83,00706;96,12223;;;;Bolivia (Plurinational State of)_2004
Bolivia (Plurinational State of);2005;61,43335;83,85716;96,37774;;;;Bolivia (Plurinational State of)_2005
Bolivia (Plurinational State of);2006;62,89014;84,69763;96,63325;;;;Bolivia (Plurinational State of)_2006
Bolivia (Plurinational State of);2007;64,35172;85,52747;96,88876;;;;Bolivia (Plurinational State of)_2007
Bolivia (Plurinational State of);2008;65,81808;86,34769;97,14426;;;;Bolivia (Plurinational State of)_2008
Bolivia (Plurinational State of);2009;67,28163;87,15479;97,39978;;;;Bolivia (Plurinational State of)_2009
Bolivia (Plurinational State of);2010;68,63637;87,91364;97,6553;;;;Bolivia (Plurinational State of)_2010
Bolivia (Plurinational State of);2011;69,99111;88,6619;97,91046;;;;Bolivia (Plurinational State of)_2011
Bolivia (Plurinational State of);2012;71,34585;89,39959;98,16563;;;;Bolivia (Plurinational State of)_2012
Bolivia (Plurinational State of);2013;72,70058;90,11292;98,4208;;;;Bolivia (Plurinational State of)_2013
Bolivia (Plurinational State of);2014;74,05533;90,80893;98,67597;;;;Bolivia (Plurinational State of)_2014
Bolivia (Plurinational State of);2015;75,41006;91,49683;98,93114;;;;Bolivia (Plurinational State of)_2015
Bolivia (Plurinational State of);2016;76,7648;92,1769;99,18631;;;;Bolivia (Plurinational State of)_2016
Bolivia (Plurinational State of);2017;78,11954;92,84873;99,44147;;;;Bolivia (Plurinational State of)_2017
Bosnia and Herzegovina;2000;96,25556;97,2697;98,64832;;87,34998;;Bosnia and Herzegovina_2000
Bosnia and Herzegovina;2001;96,35999;97,22156;98,3778;;87,47272;;Bosnia and Herzegovina_2001
Bosnia and Herzegovina;2002;96,46407;97,17081;98,10712;;87,59462;;Bosnia and Herzegovina_2002
Bosnia and Herzegovina;2003;96,56778;97,11742;97,83627;;87,71558;;Bosnia and Herzegovina_2003
Bosnia and Herzegovina;2004;96,67113;97,06139;97,56524;;87,83569;;Bosnia and Herzegovina_2004
Bosnia and Herzegovina;2005;96,77412;97,00271;97,29405;;87,95483;;Bosnia and Herzegovina_2005
Bosnia and Herzegovina;2006;96,87675;96,94138;97,02269;;88,07303;;Bosnia and Herzegovina_2006
Bosnia and Herzegovina;2007;96,97903;96,8774;96,75116;;88,19037;;Bosnia and Herzegovina_2007
Bosnia and Herzegovina;2008;97,08093;96,81075;96,47946;;88,30676;;Bosnia and Herzegovina_2008
Bosnia and Herzegovina;2009;97,18248;96,74146;96,20759;;88,42222;;Bosnia and Herzegovina_2009
Bosnia and Herzegovina;2010;97,28367;96,66949;95,93555;;88,53674;;Bosnia and Herzegovina_2010
Bosnia and Herzegovina;2011;97,3845;96,59486;95,66335;;88,65034;;Bosnia and Herzegovina_2011
Bosnia and Herzegovina;2012;97,35945;96,45003;95,39097;;88,70229;;Bosnia and Herzegovina_2012
Bosnia and Herzegovina;2013;97,425;96,35201;95,11842;;88,79768;;Bosnia and Herzegovina_2013
Bosnia and Herzegovina;2014;97,33334;96,16813;94,8457;;88,81718;;Bosnia and Herzegovina_2014
Bosnia and Herzegovina;2015;97,33334;96,15984;94,8457;;88,82513;;Bosnia and Herzegovina_2015
Bosnia and Herzegovina;2016;97,33334;96,15126;94,8457;;88,83336;;Bosnia and Herzegovina_2016
Bosnia and Herzegovina;2017;97,33334;96,14236;94,8457;;88,8419;;Bosnia and Herzegovina_2017
Botswana;2000;53,57892;75,19897;94,20359;;;84,02139;Botswana_2000
Botswana;2001;53,68024;75,54352;94,12136;;;83,94804;Botswana_2001
Botswana;2002;53,78156;75,75011;94,03912;;;83,8747;Botswana_2002
Botswana;2003;53,88288;75,9352;93,95689;;;83,80135;Botswana_2003
Botswana;2004;53,9842;76,11861;93,87465;;;83,728;Botswana_2004
Botswana;2005;54,08552;76,29915;93,79242;;;83,65466;Botswana_2005
Botswana;2006;55,83842;77,40119;94,07028;;;84,03082;Botswana_2006
Botswana;2007;57,59751;78,88605;94,34751;;;83,95708;Botswana_2007
Botswana;2008;59,36277;80,32352;94,62411;;;83,88334;Botswana_2008
Botswana;2009;61,13421;81,71011;94,90008;;;83,8096;Botswana_2009
Botswana;2010;62,91182;83,04817;95,17541;;;83,73586;Botswana_2010
Botswana;2011;64,69561;84,33698;95,45011;;;83,66212;Botswana_2011
Botswana;2012;66,48558;85,42284;95,72418;;;83,58837;Botswana_2012
Botswana;2013;68,28172;86,45559;95,99762;;;83,51463;Botswana_2013
Botswana;2014;70,08404;87,46342;96,27043;;;83,44089;Botswana_2014
Botswana;2015;71,89253;88,44628;96,5426;;;83,36715;Botswana_2015
Botswana;2016;73,70721;89,40444;96,81415;;;83,29341;Botswana_2016
Botswana;2017;75,52805;90,33772;97,08505;;;83,21967;Botswana_2017
Brazil;2000;74,07692;93,65429;98,18935;;;91,21861;Brazil_2000
Brazil;2001;74,93878;93,95515;98,25658;;;91,28107;Brazil_2001
Brazil;2002;75,80064;94,24261;98,32382;;;91,34353;Brazil_2002
Brazil;2003;76,66251;94,52402;98,39105;;;91,40599;Brazil_2003
Brazil;2004;77,52437;94,79925;98,45829;;;91,46844;Brazil_2004
Brazil;2005;78,38623;95,06841;98,52552;;;91,53091;Brazil_2005
Brazil;2006;79,24809;95,33183;98,59275;;;91,59337;Brazil_2006
Brazil;2007;80,10995;95,58958;98,65999;;;91,65583;Brazil_2007
Brazil;2008;80,97181;95,84179;98,72722;;;91,71829;Brazil_2008
Brazil;2009;81,83367;96,08819;98,79446;;;91,78075;Brazil_2009
Brazil;2010;82,69553;96,32925;98,86169;;;91,84321;Brazil_2010
Brazil;2011;83,5574;96,56647;98,92892;;;91,90567;Brazil_2011
Brazil;2012;84,41926;96,79839;98,99615;;;91,96813;Brazil_2012
Brazil;2013;85,28111;97,02485;99,06339;;;92,03059;Brazil_2013
Brazil;2014;86,14297;97,24637;99,13062;;;92,09305;Brazil_2014
Brazil;2015;87,00484;97,60592;99,36473;;;92,15551;Brazil_2015
Brazil;2016;87,8667;97,84798;99,46718;;;92,21797;Brazil_2016
Brazil;2017;89,73862;98,19339;99,53455;;;92,28043;Brazil_2017
Brunei Darussalam;2000;;99,90001;;;;;Brunei Darussalam_2000
Brunei Darussalam;2001;;99,90001;;;;;Brunei Darussalam_2001
Brunei Darussalam;2002;;99,90001;;;;;Brunei Darussalam_2002
Brunei Darussalam;2003;;99,90001;;;;;Brunei Darussalam_2003
Brunei Darussalam;2004;;99,90001;;;;;Brunei Darussalam_2004
Brunei Darussalam;2005;;99,90001;;;;;Brunei Darussalam_2005
Brunei Darussalam;2006;;99,90001;;;;;Brunei Darussalam_2006
Brunei Darussalam;2007;;99,90001;;;;;Brunei Darussalam_2007
Brunei Darussalam;2008;;99,90001;;;;;Brunei Darussalam_2008
Brunei Darussalam;2009;;99,90001;;;;;Brunei Darussalam_2009
Brunei Darussalam;2010;;99,90001;;;;;Brunei Darussalam_2010
Brunei Darussalam;2011;;99,90001;;;;;Brunei Darussalam_2011
Brunei Darussalam;2012;;99,90001;;;;;Brunei Darussalam_2012
Brunei Darussalam;2013;;99,90001;;;;;Brunei Darussalam_2013
Brunei Darussalam;2014;;99,90001;;;;;Brunei Darussalam_2014
Brunei Darussalam;2015;;99,90001;;;;;Brunei Darussalam_2015
Brunei Darussalam;2016;;99,90001;;;;;Brunei Darussalam_2016
Brunei Darussalam;2017;;99,90001;;;;;Brunei Darussalam_2017
Bulgaria;2000;99,47295;99,74083;99,86176;;96,83743;;Bulgaria_2000
Bulgaria;2001;99,47243;99,74168;99,86172;;96,83825;;Bulgaria_2001
Bulgaria;2002;99,4719;99,73834;99,85513;;96,83501;;Bulgaria_2002
Bulgaria;2003;99,43784;99,71145;99,82938;;96,80889;;Bulgaria_2003
Bulgaria;2004;99,33842;99,66514;99,80362;;96,76394;;Bulgaria_2004
Bulgaria;2005;99,23898;99,61935;99,77786;;96,71947;;Bulgaria_2005
Bulgaria;2006;99,13956;99,57405;99,75211;;96,6755;;Bulgaria_2006
Bulgaria;2007;99,04013;99,52925;99,72635;;96,632;;Bulgaria_2007
Bulgaria;2008;98,9407;99,48495;99,7006;;96,589;;Bulgaria_2008
Bulgaria;2009;98,84127;99,44113;99,67484;;96,70982;;Bulgaria_2009
Bulgaria;2010;98,74184;99,3978;99,64909;;96,83096;;Bulgaria_2010
Bulgaria;2011;98,64242;99,35493;99,62333;;96,95243;;Bulgaria_2011
Bulgaria;2012;98,54299;99,31258;99,59757;;97,07426;;Bulgaria_2012
Bulgaria;2013;98,44357;99,27072;99,57182;;97,03456;;Bulgaria_2013
Bulgaria;2014;98,34413;99,22936;99,54606;;97,01165;;Bulgaria_2014
Bulgaria;2015;98,24471;99,18851;99,5203;;96,98926;;Bulgaria_2015
Bulgaria;2016;98,14528;99,14818;99,49454;;96,96734;;Bulgaria_2016
Bulgaria;2017;98,04585;99,10835;99,46879;;96,94594;;Bulgaria_2017
Burkina Faso;2000;50,78503;54,91951;73,95518;;;;Burkina Faso_2000
Burkina Faso;2001;50,78503;55,08078;73,95518;;;;Burkina Faso_2001
Burkina Faso;2002;49,86592;54,57504;74,31876;;;;Burkina Faso_2002
Burkina Faso;2003;48,93773;54,08577;74,68311;;;;Burkina Faso_2003
Burkina Faso;2004;48,00047;53,61477;75,04821;;;;Burkina Faso_2004
Burkina Faso;2005;47,05412;53,16201;75,41408;;;;Burkina Faso_2005
Burkina Faso;2006;46,09871;52,72937;75,78071;;;;Burkina Faso_2006
Burkina Faso;2007;45,13421;52,26617;76,1481;;;;Burkina Faso_2007
Burkina Faso;2008;44,16063;51,77521;76,51627;;;;Burkina Faso_2008
Burkina Faso;2009;43,17798;51,29434;76,88519;;;;Burkina Faso_2009
Burkina Faso;2010;42,18625;50,8247;77,25488;;;;Burkina Faso_2010
Burkina Faso;2011;41,18544;50,36684;77,62532;;;;Burkina Faso_2011
Burkina Faso;2012;40,17556;49,92089;77,99654;;;;Burkina Faso_2012
Burkina Faso;2013;39,15659;49,48737;78,36852;;;;Burkina Faso_2013
Burkina Faso;2014;38,12855;49,06718;78,74126;;;;Burkina Faso_2014
Burkina Faso;2015;37,09143;48,66046;79,11476;;;;Burkina Faso_2015
Burkina Faso;2016;36,04524;48,26772;79,48904;;;;Burkina Faso_2016
Burkina Faso;2017;34,98996;47,88813;79,86407;;;;Burkina Faso_2017
Burundi;2000;47,84253;50,66312;82,04812;;;;Burundi_2000
Burundi;2001;48,34402;51,23447;82,50614;;;;Burundi_2001
Burundi;2002;48,84735;51,80933;82,96368;;;;Burundi_2002
Burundi;2003;49,35253;52,38733;83,42075;;;;Burundi_2003
Burundi;2004;49,85955;52,96843;83,87734;;;;Burundi_2004
Burundi;2005;50,36841;53,55263;84,33345;;;;Burundi_2005
Burundi;2006;50,87911;54,14023;84,78909;;;;Burundi_2006
Burundi;2007;51,39165;54,73087;85,24426;;;;Burundi_2007
Burundi;2008;51,90603;55,3252;85,69894;;;;Burundi_2008
Burundi;2009;52,42226;55,92218;86,15315;;;;Burundi_2009
Burundi;2010;52,94032;56,52312;86,6069;;;;Burundi_2010
Burundi;2011;53,46023;57,12766;87,06015;;;;Burundi_2011
Burundi;2012;53,98198;57,73544;87,51294;;;;Burundi_2012
Burundi;2013;54,50557;58,34741;87,96525;;;;Burundi_2013
Burundi;2014;55,03099;58,96254;88,41708;;;;Burundi_2014
Burundi;2015;55,55827;59,58147;88,86844;;;;Burundi_2015
Burundi;2016;56,08738;60,20415;89,31932;;;;Burundi_2016
Burundi;2017;56,61833;60,83055;89,76972;;;;Burundi_2017
Cabo Verde;2000;70,31297;78,77496;86,14902;;;;Cabo Verde_2000
Cabo Verde;2001;70,41384;78,95663;86,14902;;;;Cabo Verde_2001
Cabo Verde;2002;70,51471;79,13641;86,14902;;;;Cabo Verde_2002
Cabo Verde;2003;70,61558;79,31384;86,14902;;;;Cabo Verde_2003
Cabo Verde;2004;70,71644;79,82119;86,73296;;;;Cabo Verde_2004
Cabo Verde;2005;70,81731;80,33575;87,3169;;;;Cabo Verde_2005
Cabo Verde;2006;70,91817;80,85796;87,90084;;;;Cabo Verde_2006
Cabo Verde;2007;71,01904;81,38723;88,48479;;;;Cabo Verde_2007
Cabo Verde;2008;71,11991;81,92402;89,06873;;;;Cabo Verde_2008
Cabo Verde;2009;71,22078;82,46719;89,65267;;;;Cabo Verde_2009
Cabo Verde;2010;71,32165;83,01506;90,23661;;;;Cabo Verde_2010
Cabo Verde;2011;71,42251;83,51176;90,82056;;;;Cabo Verde_2011
Cabo Verde;2012;71,52338;84,01289;91,4045;;;;Cabo Verde_2012
Cabo Verde;2013;71,62424;84,51824;91,98844;;;;Cabo Verde_2013
Cabo Verde;2014;71,72511;85,02776;92,57238;;;;Cabo Verde_2014
Cabo Verde;2015;72,8726;85,87881;93,1;;;;Cabo Verde_2015
Cabo Verde;2016;74,32441;86,48798;93,1;;;;Cabo Verde_2016
Cabo Verde;2017;75,78001;87,08321;93,1;;;;Cabo Verde_2017
Cambodia;2000;47,04868;52,34763;75,55914;10,80921;16,87518;43,4465;Cambodia_2000
Cambodia;2001;48,56391;53,86402;76,90221;11,15437;17,3384;44,21877;Cambodia_2001
Cambodia;2002;50,07994;55,37462;78,21317;11,49953;17,80264;44,99103;Cambodia_2002
Cambodia;2003;51,59677;56,88014;79,49651;11,8447;18,26786;45,7633;Cambodia_2003
Cambodia;2004;53,11439;58,38566;80,77785;12,18986;18,73443;46,53556;Cambodia_2004
Cambodia;2005;54,6328;59,89115;82,05719;12,53502;19,20236;47,30783;Cambodia_2005
Cambodia;2006;56,15201;61,39634;83,33453;12,88019;19,6713;48,08009;Cambodia_2006
Cambodia;2007;57,67202;62,90147;84,60988;13,22535;20,14162;48,85236;Cambodia_2007
Cambodia;2008;59,19283;64,4164;85,88323;13,57051;20,62666;49,62462;Cambodia_2008
Cambodia;2009;60,71442;65,98395;87,15458;13,91568;21,18638;50,39688;Cambodia_2009
Cambodia;2010;62,23682;67,55123;88,42393;14,26084;21,75101;51,16915;Cambodia_2010
Cambodia;2011;63,76001;69,11819;89,69129;14,606;22,32062;51,94141;Cambodia_2011
Cambodia;2012;65,284;70,68475;90,95666;14,95117;22,89527;52,71368;Cambodia_2012
Cambodia;2013;66,80878;72,2506;92,22002;15,29633;23,47464;53,48594;Cambodia_2013
Cambodia;2014;68,33435;73,81615;93,48138;15,64149;24,05955;54,25821;Cambodia_2014
Cambodia;2015;69,86073;75,3811;94,74075;15,98666;24,6497;55,03047;Cambodia_2015
Cambodia;2016;71,38789;76,94537;95,99812;16,33182;25,24514;55,80273;Cambodia_2016
Cambodia;2017;72,89664;78,51066;97,32665;16,67698;25,84555;56,575;Cambodia_2017
Cameroon;2000;37,93732;59,17722;84,57535;;;;Cameroon_2000
Cameroon;2001;38,10889;59,35527;84,15752;;;;Cameroon_2001
Cameroon;2002;38,26654;59,5176;83,73504;;;;Cameroon_2002
Cameroon;2003;38,41027;59,6639;83,30788;;;;Cameroon_2003
Cameroon;2004;38,54007;59,79475;82,87607;;;;Cameroon_2004
Cameroon;2005;38,65596;59,90897;82,43958;;;;Cameroon_2005
Cameroon;2006;38,75793;60,00761;81,99844;;;;Cameroon_2006
Cameroon;2007;38,84598;60,09083;81,55262;;;;Cameroon_2007
Cameroon;2008;38,92011;60,15876;81,10215;;;;Cameroon_2008
Cameroon;2009;38,98032;60,21116;80,647;;;;Cameroon_2009
Cameroon;2010;39,02661;60,2486;80,18719;;;;Cameroon_2010
Cameroon;2011;39,05898;60,27082;79,72272;;;;Cameroon_2011
Cameroon;2012;39,07743;60,27799;79,25359;;;;Cameroon_2012
Cameroon;2013;39,08195;60,26988;78,77979;;;;Cameroon_2013
Cameroon;2014;39,07256;60,24668;78,30132;;;;Cameroon_2014
Cameroon;2015;39,04925;60,20856;77,81819;;;;Cameroon_2015
Cameroon;2016;39,01202;60,15572;77,3304;;;;Cameroon_2016
Cameroon;2017;39,01202;60,38486;77,3304;;;;Cameroon_2017
Canada;2000;98,1768;99,11182;99,35326;;98,21185;;Canada_2000
Canada;2001;98,1768;99,11573;99,35326;;98,21967;;Canada_2001
Canada;2002;98,1768;99,11665;99,35326;;98,22151;;Canada_2002
Canada;2003;98,1768;99,11758;99,35326;;98,22337;;Canada_2003
Canada;2004;98,1768;99,11849;99,35326;;98,22521;;Canada_2004
Canada;2005;98,23095;99,14313;99,36944;;98,27436;;Canada_2005
Canada;2006;98,2851;99,16786;99,38562;;98,32373;;Canada_2006
Canada;2007;98,33925;99,1935;99,4018;;98,37495;;Canada_2007
Canada;2008;98,3934;99,21899;99,41798;;98,42589;;Canada_2008
Canada;2009;98,44755;99,24432;99,43416;;98,47654;;Canada_2009
Canada;2010;98,5017;99,2695;99,45034;;98,52692;;Canada_2010
Canada;2011;98,55585;99,29436;99,46651;;98,57668;;Canada_2011
Canada;2012;98,61;99,31808;99,4827;;98,62414;;Canada_2012
Canada;2013;98,66415;99,34177;99,49888;;98,67155;;Canada_2013
Canada;2014;98,7183;99,36541;99,51506;;98,71889;;Canada_2014
Canada;2015;98,77245;99,38903;99,53123;;98,76622;;Canada_2015
Canada;2016;98,8266;99,41262;99,54742;;98,8135;;Canada_2016
Canada;2017;98,88074;99,43624;99,5636;;98,86086;;Canada_2017
Central African Republic;2000;44,00963;58,26147;81,87418;;;;Central African Republic_2000
Central African Republic;2001;43,20408;57,25076;80,44343;;;;Central African Republic_2001
Central African Republic;2002;42,38949;56,23397;79,01315;;;;Central African Republic_2002
Central African Republic;2003;41,56586;55,21073;77,58335;;;;Central African Republic_2003
Central African Republic;2004;40,73318;54,18106;76,15402;;;;Central African Republic_2004
Central African Republic;2005;39,89146;53,1523;74,72516;;;;Central African Republic_2005
Central African Republic;2006;39,04069;52,12411;73,29677;;;;Central African Republic_2006
Central African Republic;2007;38,18088;51,09652;71,86886;;;;Central African Republic_2007
Central African Republic;2008;37,31203;50,06883;70,44141;;;;Central African Republic_2008
Central African Republic;2009;36,43413;49,04075;69,01444;;;;Central African Republic_2009
Central African Republic;2010;35,54718;48,01232;67,58794;;;;Central African Republic_2010
Central African Republic;2011;34,6512;46,98291;66,16191;;;;Central African Republic_2011
Central African Republic;2012;33,74616;45,95258;64,73635;;;;Central African Republic_2012
Central African Republic;2013;33,74616;46,0378;64,73635;;;;Central African Republic_2013
Central African Republic;2014;33,74616;46,12954;64,73635;;;;Central African Republic_2014
Central African Republic;2015;33,74616;46,22808;64,73635;;;;Central African Republic_2015
Central African Republic;2016;33,74616;46,33376;64,73635;;;;Central African Republic_2016
Chad;2000;31,73133;41,41298;76,47713;;;;Chad_2000
Chad;2001;31,61752;41,2723;76,17123;;;;Chad_2001
Chad;2002;31,50131;41,12691;75,85481;;;;Chad_2002
Chad;2003;31,38272;40,97767;75,52791;;;;Chad_2003
Chad;2004;31,26172;40,82414;75,19051;;;;Chad_2004
Chad;2005;31,13834;40,66631;74,8426;;;;Chad_2005
Chad;2006;31,01256;40,50416;74,4842;;;;Chad_2006
Chad;2007;30,88438;40,33812;74,1153;;;;Chad_2007
Chad;2008;30,75382;40,16732;73,73592;;;;Chad_2008
Chad;2009;30,62086;39,99219;73,34602;;;;Chad_2009
Chad;2010;30,4855;39,82036;72,94563;;;;Chad_2010
Chad;2011;30,34775;39,65167;72,53475;;;;Chad_2011
Chad;2012;30,20761;39,48639;72,11337;;;;Chad_2012
Chad;2013;30,06508;39,32389;71,68149;;;;Chad_2013
Chad;2014;29,92015;39,16402;71,23911;;;;Chad_2014
Chad;2015;29,77282;39,00699;70,78624;;;;Chad_2015
Chad;2016;29,62311;38,85259;70,32287;;;;Chad_2016
Chad;2017;29,471;38,7006;69,849;;;;Chad_2017
Chile;2000;74,56094;95,68061;99,09786;;91,96177;97,91734;Chile_2000
Chile;2001;76,13453;96,01058;99,14908;;92,49178;98,04008;Chile_2001
Chile;2002;77,70811;96,32163;99,20029;;92,99738;98,1629;Chile_2002
Chile;2003;79,2817;96,58852;99,2515;;93,4314;98,28579;Chile_2003
Chile;2004;80,85529;96,85381;99,30271;;93,86896;98,40875;Chile_2004
Chile;2005;82,42887;97,11694;99,35392;;94,30896;98,53179;Chile_2005
Chile;2006;84,00246;97,37846;99,40514;;94,75235;98,57747;Chile_2006
Chile;2007;85,57604;97,63802;99,45634;;95,19843;98,59498;Chile_2007
Chile;2008;87,14963;97,89596;99,50756;;95,6477;98,61246;Chile_2008
Chile;2009;88,72321;98,15199;99,55877;;96,09956;98,62991;Chile_2009
Chile;2010;90,2968;98,40616;99,60999;;96,55402;98,64731;Chile_2010
Chile;2011;91,87038;98,65868;99,66119;;97,01143;98,66469;Chile_2011
Chile;2012;93,44397;98,90936;99,7124;;97,47133;98,68203;Chile_2012
Chile;2013;95,01756;99,1583;99,76362;;97,93385;98,69933;Chile_2013
Chile;2014;96,59114;99,40007;99,80859;;98,31007;98,71043;Chile_2014
Chile;2015;98,16473;99,60089;99,80869;;98,4758;98,67714;Chile_2015
Chile;2016;98,32522;99,62218;99,80878;;98,46397;98,64385;Chile_2016
Chile;2017;100,0;99,83279;99,80888;;98,63917;98,61056;Chile_2017
China;2000;70,40273;80,39258;98,24744;;;93,28438;China_2000
China;2001;70,40273;80,73117;98,24744;;;93,28438;China_2001
China;2002;71,40005;81,70317;98,21362;;;93,22449;China_2002
China;2003;72,39563;82,65153;98,17977;;;93,1646;China_2003
China;2004;73,38948;83,57525;98,14588;;;93,10471;China_2004
China;2005;74,38159;84,47221;98,11195;;;93,04483;China_2005
China;2006;75,37196;85,33264;98,07798;;;92,98494;China_2006
China;2007;76,36061;86,16128;98,04398;;;92,92506;China_2007
China;2008;77,34751;86,9636;98,00993;;;92,86517;China_2008
China;2009;78,33269;87,73784;97,97585;;;92,80527;China_2009
China;2010;79,31612;88,48477;97,94173;;;92,74539;China_2010
China;2011;80,29783;89,19269;97,90759;;;92,6855;China_2011
China;2012;81,27779;89,8685;97,87339;;;92,62562;China_2012
China;2013;82,25603;90,51711;97,83916;;;92,56573;China_2013
China;2014;83,23253;91,13934;97,80489;;;92,50584;China_2014
China;2015;84,20729;91,73492;97,77058;;;92,44595;China_2015
China;2016;85,18032;92,30405;97,73624;;;92,38606;China_2016
China;2017;86,15161;92,84614;97,70186;;;92,32618;China_2017
Colombia;2000;71,10395;90,93352;97,91624;32,90057;68,26307;80,71552;Colombia_2000
Colombia;2001;72,0077;91,36841;98,03751;33,32154;68,64867;80,81765;Colombia_2001
Colombia;2002;72,9113;91,79565;98,15877;33,74252;69,02969;80,91978;Colombia_2002
Colombia;2003;73,81474;92,21532;98,28002;34,16349;69,40617;81,0219;Colombia_2003
Colombia;2004;74,71803;92,6273;98,40127;34,58447;69,77769;81,12403;Colombia_2004
Colombia;2005;75,62117;93,03168;98,52251;35,00544;70,14428;81,22616;Colombia_2005
Colombia;2006;76,52415;93,4286;98,64374;35,42641;70,506;81,32829;Colombia_2006
Colombia;2007;77,42699;93,81797;98,76497;35,84739;70,78502;81,32962;Colombia_2007
Colombia;2008;78,32967;94,20013;98,88618;36,26836;71,05829;81,3307;Colombia_2008
Colombia;2009;79,23219;94,57518;99,0074;36,68933;71,32587;81,33153;Colombia_2009
Colombia;2010;80,13457;94,94308;99,12861;37,1103;71,58739;81,3321;Colombia_2010
Colombia;2011;81,03679;95,30396;99,2498;37,53128;71,8429;81,33242;Colombia_2011
Colombia;2012;81,93886;95,65812;99,37099;37,95225;72,09293;81,33249;Colombia_2012
Colombia;2013;82,84077;96,00555;99,49219;38,37322;72,3371;81,33231;Colombia_2013
Colombia;2014;83,74254;96,34635;99,61337;38,7942;72,57549;81,33187;Colombia_2014
Colombia;2015;84,64415;96,68085;99,73454;39,21517;72,80859;81,33118;Colombia_2015
Colombia;2016;85,54561;96,96181;99,79662;39,63614;72,99789;81,28211;Colombia_2016
Colombia;2017;86,44691;97,30011;99,93819;40,05711;73,23343;81,29758;Colombia_2017
Comoros;2000;91,45377;90,94792;89,65234;;;;Comoros_2000
Comoros;2001;91,14861;90,84136;90,05271;;;;Comoros_2001
Comoros;2002;90,04193;90,00564;89,91227;;;;Comoros_2002
Comoros;2003;88,94064;89,1716;89,76704;;;;Comoros_2003
Comoros;2004;87,84474;88,33926;89,61703;;;;Comoros_2004
Comoros;2005;86,75423;87,50908;89,46223;;;;Comoros_2005
Comoros;2006;85,66909;86,68151;89,30264;;;;Comoros_2006
Comoros;2007;84,58935;85,85699;89,13827;;;;Comoros_2007
Comoros;2008;83,51498;85,03592;88,96911;;;;Comoros_2008
Comoros;2009;82,44601;84,21875;88,79516;;;;Comoros_2009
Comoros;2010;81,38241;83,40598;88,61642;;;;Comoros_2010
Comoros;2011;80,3242;82,59788;88,43289;;;;Comoros_2011
Comoros;2012;79,27138;81,79491;88,24458;;;;Comoros_2012
Comoros;2013;78,22394;80,99757;88,05148;;;;Comoros_2013
Comoros;2014;77,18188;80,20603;87,85359;;;;Comoros_2014
Comoros;2015;76,91172;80,132;88,22285;;;;Comoros_2015
Comoros;2016;76,91172;80,14886;88,22285;;;;Comoros_2016
Comoros;2017;76,91172;80,16752;88,22285;;;;Comoros_2017
Congo;2000;18,01044;57,15587;84,7034;6,94979;27,42229;41,82925;Congo_2000
Congo;2001;18,01044;57,46333;84,7034;6,94979;27,58308;41,82925;Congo_2001
Congo;2002;18,24271;57,95336;84,85231;6,94979;27,78181;41,89287;Congo_2002
Congo;2003;18,47499;58,44133;85,00128;6,94979;27,98041;41,95649;Congo_2003
Congo;2004;20,18315;59,50973;85,15031;7,66039;29,5764;43,86545;Congo_2004
Congo;2005;21,92796;60,57694;85,29941;8,39472;31,19525;45,77999;Congo_2005
Congo;2006;23,70942;61,64257;85,44856;9,15279;32,83666;47,70013;Congo_2006
Congo;2007;25,52753;62,70681;85,59778;9,93459;34,50071;49,62586;Congo_2007
Congo;2008;27,3823;63,77039;85,74706;10,74013;36,18792;51,55717;Congo_2008
Congo;2009;29,27371;64,83276;85,89639;11,56941;37,89809;53,49407;Congo_2009
Congo;2010;31,20177;65,89391;86,04579;12,42242;39,63144;55,43655;Congo_2010
Congo;2011;33,16648;66,95218;86,19526;13,29917;41,3869;57,38463;Congo_2011
Congo;2012;35,16785;68,00757;86,34478;14,19966;42,42858;58,19118;Congo_2012
Congo;2013;37,20586;69,05954;86,49436;15,12388;43,01324;58,27823;Congo_2013
Congo;2014;39,28052;70,10705;86,644;16,07184;43,59852;58,36527;Congo_2014
Congo;2015;41,39183;71,14958;86,79371;17,04354;44,18409;58,45232;Congo_2015
Congo;2016;43,5398;72,18665;86,94347;18,03897;44,76963;58,53936;Congo_2016
Congo;2017;45,72441;73,21776;87,0933;19,05814;45,35481;58,6264;Congo_2017
Cook Islands;2000;;99,897;;;;;Cook Islands_2000
Cook Islands;2001;;99,89565;;;;;Cook Islands_2001
Cook Islands;2002;;99,89432;;;;;Cook Islands_2002
Cook Islands;2003;;99,89298;;;;;Cook Islands_2003
Cook Islands;2004;;99,89164;;;;;Cook Islands_2004
Cook Islands;2005;;99,8903;;;;;Cook Islands_2005
Cook Islands;2006;;99,88897;;;;;Cook Islands_2006
Cook Islands;2007;;99,88763;;;;;Cook Islands_2007
Cook Islands;2008;;99,88629;;;;;Cook Islands_2008
Cook Islands;2009;;99,88495;;;;;Cook Islands_2009
Cook Islands;2010;;99,88361;;;;;Cook Islands_2010
Cook Islands;2011;;99,88228;;;;;Cook Islands_2011
Cook Islands;2012;;99,88094;;;;;Cook Islands_2012
Cook Islands;2013;;99,8796;;;;;Cook Islands_2013
Cook Islands;2014;;99,8796;;;;;Cook Islands_2014
Cook Islands;2015;;99,8796;;;;;Cook Islands_2015
Cook Islands;2016;;99,8796;;;;;Cook Islands_2016
Cook Islands;2017;;99,8796;;;;;Cook Islands_2017
Costa Rica;2000;87,01642;94,10867;99,02661;73,7723;86,7074;95,67689;Costa Rica_2000
Costa Rica;2001;87,80228;94,61195;99,07469;74,43855;87,29669;95,72334;Costa Rica_2001
Costa Rica;2002;88,58814;95,09359;99,12276;75,1048;87,86605;95,76979;Costa Rica_2002
Costa Rica;2003;89,374;95,55385;99,17085;75,77105;88,41556;95,81624;Costa Rica_2003
Costa Rica;2004;90,15986;95,99281;99,21892;76,4373;88,94492;95,86269;Costa Rica_2004
Costa Rica;2005;90,94572;96,41047;99,267;77,10355;89,45356;95,90914;Costa Rica_2005
Costa Rica;2006;91,73158;96,80759;99,31507;77,76981;89,94246;95,9556;Costa Rica_2006
Costa Rica;2007;92,51744;97,18443;99,36315;78,43605;90,41149;96,00204;Costa Rica_2007
Costa Rica;2008;93,30331;97,54159;99,41122;79,1023;90,86127;96,04849;Costa Rica_2008
Costa Rica;2009;94,08916;97,87914;99,4593;79,76855;91,2909;96,09495;Costa Rica_2009
Costa Rica;2010;94,87503;98,19809;99,50738;80,43481;91,70208;96,1414;Costa Rica_2010
Costa Rica;2011;95,66089;98,49878;99,55546;81,10106;92,0945;96,18784;Costa Rica_2011
Costa Rica;2012;96,44675;98,78107;99,60353;81,76731;92,46507;96,2343;Costa Rica_2012
Costa Rica;2013;97,23261;99,04613;99,65161;82,43356;92,8148;96,28075;Costa Rica_2013
Costa Rica;2014;98,01847;99,2952;99,69968;83,09981;93,14482;96,32719;Costa Rica_2014
Costa Rica;2015;98,80433;99,52898;99,74713;83,76606;93,45603;96,37304;Costa Rica_2015
Costa Rica;2016;99,53438;99,69976;99,74713;84,38499;93,7039;96,37304;Costa Rica_2016
Costa Rica;2017;99,53438;99,70152;99,74713;84,38499;93,8028;96,37304;Costa Rica_2017
Croatia;2000;96,64445;98,43725;100,0;;88,89323;;Croatia_2000
Croatia;2001;96,64445;98,44444;100,0;;88,92982;;Croatia_2001
Croatia;2002;96,87222;98,55528;100,0;;89,5733;;Croatia_2002
Croatia;2003;97,1;98,66539;100,0;;90,21497;;Croatia_2003
Croatia;2004;97,32777;98,75365;99,96111;;90,83407;;Croatia_2004
Croatia;2005;97,55556;98,84101;99,92223;;91,45103;;Croatia_2005
Croatia;2006;97,78333;98,92747;99,88333;;92,0658;;Croatia_2006
Croatia;2007;98,01111;99,01305;99,84444;;92,67835;;Croatia_2007
Croatia;2008;98,23889;99,09772;99,80556;;93,28867;;Croatia_2008
Croatia;2009;98,46667;99,1815;99,76667;;93,03062;;Croatia_2009
Croatia;2010;98,69444;99,26438;99,72778;;92,61692;;Croatia_2010
Croatia;2011;98,92223;99,34636;99,68889;;92,20157;;Croatia_2011
Croatia;2012;99,15;99,42753;99,65;;91,78465;;Croatia_2012
Croatia;2013;99,37778;99,50776;99,61111;;91,36607;;Croatia_2013
Croatia;2014;99,60555;99,58691;99,57222;;90,94571;;Croatia_2014
Croatia;2015;99,60555;99,58684;99,57222;;90,45261;;Croatia_2015
Croatia;2016;99,60555;99,58675;99,57222;;89,95949;;Croatia_2016
Croatia;2017;99,60555;99,58667;99,57222;;89,95941;;Croatia_2017
Cuba;2000;80,19617;92,99272;97,18507;;;;Cuba_2000
Cuba;2001;80,80584;93,16483;97,16343;;;;Cuba_2001
Cuba;2002;81,41552;93,33368;97,14179;;;;Cuba_2002
Cuba;2003;82,0252;93,48936;97,12016;;;;Cuba_2003
Cuba;2004;82,63488;93,63318;97,09852;;;;Cuba_2004
Cuba;2005;83,27203;93,78159;97,07607;;;;Cuba_2005
Cuba;2006;83,90958;93,92888;97,05362;;;;Cuba_2006
Cuba;2007;84,54753;94,07504;97,03117;;;;Cuba_2007
Cuba;2008;85,18589;94,22006;97,00871;;;;Cuba_2008
Cuba;2009;85,82465;94,36385;96,98627;;;;Cuba_2009
Cuba;2010;86,46381;94,5065;96,96381;;;;Cuba_2010
Cuba;2011;87,10337;94,64803;96,94137;;;;Cuba_2011
Cuba;2012;87,74334;94,78844;96,91891;;;;Cuba_2012
Cuba;2013;88,38371;94,92381;96,89647;;;;Cuba_2013
Cuba;2014;89,02448;95,05771;96,87402;;;;Cuba_2014
Cuba;2015;89,66565;95,19134;96,85157;;;;Cuba_2015
Cuba;2016;90,30723;95,32452;96,82912;;;;Cuba_2016
Cuba;2017;90,30723;95,32758;96,82912;;;;Cuba_2017
Cyprus;2000;99,95224;99,98502;100,0;;95,37882;;Cyprus_2000
Cyprus;2001;99,95224;99,98508;100,0;;95,37888;;Cyprus_2001
Cyprus;2002;99,95224;99,98505;100,0;;95,37884;;Cyprus_2002
Cyprus;2003;99,95223;99,96111;99,96519;;95,35601;;Cyprus_2003
Cyprus;2004;99,95222;99,93728;99,93037;;95,81745;;Cyprus_2004
Cyprus;2005;99,94139;99,9101;99,89556;;96,27544;;Cyprus_2005
Cyprus;2006;99,92185;99,88023;99,86075;;96,73055;;Cyprus_2006
Cyprus;2007;99,90231;99,85039;99,82594;;97,18542;;Cyprus_2007
Cyprus;2008;99,88278;99,82059;99,79112;;97,64004;;Cyprus_2008
Cyprus;2009;99,86324;99,79086;99,75631;;98,09441;;Cyprus_2009
Cyprus;2010;99,8437;99,76115;99,7215;;98,54854;;Cyprus_2010
Cyprus;2011;99,82417;99,73149;99,68668;;99,00242;;Cyprus_2011
Cyprus;2012;99,80463;99,70188;99,65187;;99,45607;;Cyprus_2012
Cyprus;2013;99,7851;99,67228;99,61705;;99,67228;;Cyprus_2013
Cyprus;2014;99,76556;99,64268;99,58224;;99,64268;;Cyprus_2014
Cyprus;2015;99,74602;99,61307;99,54742;;99,61307;;Cyprus_2015
Cyprus;2016;99,74602;99,6132;99,54742;;99,6132;;Cyprus_2016
Cyprus;2017;99,74602;99,61329;99,54742;;99,61329;;Cyprus_2017
Czechia;2000;99,60771;99,80612;99,87589;;96,32186;;Czechia_2000
Czechia;2001;99,60771;99,80582;99,87589;;96,31792;;Czechia_2001
Czechia;2002;99,62386;99,81139;99,87794;;96,43583;;Czechia_2002
Czechia;2003;99,64;99,81698;99,88;;96,55407;;Czechia_2003
Czechia;2004;99,65614;99,82258;99,88206;;96,67268;;Czechia_2004
Czechia;2005;99,67229;99,8282;99,88412;;96,79166;;Czechia_2005
Czechia;2006;99,68844;99,83384;99,88618;;96,91102;;Czechia_2006
Czechia;2007;99,70458;99,8395;99,88824;;97,03072;;Czechia_2007
Czechia;2008;99,72073;99,84518;99,8903;;97,15083;;Czechia_2008
Czechia;2009;99,73687;99,85088;99,89236;;97,27128;;Czechia_2009
Czechia;2010;99,75302;99,8566;99,89442;;97,39213;;Czechia_2010
Czechia;2011;99,76917;99,86234;99,89648;;97,51334;;Czechia_2011
Czechia;2012;99,78531;99,86819;99,89853;;97,63558;;Czechia_2012
Czechia;2013;99,80145;99,87411;99,90059;;97,75822;;Czechia_2013
Czechia;2014;99,8176;99,88001;99,90265;;97,88045;;Czechia_2014
Czechia;2015;99,8176;99,8801;99,90265;;97,88072;;Czechia_2015
Czechia;2016;99,8176;99,88017;99,90265;;97,881;;Czechia_2016
Czechia;2017;99,8176;99,88026;99,90265;;97,88131;;Czechia_2017
Côte d'Ivoire;2000;55,55019;70,76078;90,79662;15,87125;33,73684;57,26991;Côte d'Ivoire_2000
Côte d'Ivoire;2001;55,68953;70,90609;90,61554;15,98236;33,91608;57,14495;Côte d'Ivoire_2001
Côte d'Ivoire;2002;55,82825;71,04907;90,43439;16,09309;34,09397;57,01998;Côte d'Ivoire_2002
Côte d'Ivoire;2003;55,96636;71,18935;90,25316;16,20344;34,27009;56,89502;Côte d'Ivoire_2003
Côte d'Ivoire;2004;56,10384;71,32729;90,07186;16,31342;34,44487;56,77005;Côte d'Ivoire_2004
Côte d'Ivoire;2005;56,24072;71,46185;89,89048;16,42301;34,61707;56,64508;Côte d'Ivoire_2005
Côte d'Ivoire;2006;56,37696;71,59372;89,70903;16,53223;34,7875;56,52012;Côte d'Ivoire_2006
Côte d'Ivoire;2007;56,5126;71,7229;89,52751;16,64107;34,95617;56,39515;Côte d'Ivoire_2007
Côte d'Ivoire;2008;56,64762;71,84938;89,34591;16,74953;35,12308;56,27019;Côte d'Ivoire_2008
Côte d'Ivoire;2009;56,78202;71,97251;89,16424;16,85761;35,28743;56,14522;Côte d'Ivoire_2009
Côte d'Ivoire;2010;56,91579;72,09296;88,98249;16,96531;35,45002;56,02026;Côte d'Ivoire_2010
Côte d'Ivoire;2011;57,04896;72,21072;88,80067;17,07263;35,61084;55,89529;Côte d'Ivoire_2011
Côte d'Ivoire;2012;57,1815;72,32546;88,61877;17,17958;35,76951;55,77032;Côte d'Ivoire_2012
Côte d'Ivoire;2013;57,31343;72,4372;88,4368;17,28614;35,92604;55,64536;Côte d'Ivoire_2013
Côte d'Ivoire;2014;57,44474;72,54596;88,25475;17,39233;36,08042;55,52039;Côte d'Ivoire_2014
Côte d'Ivoire;2015;57,57543;72,65446;88,07262;17,49814;36,23608;55,39543;Côte d'Ivoire_2015
Côte d'Ivoire;2016;57,7055;72,76205;87,89043;17,60357;36,39219;55,27046;Côte d'Ivoire_2016
Côte d'Ivoire;2017;57,83496;72,86895;87,70816;17,70862;36,5491;55,1455;Côte d'Ivoire_2017
Democratic People's Republic of Korea;2000;99,6;99,30294;99,1;54,8;68,99947;78,7;Democratic People's Republic of Korea_2000
Democratic People's Republic of Korea;2001;99,6;99,30254;99,1;54,8;69,01835;78,7;Democratic People's Republic of Korea_2001
Democratic People's Republic of Korea;2002;99,6;99,30215;99,1;54,8;69,03723;78,7;Democratic People's Republic of Korea_2002
Democratic People's Republic of Korea;2003;99,6;99,30176;99,1;54,8;69,05587;78,7;Democratic People's Republic of Korea_2003
Democratic People's Republic of Korea;2004;99,49117;99,2395;99,06981;54,74012;69,03632;78,67603;Democratic People's Republic of Korea_2004
Democratic People's Republic of Korea;2005;98,77533;98,86547;98,92606;54,34626;68,82841;78,56187;Democratic People's Republic of Korea_2005
Democratic People's Republic of Korea;2006;98,05949;98,49234;98,7823;53,95241;68,62117;78,4477;Democratic People's Republic of Korea_2006
Democratic People's Republic of Korea;2007;97,34366;98,1201;98,63855;53,55856;68,41413;78,33354;Democratic People's Republic of Korea_2007
Democratic People's Republic of Korea;2008;96,62782;97,74876;98,4948;53,1647;68,20753;78,21938;Democratic People's Republic of Korea_2008
Democratic People's Republic of Korea;2009;95,91199;97,38017;98,35104;52,77085;68,02087;78,10522;Democratic People's Republic of Korea_2009
Democratic People's Republic of Korea;2010;95,19614;97,01418;98,20729;52,377;67,842;77,99106;Democratic People's Republic of Korea_2010
Democratic People's Republic of Korea;2011;94,48031;96,65021;98,06354;51,98314;67,66362;77,8769;Democratic People's Republic of Korea_2011
Democratic People's Republic of Korea;2012;93,76447;96,28833;97,91978;51,58929;67,48652;77,76273;Democratic People's Republic of Korea_2012
Democratic People's Republic of Korea;2013;93,04864;95,92847;97,77603;51,19544;67,31016;77,64857;Democratic People's Republic of Korea_2013
Democratic People's Republic of Korea;2014;92,3328;95,57068;97,63228;50,80158;67,1348;77,53441;Democratic People's Republic of Korea_2014
Democratic People's Republic of Korea;2015;91,61697;95,21488;97,48853;50,40773;66,96019;77,42025;Democratic People's Republic of Korea_2015
Democratic People's Republic of Korea;2016;90,90113;94,8621;97,34477;50,01388;66,79067;77,30609;Democratic People's Republic of Korea_2016
Democratic People's Republic of Korea;2017;90,1853;94,51245;97,20102;49,62002;66,62582;77,19193;Democratic People's Republic of Korea_2017
Democratic Republic of the Congo;2000;15,52144;33,91777;67,8998;;;;Democratic Republic of the Congo_2000
Democratic Republic of the Congo;2001;15,94388;34,46634;67,99225;;;;Democratic Republic of the Congo_2001
Democratic Republic of the Congo;2002;16,37091;35,01624;68,08447;;;;Democratic Republic of the Congo_2002
Democratic Republic of the Congo;2003;16,80253;35,56736;68,17643;;;;Democratic Republic of the Congo_2003
Democratic Republic of the Congo;2004;17,23873;36,11961;68,26816;;;;Democratic Republic of the Congo_2004
Democratic Republic of the Congo;2005;17,67951;36,67493;68,35964;;;;Democratic Republic of the Congo_2005
Democratic Republic of the Congo;2006;18,12488;37,23416;68,45087;;;;Democratic Republic of the Congo_2006
Democratic Republic of the Congo;2007;18,57483;37,79715;68,54187;;;;Democratic Republic of the Congo_2007
Democratic Republic of the Congo;2008;19,02938;38,36274;68,63261;;;;Democratic Republic of the Congo_2008
Democratic Republic of the Congo;2009;19,4885;38,93174;68,72312;;;;Democratic Republic of the Congo_2009
Democratic Republic of the Congo;2010;19,95221;39,50303;68,81338;;;;Democratic Republic of the Congo_2010
Democratic Republic of the Congo;2011;20,42051;40,07741;68,9034;;;;Democratic Republic of the Congo_2011
Democratic Republic of the Congo;2012;20,89339;40,65374;68,99317;;;;Democratic Republic of the Congo_2012
Democratic Republic of the Congo;2013;21,37085;41,23186;69,0827;;;;Democratic Republic of the Congo_2013
Democratic Republic of the Congo;2014;21,8529;41,81209;69,17198;;;;Democratic Republic of the Congo_2014
Democratic Republic of the Congo;2015;22,33954;42,39378;69,26102;;;;Democratic Republic of the Congo_2015
Democratic Republic of the Congo;2016;22,83076;42,97677;69,34982;;;;Democratic Republic of the Congo_2016
Democratic Republic of the Congo;2017;22,83076;43,24332;69,34982;;;;Democratic Republic of the Congo_2017
Denmark;2000;100,0;100,0;100,0;;93,83339;;Denmark_2000
Denmark;2001;100,0;99,99999;100,0;;93,83339;;Denmark_2001
Denmark;2002;100,0;100,0;100,0;;93,83339;;Denmark_2002
Denmark;2003;100,0;100,0;100,0;;93,8334;;Denmark_2003
Denmark;2004;100,0;100,0;100,0;;94,14477;;Denmark_2004
Denmark;2005;100,0;100,0;100,0;;94,45615;;Denmark_2005
Denmark;2006;100,0;100,0;100,0;;94,76752;;Denmark_2006
Denmark;2007;100,0;100,0;100,0;;95,0789;;Denmark_2007
Denmark;2008;100,0;100,0;100,0;;95,39029;;Denmark_2008
Denmark;2009;100,0;100,0;100,0;;95,70167;;Denmark_2009
Denmark;2010;100,0;100,0;100,0;;96,01305;;Denmark_2010
Denmark;2011;100,0;99,99999;100,0;;96,32442;;Denmark_2011
Denmark;2012;100,0;100,0;100,0;;96,6358;;Denmark_2012
Denmark;2013;100,0;100,0;100,0;;96,73979;;Denmark_2013
Denmark;2014;100,0;100,0;100,0;;96,73849;;Denmark_2014
Denmark;2015;100,0;100,0;100,0;;96,73721;;Denmark_2015
Denmark;2016;100,0;100,0;100,0;;96,73594;;Denmark_2016
Denmark;2017;100,0;100,0;100,0;;96,73467;;Denmark_2017
Djibouti;2000;54,72157;75,56113;81,95145;;;;Djibouti_2000
Djibouti;2001;54,27065;75,55396;82,06362;;;;Djibouti_2001
Djibouti;2002;53,81974;75,54728;82,17579;;;;Djibouti_2002
Djibouti;2003;53,36883;75,54113;82,28796;;;;Djibouti_2003
Djibouti;2004;52,91791;75,5355;82,40013;;;;Djibouti_2004
Djibouti;2005;52,467;75,53008;82,51231;;;;Djibouti_2005
Djibouti;2006;52,01609;75,52547;82,62448;;;;Djibouti_2006
Djibouti;2007;51,56517;75,52139;82,73665;;;;Djibouti_2007
Djibouti;2008;51,11426;75,51782;82,84882;;;;Djibouti_2008
Djibouti;2009;50,66335;75,51445;82,96099;;;;Djibouti_2009
Djibouti;2010;50,21243;75,51486;83,07317;;;;Djibouti_2010
Djibouti;2011;49,76152;75,51925;83,18533;;;;Djibouti_2011
Djibouti;2012;49,3106;75,52743;83,29751;;;;Djibouti_2012
Djibouti;2013;48,85969;75,53989;83,40968;;;;Djibouti_2013
Djibouti;2014;48,40878;75,5561;83,52185;;;;Djibouti_2014
Djibouti;2015;47,95786;75,57727;83,63403;;;;Djibouti_2015
Djibouti;2016;47,50695;75,60252;83,74619;;;;Djibouti_2016
Djibouti;2017;47,05603;75,63231;83,85837;;;;Djibouti_2017
Dominica;2000;;93,475;;;;;Dominica_2000
Dominica;2001;;93,75;;;;;Dominica_2001
Dominica;2002;;94,025;;;;;Dominica_2002
Dominica;2003;;94,3;;;;;Dominica_2003
Dominica;2004;;94,575;;;;;Dominica_2004
Dominica;2005;;94,85;;;;;Dominica_2005
Dominica;2006;;95,125;;;;;Dominica_2006
Dominica;2007;;95,4;;;;;Dominica_2007
Dominica;2008;;95,675;;;;;Dominica_2008
Dominica;2009;;95,95;;;;;Dominica_2009
Dominica;2010;;96,225;;;;;Dominica_2010
Dominica;2011;;96,5;;;;;Dominica_2011
Dominica;2012;;96,5;;;;;Dominica_2012
Dominica;2013;;96,5;;;;;Dominica_2013
Dominica;2014;;96,5;;;;;Dominica_2014
Dominica;2015;;96,5;;;;;Dominica_2015
Dominican Republic;2000;79,42693;89,82323;96,26224;;;;Dominican Republic_2000
Dominican Republic;2001;80,07233;90,27245;96,37556;;;;Dominican Republic_2001
Dominican Republic;2002;80,7201;90,71294;96,48889;;;;Dominican Republic_2002
Dominican Republic;2003;81,37024;91,21085;96,6022;;;;Dominican Republic_2003
Dominican Republic;2004;82,02275;91,72041;96,71551;;;;Dominican Republic_2004
Dominican Republic;2005;82,67762;92,21127;96,8288;;;;Dominican Republic_2005
Dominican Republic;2006;83,33486;92,68439;96,94209;;;;Dominican Republic_2006
Dominican Republic;2007;83,99447;93,13971;97,05537;;;;Dominican Republic_2007
Dominican Republic;2008;84,65645;93,57764;97,16863;;;;Dominican Republic_2008
Dominican Republic;2009;85,32079;93,99761;97,28189;;;;Dominican Republic_2009
Dominican Republic;2010;85,9875;94,40098;97,39513;;;;Dominican Republic_2010
Dominican Republic;2011;86,65658;94,77666;97,50838;;;;Dominican Republic_2011
Dominican Republic;2012;87,32803;95,13077;97,6216;;;;Dominican Republic_2012
Dominican Republic;2013;88,00184;95,47181;97,73483;;;;Dominican Republic_2013
Dominican Republic;2014;88,67802;95,80037;97,84804;;;;Dominican Republic_2014
Dominican Republic;2015;89,35657;96,11691;97,96124;;;;Dominican Republic_2015
Dominican Republic;2016;90,03748;96,57637;98,26912;;;;Dominican Republic_2016
Dominican Republic;2017;90,27989;96,69022;98,26516;;;;Dominican Republic_2017
Ecuador;2000;70,21852;82,36792;90,36711;49,50854;66,22778;77,23576;Ecuador_2000
Ecuador;2001;70,91832;83,08491;90,92949;50,00194;66,85207;77,71642;Ecuador_2001
Ecuador;2002;71,69196;83,8223;91,53937;50,49533;67,42609;78,19708;Ecuador_2002
Ecuador;2003;72,46703;84,53574;92,14983;50,98874;67,96652;78,67773;Ecuador_2003
Ecuador;2004;73,24355;85,24944;92,76088;51,48214;68,5069;79,15839;Ecuador_2004
Ecuador;2005;74,02152;85,9632;93,37251;51,97553;69,04697;79,63905;Ecuador_2005
Ecuador;2006;74,80093;86,67705;93,98473;52,46893;69,5867;80,11971;Ecuador_2006
Ecuador;2007;75,58179;87,39132;94,59753;52,96233;70,12666;80,60037;Ecuador_2007
Ecuador;2008;76,36408;88,10566;95,21091;53,45573;70,66629;81,08103;Ecuador_2008
Ecuador;2009;77,14782;88,82005;95,82487;53,94913;71,2056;81,56168;Ecuador_2009
Ecuador;2010;77,933;89,53468;96,43942;54,44253;71,74486;82,04234;Ecuador_2010
Ecuador;2011;78,71963;90,24332;97,05456;54,93592;72,27468;82,523;Ecuador_2011
Ecuador;2012;79,50769;90,94794;97,67028;55,42933;72,79785;83,00366;Ecuador_2012
Ecuador;2013;80,2972;91,653;98,28658;55,92272;73,32098;83,48432;Ecuador_2013
Ecuador;2014;81,08816;92,3583;98,90347;56,41612;73,8438;83,96498;Ecuador_2014
Ecuador;2015;81,88055;93,05378;99,5045;56,90952;74,36687;84,44564;Ecuador_2015
Ecuador;2016;82,67439;93,68204;100,0;57,40292;74,85141;84,86615;Ecuador_2016
Ecuador;2017;83,46968;93,99454;100,0;57,89632;75,06802;84,86615;Ecuador_2017
Egypt;2000;96,69353;97,87095;99,44469;;;;Egypt_2000
Egypt;2001;96,81792;97,94453;99,44753;;;;Egypt_2001
Egypt;2002;96,94236;98,01802;99,45038;;;;Egypt_2002
Egypt;2003;97,06687;98,09145;99,45322;;;;Egypt_2003
Egypt;2004;97,19145;98,1648;99,45606;;;;Egypt_2004
Egypt;2005;97,3161;98,23808;99,4589;;;;Egypt_2005
Egypt;2006;97,44081;98,31129;99,46175;;;;Egypt_2006
Egypt;2007;97,5656;98,38364;99,46458;;;;Egypt_2007
Egypt;2008;97,69044;98,45557;99,46743;;;;Egypt_2008
Egypt;2009;97,81536;98,52762;99,47027;;;;Egypt_2009
Egypt;2010;97,94035;98,59972;99,47311;;;;Egypt_2010
Egypt;2011;98,06539;98,67193;99,47594;;;;Egypt_2011
Egypt;2012;98,19051;98,74377;99,47878;;;;Egypt_2012
Egypt;2013;98,3157;98,8158;99,48162;;;;Egypt_2013
Egypt;2014;98,44095;98,88798;99,48445;;;;Egypt_2014
Egypt;2015;98,56627;98,96033;99,48729;;;;Egypt_2015
Egypt;2016;98,69166;99,03286;99,49013;;;;Egypt_2016
Egypt;2017;98,81711;99,10573;99,49296;;;;Egypt_2017
El Salvador;2000;55,52309;77,78591;93,31305;;;86,18298;El Salvador_2000
El Salvador;2001;55,52309;77,99451;93,31305;;;86,18298;El Salvador_2001
El Salvador;2002;57,6882;79,30755;93,71204;;;85,09019;El Salvador_2002
El Salvador;2003;59,89088;80,61546;94,11189;;;83,99187;El Salvador_2003
El Salvador;2004;62,13113;81,91846;94,51259;;;82,88802;El Salvador_2004
El Salvador;2005;64,40894;83,21478;94,91413;;;81,77864;El Salvador_2005
El Salvador;2006;66,72433;84,50497;95,31654;;;80,66372;El Salvador_2006
El Salvador;2007;69,07729;85,80185;95,71979;;;79,54327;El Salvador_2007
El Salvador;2008;71,4678;87,1683;96,12389;;;78,41728;El Salvador_2008
El Salvador;2009;73,8959;88,50999;96,52884;;;77,28576;El Salvador_2009
El Salvador;2010;76,36156;89,82706;96,93464;;;76,1487;El Salvador_2010
El Salvador;2011;78,86479;91,11933;97,34129;;;76,31059;El Salvador_2011
El Salvador;2012;81,40559;92,3861;97,7488;;;76,47247;El Salvador_2012
El Salvador;2013;83,98396;93,62684;98,15716;;;76,63436;El Salvador_2013
El Salvador;2014;86,59989;94,84168;98,56637;;;76,79625;El Salvador_2014
El Salvador;2015;89,2534;96,03034;98,97643;;;76,95814;El Salvador_2015
El Salvador;2016;91,80662;97,06386;99,26358;;;77,12003;El Salvador_2016
El Salvador;2017;92,21841;97,38837;99,47195;;;77,28191;El Salvador_2017
Equatorial Guinea;2000;38,68913;51,09814;63,96618;;;;Equatorial Guinea_2000
Equatorial Guinea;2001;38,08038;51,79044;65,0517;;;;Equatorial Guinea_2001
Equatorial Guinea;2002;37,47163;52,542;66,13723;;;;Equatorial Guinea_2002
Equatorial Guinea;2003;36,86288;53,35042;67,22276;;;;Equatorial Guinea_2003
Equatorial Guinea;2004;36,25413;54,21503;68,30828;;;;Equatorial Guinea_2004
Equatorial Guinea;2005;35,64538;55,13172;69,39381;;;;Equatorial Guinea_2005
Equatorial Guinea;2006;35,03662;56,10058;70,47933;;;;Equatorial Guinea_2006
Equatorial Guinea;2007;34,42788;57,11857;71,56486;;;;Equatorial Guinea_2007
Equatorial Guinea;2008;33,81913;58,18379;72,65038;;;;Equatorial Guinea_2008
Equatorial Guinea;2009;33,21037;59,2918;73,73591;;;;Equatorial Guinea_2009
Equatorial Guinea;2010;32,60162;60,44137;74,82143;;;;Equatorial Guinea_2010
Equatorial Guinea;2011;31,99287;61,62961;75,90696;;;;Equatorial Guinea_2011
Equatorial Guinea;2012;31,38412;62,85389;76,99248;;;;Equatorial Guinea_2012
Equatorial Guinea;2013;30,77537;63,67152;78,078;;;;Equatorial Guinea_2013
Equatorial Guinea;2014;30,77537;63,92648;78,078;;;;Equatorial Guinea_2014
Equatorial Guinea;2015;30,77537;64,1786;78,078;;;;Equatorial Guinea_2015
Equatorial Guinea;2016;30,77537;64,42552;78,078;;;;Equatorial Guinea_2016
Equatorial Guinea;2017;30,77537;64,66582;78,078;;;;Equatorial Guinea_2017
Eritrea;2000;30,99105;46,81421;90,50571;;;;Eritrea_2000
Eritrea;2001;30,72526;47,12042;90,44176;;;;Eritrea_2001
Eritrea;2002;30,45947;47,44093;90,3778;;;;Eritrea_2002
Eritrea;2003;30,19368;47,77522;90,31384;;;;Eritrea_2003
Eritrea;2004;29,92789;48,12342;90,24989;;;;Eritrea_2004
Eritrea;2005;29,6621;48,48441;90,18593;;;;Eritrea_2005
Eritrea;2006;29,39631;48,85949;90,12197;;;;Eritrea_2006
Eritrea;2007;29,13052;49,24695;90,05801;;;;Eritrea_2007
Eritrea;2008;28,86473;49,6487;89,99406;;;;Eritrea_2008
Eritrea;2009;28,59895;49,81033;89,9301;;;;Eritrea_2009
Eritrea;2010;28,33315;49,97738;89,86614;;;;Eritrea_2010
Eritrea;2011;28,06737;50,15053;89,80219;;;;Eritrea_2011
Eritrea;2012;27,80158;50,32917;89,73823;;;;Eritrea_2012
Eritrea;2013;27,80158;50,70513;89,73823;;;;Eritrea_2013
Eritrea;2014;27,80158;51,08356;89,73823;;;;Eritrea_2014
Eritrea;2015;27,80158;51,46509;89,73823;;;;Eritrea_2015
Eritrea;2016;27,80158;51,84972;89,73823;;;;Eritrea_2016
Estonia;2000;97,28722;99,11478;99,92181;;93,22531;;Estonia_2000
Estonia;2001;97,4231;99,1547;99,9239;;93,44939;;Estonia_2001
Estonia;2002;97,55897;99,19495;99,92599;;93,67563;;Estonia_2002
Estonia;2003;97,69485;99,23553;99,92808;;93,90388;;Estonia_2003
Estonia;2004;97,83073;99,27644;99,93017;;94,13433;;Estonia_2004
Estonia;2005;97,9666;99,3177;99,93226;;94,36696;;Estonia_2005
Estonia;2006;98,10248;99,35927;99,93435;;94,60166;;Estonia_2006
Estonia;2007;98,23836;99,40118;99,93644;;94,83858;;Estonia_2007
Estonia;2008;98,37424;99,44344;99,93853;;95,07772;;Estonia_2008
Estonia;2009;98,51011;99,48605;99,94062;;95,31908;;Estonia_2009
Estonia;2010;98,64599;99,52898;99,94271;;95,37568;;Estonia_2010
Estonia;2011;98,78187;99,57225;99,9448;;95,10062;;Estonia_2011
Estonia;2012;98,91774;99,61729;99,94689;;94,82696;;Estonia_2012
Estonia;2013;99,05362;99,66356;99,94898;;94,55417;;Estonia_2013
Estonia;2014;99,1895;99,70941;99,95107;;94,28071;;Estonia_2014
Estonia;2015;99,1895;99,71053;99,95107;;93,9648;;Estonia_2015
Estonia;2016;99,1895;99,71165;99,95107;;93,64887;;Estonia_2016
Estonia;2017;99,1895;99,71283;99,95107;;93,33299;;Estonia_2017
Eswatini;2000;42,51946;52,51423;86,57642;;;67,34407;Eswatini_2000
Eswatini;2001;43,71039;53,52095;87,20655;;;68,8517;Eswatini_2001
Eswatini;2002;44,89168;54,52232;87,83771;;;70,37295;Eswatini_2002
Eswatini;2003;46,06333;55,5183;88,46989;;;71,90782;Eswatini_2003
Eswatini;2004;47,22535;56,50797;89,10308;;;73,45632;Eswatini_2004
Eswatini;2005;48,37773;57,49255;89,7373;;;75,01844;Eswatini_2005
Eswatini;2006;49,52047;58,47115;90,37253;;;76,59418;Eswatini_2006
Eswatini;2007;50,65358;59,46272;91,00878;;;78,18355;Eswatini_2007
Eswatini;2008;51,77705;60,56617;91,64606;;;79,78654;Eswatini_2008
Eswatini;2009;52,89088;61,66065;92,28435;;;81,40315;Eswatini_2009
Eswatini;2010;53,99508;62,74622;92,92365;;;83,03339;Eswatini_2010
Eswatini;2011;55,08964;63,82331;93,56399;;;84,67724;Eswatini_2011
Eswatini;2012;56,17456;64,86421;94,20533;;;86,33472;Eswatini_2012
Eswatini;2013;57,24985;65,89698;94,8477;;;87,21615;Eswatini_2013
Eswatini;2014;58,3155;66,92128;95,49109;;;87,72736;Eswatini_2014
Eswatini;2015;59,37151;67,93752;96,13549;;;88,23856;Eswatini_2015
Eswatini;2016;60,41789;68,9483;96,78092;;;88,74977;Eswatini_2016
Eswatini;2017;60,41789;69,00865;96,78092;;;88,74977;Eswatini_2017
Ethiopia;2000;8,6159;18,69521;76,99656;0,0;4,52877;30,72436;Ethiopia_2000
Ethiopia;2001;10,30129;20,28878;77,21017;0,00109;4,92117;32,96203;Ethiopia_2001
Ethiopia;2002;11,94108;21,84036;77,42115;0,08965;5,40116;35,2233;Ethiopia_2002
Ethiopia;2003;13,53528;23,34811;77,6295;0,20443;5,6269;35,62231;Ethiopia_2003
Ethiopia;2004;15,08389;24,81286;77,83521;0,34541;5,846;35,82396;Ethiopia_2004
Ethiopia;2005;16,58691;26,23478;78,0383;0,51261;6,08815;36,02561;Ethiopia_2005
Ethiopia;2006;18,04432;27,61464;78,23875;0,70601;6,35353;36,22726;Ethiopia_2006
Ethiopia;2007;19,45615;28,96144;78,43658;0,92562;6,64733;36,42891;Ethiopia_2007
Ethiopia;2008;20,82238;30,36671;78,63177;1,17145;7,02575;36,63055;Ethiopia_2008
Ethiopia;2009;22,14302;31,72783;78,82433;1,44348;7,42772;36,8322;Ethiopia_2009
Ethiopia;2010;23,41807;33,04677;79,01427;1,74173;7,85397;37,03385;Ethiopia_2010
Ethiopia;2011;24,64752;34,32268;79,20157;2,06618;8,30346;37,2355;Ethiopia_2011
Ethiopia;2012;25,83137;35,55694;79,38624;2,41685;8,77654;37,43715;Ethiopia_2012
Ethiopia;2013;26,96964;36,73983;79,56828;2,79373;9,2662;37,63879;Ethiopia_2013
Ethiopia;2014;28,06231;37,88149;79,74768;3,19681;9,77841;37,84044;Ethiopia_2014
Ethiopia;2015;29,10938;38,98174;79,92445;3,62611;10,31244;38,04209;Ethiopia_2015
Ethiopia;2016;30,11086;40,04142;80,09859;4,08161;10,86826;38,24374;Ethiopia_2016
Ethiopia;2017;31,06675;41,05995;80,27011;4,56333;11,44477;38,44538;Ethiopia_2017
Fiji;2000;90,6526;94,60311;98,89864;;;;Fiji_2000
Fiji;2001;90,6526;94,63544;98,89864;;;;Fiji_2001
Fiji;2002;90,6526;94,66776;98,89864;;;;Fiji_2002
Fiji;2003;90,5132;94,5918;98,82246;;;;Fiji_2003
Fiji;2004;90,3738;94,51643;98,74629;;;;Fiji_2004
Fiji;2005;90,23441;94,44138;98,67011;;;;Fiji_2005
Fiji;2006;90,095;94,36691;98,59394;;;;Fiji_2006
Fiji;2007;89,9556;94,29294;98,51776;;;;Fiji_2007
Fiji;2008;89,81621;94,22775;98,44159;;;;Fiji_2008
Fiji;2009;89,67681;94,16517;98,36542;;;;Fiji_2009
Fiji;2010;89,53741;94,10332;98,28924;;;;Fiji_2010
Fiji;2011;89,39802;94,04205;98,21307;;;;Fiji_2011
Fiji;2012;89,25862;93,98151;98,13689;;;;Fiji_2012
Fiji;2013;89,11922;93,92134;98,06071;;;;Fiji_2013
Fiji;2014;88,97982;93,86182;97,98454;;;;Fiji_2014
Fiji;2015;88,84042;93,80295;97,90836;;;;Fiji_2015
Fiji;2016;88,70103;93,74462;97,83219;;;;Fiji_2016
Fiji;2017;88,70103;93,79092;97,83219;;;;Fiji_2017
Finland;2000;100,0;100,0;100,0;;92,47527;;Finland_2000
Finland;2001;100,0;100,0;100,0;;93,06813;;Finland_2001
Finland;2002;100,0;100,0;100,0;;93,66098;;Finland_2002
Finland;2003;100,0;100,0;100,0;;94,25384;;Finland_2003
Finland;2004;100,0;100,0;100,0;;94,84669;;Finland_2004
Finland;2005;100,0;100,0;100,0;;95,43954;;Finland_2005
Finland;2006;100,0;100,0;100,0;;96,0324;;Finland_2006
Finland;2007;100,0;100,0;100,0;;96,62525;;Finland_2007
Finland;2008;100,0;100,0;100,0;;97,21811;;Finland_2008
Finland;2009;100,0;100,00001;100,0;;97,81097;;Finland_2009
Finland;2010;100,0;100,0;100,0;;98,40381;;Finland_2010
Finland;2011;100,0;100,0;100,0;;98,99667;;Finland_2011
Finland;2012;100,0;100,00001;100,0;;99,58952;;Finland_2012
Finland;2013;100,0;100,0;100,0;;99,62812;;Finland_2013
Finland;2014;100,0;100,0;100,0;;99,62937;;Finland_2014
Finland;2015;100,0;100,0;100,0;;99,63062;;Finland_2015
Finland;2016;100,0;100,0;100,0;;99,63187;;Finland_2016
Finland;2017;100,0;100,0;100,0;;99,63313;;Finland_2017
France;2000;99,57449;99,89733;100,0;;96,77525;;France_2000
France;2001;99,6056;99,90585;100,0;;96,7835;;France_2001
France;2002;99,6367;99,91419;100,0;;96,79159;;France_2002
France;2003;99,66781;99,92238;100,0;;96,79951;;France_2003
France;2004;99,69891;99,9304;100,0;;96,87717;;France_2004
France;2005;99,73002;99,93826;100,0;;96,95467;;France_2005
France;2006;99,76112;99,94595;100,0;;97,03204;;France_2006
France;2007;99,79222;99,95351;100,0;;97,10927;;France_2007
France;2008;99,82333;99,9609;100,0;;97,18636;;France_2008
France;2009;99,85443;99,96815;100,0;;97,26331;;France_2009
France;2010;99,88554;99,97524;100,0;;97,34013;;France_2010
France;2011;99,91664;99,98218;100,0;;97,4168;;France_2011
France;2012;99,94775;99,98896;100,0;;97,49334;;France_2012
France;2013;99,97885;99,99558;100,0;;97,56973;;France_2013
France;2014;100,0;100,0;100,0;;97,64396;;France_2014
France;2015;100,0;100,0;100,0;;97,7139;;France_2015
France;2016;100,0;100,0;100,0;;97,78383;;France_2016
France;2017;100,0;100,0;100,0;;97,85376;;France_2017
Gabon;2000;37,01952;79,53762;90,92246;;;;Gabon_2000
Gabon;2001;38,36506;80,1376;90,82137;;;;Gabon_2001
Gabon;2002;39,68568;80,70048;90,71942;;;;Gabon_2002
Gabon;2003;40,9814;81,22711;90,61661;;;;Gabon_2003
Gabon;2004;42,25219;81,71886;90,51292;;;;Gabon_2004
Gabon;2005;43,49808;82,17657;90,40839;;;;Gabon_2005
Gabon;2006;44,71905;82,60249;90,30298;;;;Gabon_2006
Gabon;2007;45,9151;82,99741;90,19672;;;;Gabon_2007
Gabon;2008;47,08624;83,36343;90,08958;;;;Gabon_2008
Gabon;2009;48,23247;83,70043;89,98159;;;;Gabon_2009
Gabon;2010;49,35379;84,01086;89,87273;;;;Gabon_2010
Gabon;2011;50,45018;84,29539;89,76301;;;;Gabon_2011
Gabon;2012;51,52167;84,55587;89,65243;;;;Gabon_2012
Gabon;2013;52,56824;84,7922;89,54098;;;;Gabon_2013
Gabon;2014;53,5899;85,00294;89,42867;;;;Gabon_2014
Gabon;2015;55,05481;85,4748;89,5767;;;;Gabon_2015
Gabon;2016;55,05481;85,62704;89,5767;;;;Gabon_2016
Gabon;2017;55,05481;85,771;89,5767;;;;Gabon_2017
Gambia;2000;67,83891;75,00136;82,80183;;;41,15992;Gambia_2000
Gambia;2001;67,54677;75,13911;83,11283;;;42,9526;Gambia_2001
Gambia;2002;67,25378;75,2877;83,42414;;;44,74736;Gambia_2002
Gambia;2003;66,95997;75,44097;83,73576;;;46,5442;Gambia_2003
Gambia;2004;66,66531;75,58038;84,04768;;;48,34313;Gambia_2004
Gambia;2005;66,36981;75,72826;84,35992;;;50,14414;Gambia_2005
Gambia;2006;66,07348;75,88463;84,67246;;;51,94724;Gambia_2006
Gambia;2007;65,77631;76,04948;84,98531;;;53,75241;Gambia_2007
Gambia;2008;65,47829;76,22301;85,29847;;;55,55967;Gambia_2008
Gambia;2009;65,17944;76,40444;85,61195;;;57,36901;Gambia_2009
Gambia;2010;64,87975;76,59435;85,92572;;;59,18044;Gambia_2010
Gambia;2011;64,57922;76,79232;86,23981;;;60,99395;Gambia_2011
Gambia;2012;64,27785;76,99876;86,55421;;;62,80954;Gambia_2012
Gambia;2013;63,97564;77,21253;86,86891;;;64,62721;Gambia_2013
Gambia;2014;63,67259;77,4333;87,18392;;;66,44697;Gambia_2014
Gambia;2015;63,3687;77,66074;87,49924;;;68,26881;Gambia_2015
Gambia;2016;63,3687;77,82724;87,49924;;;68,26881;Gambia_2016
Gambia;2017;63,3687;77,99157;87,49924;;;68,26881;Gambia_2017
Georgia;2000;86,9715;92,97521;98,37717;;74,5881;;Georgia_2000
Georgia;2001;87,40995;93,20199;98,46388;;74,77414;;Georgia_2001
Georgia;2002;87,84841;93,46075;98,5506;;74,98245;;Georgia_2002
Georgia;2003;88,28687;93,75501;98,63731;;75,21508;;Georgia_2003
Georgia;2004;88,72533;94,04644;98,72403;;75,83226;;Georgia_2004
Georgia;2005;89,16379;94,33504;98,81075;;76,44949;;Georgia_2005
Georgia;2006;89,60224;94,62092;98,89747;;77,06681;;Georgia_2006
Georgia;2007;90,0407;94,90408;98,98418;;77,6842;;Georgia_2007
Georgia;2008;90,47916;95,18443;99,0709;;78,08326;;Georgia_2008
Georgia;2009;90,91762;95,46198;99,15762;;78,30735;;Georgia_2009
Georgia;2010;91,35608;95,73682;99,24434;;78,52918;;Georgia_2010
Georgia;2011;91,79453;96,00888;99,33105;;78,74872;;Georgia_2011
Georgia;2012;92,23299;96,27824;99,41777;;78,96601;;Georgia_2012
Georgia;2013;92,67146;96,54476;99,50449;;79,18097;;Georgia_2013
Georgia;2014;94,81661;97,64145;99,76666;;79,39369;;Georgia_2014
Georgia;2015;95,26311;97,91409;99,87768;;79,60415;;Georgia_2015
Georgia;2016;95,7096;98,17055;99,96457;;79,81266;;Georgia_2016
Georgia;2017;96,1561;98,39444;100,0;;79,99468;;Georgia_2017
Germany;2000;100,0;100,0;100,0;;99,8;;Germany_2000
Germany;2001;100,0;100,0;100,0;;99,8;;Germany_2001
Germany;2002;100,0;100,0;100,0;;99,8;;Germany_2002
Germany;2003;100,0;100,0;100,0;;99,8;;Germany_2003
Germany;2004;100,0;100,0;100,0;;99,8;;Germany_2004
Germany;2005;100,0;100,0;100,0;;99,8;;Germany_2005
Germany;2006;100,0;100,0;100,0;;99,8;;Germany_2006
Germany;2007;100,0;100,0;100,0;;99,8;;Germany_2007
Germany;2008;100,0;100,0;100,0;;99,8;;Germany_2008
Germany;2009;100,0;100,0;100,0;;99,8;;Germany_2009
Germany;2010;100,0;100,0;100,0;;99,8;;Germany_2010
Germany;2011;100,0;100,0;100,0;;99,8;;Germany_2011
Germany;2012;100,0;100,0;100,0;;99,8;;Germany_2012
Germany;2013;100,0;100,0;100,0;;99,8;;Germany_2013
Germany;2014;100,0;100,0;100,0;;99,8;;Germany_2014
Germany;2015;100,0;100,0;100,0;;99,8;;Germany_2015
Germany;2016;100,0;100,0;100,0;;99,8;;Germany_2016
Germany;2017;100,0;100,0;100,0;;99,8;;Germany_2017
Ghana;2000;54,02599;64,46381;77,78663;0,21877;13,0987;29,53865;Ghana_2000
Ghana;2001;54,98159;65,3511;78,23109;0,22264;13,37315;29,70744;Ghana_2001
Ghana;2002;55,80133;66,34829;79,09666;0,78205;14,58292;31,26437;Ghana_2002
Ghana;2003;56,61642;67,34624;79,96697;1,36045;15,82424;32,83699;Ghana_2003
Ghana;2004;57,42688;68,34537;80,84205;1,95782;17,09741;34,4253;Ghana_2004
Ghana;2005;58,23269;69,34496;81,72188;2,57418;18,40112;36,02929;Ghana_2005
Ghana;2006;59,03386;70,34588;82,60647;3,20952;19,73632;37,64897;Ghana_2006
Ghana;2007;59,83038;71,34811;83,49582;3,86384;21,10264;39,28433;Ghana_2007
Ghana;2008;60,62227;72,35184;84,38992;4,53714;22,50003;40,93537;Ghana_2008
Ghana;2009;61,40951;73,35655;85,28879;5,22942;23,92735;42,6021;Ghana_2009
Ghana;2010;62,19211;74,36338;86,19241;5,94068;25,38599;44,28451;Ghana_2010
Ghana;2011;62,97007;75,37181;87,10078;6,67093;26,87477;45,98261;Ghana_2011
Ghana;2012;63,74339;76,38178;88,01392;7,42015;28,3932;47,69639;Ghana_2012
Ghana;2013;64,51206;77,393;88,93182;8,18836;29,94032;49,42586;Ghana_2013
Ghana;2014;65,27609;78,40562;89,85447;8,97555;31,51594;51,17101;Ghana_2014
Ghana;2015;66,03548;79,41982;90,78188;9,78172;33,11989;52,93184;Ghana_2015
Ghana;2016;66,79023;80,43578;91,71405;10,60687;34,752;54,70836;Ghana_2016
Ghana;2017;67,54034;81,45339;92,65098;11,451;36,41161;56,50056;Ghana_2017
Greece;2000;98,6897;99,58681;99,92343;;98,95221;;Greece_2000
Greece;2001;98,79523;99,62233;99,9296;;99,04154;;Greece_2001
Greece;2002;98,90076;99,65945;99,93576;;99,13505;;Greece_2002
Greece;2003;99,00629;99,69575;99,94193;;99,22662;;Greece_2003
Greece;2004;99,11181;99,73127;99,9481;;99,3163;;Greece_2004
Greece;2005;99,21734;99,76599;99,95426;;99,40405;;Greece_2005
Greece;2006;99,32287;99,79994;99,96043;;99,48994;;Greece_2006
Greece;2007;99,42839;99,83311;99,9666;;99,57397;;Greece_2007
Greece;2008;99,53392;99,86555;99,97276;;99,65621;;Greece_2008
Greece;2009;99,63945;99,89722;99,97893;;99,73662;;Greece_2009
Greece;2010;99,74497;99,92817;99,9851;;99,81525;;Greece_2010
Greece;2011;99,8505;99,9584;99,99126;;99,89214;;Greece_2011
Greece;2012;99,95603;99,98792;99,99743;;99,96731;;Greece_2012
Greece;2013;100,0;100,0;100,0;;100,0;;Greece_2013
Greece;2014;100,0;99,99999;100,0;;99,99999;;Greece_2014
Greece;2015;100,0;100,0;100,0;;100,0;;Greece_2015
Greece;2016;100,0;100,0;100,0;;100,0;;Greece_2016
Greece;2017;100,0;100,0;100,0;;100,0;;Greece_2017
Grenada;2000;;93,30764;;;78,71873;;Grenada_2000
Grenada;2001;;93,53996;;;79,61002;;Grenada_2001
Grenada;2002;;93,77227;;;80,50478;;Grenada_2002
Grenada;2003;;94,00459;;;81,40298;;Grenada_2003
Grenada;2004;;94,2369;;;82,30465;;Grenada_2004
Grenada;2005;;94,46922;;;83,20976;;Grenada_2005
Grenada;2006;;94,70153;;;84,11833;;Grenada_2006
Grenada;2007;;94,93385;;;85,03035;;Grenada_2007
Grenada;2008;;95,16616;;;85,94583;;Grenada_2008
Grenada;2009;;95,39848;;;86,86475;;Grenada_2009
Grenada;2010;;95,63079;;;87,11722;;Grenada_2010
Grenada;2011;;95,86311;;;87,32885;;Grenada_2011
Grenada;2012;;95,97139;;;87,4275;;Grenada_2012
Grenada;2013;;95,62865;;;87,11526;;Grenada_2013
Grenada;2014;;95,62865;;;87,11526;;Grenada_2014
Grenada;2015;;95,62865;;;87,11526;;Grenada_2015
Grenada;2016;;95,62865;;;87,11526;;Grenada_2016
Grenada;2017;;95,62865;;;87,11526;;Grenada_2017
Guatemala;2000;78,39659;85,75377;94,62614;39,47699;46,63568;55,26869;Guatemala_2000
Guatemala;2001;79,10977;86,28421;94,81976;39,86693;47,18518;55,89182;Guatemala_2001
Guatemala;2002;79,82175;86,81068;95,01341;40,25687;47,73734;56,51699;Guatemala_2002
Guatemala;2003;80,53254;87,32949;95,20708;40,64681;48,28807;57,1442;Guatemala_2003
Guatemala;2004;81,24213;87,84232;95,40077;41,03675;48,83873;57,77345;Guatemala_2004
Guatemala;2005;81,95052;88,35131;95,59447;41,42669;49,39161;58,40475;Guatemala_2005
Guatemala;2006;82,65771;88,85661;95,7882;41,81663;49,94688;59,03809;Guatemala_2006
Guatemala;2007;83,36371;89,35838;95,98195;42,20657;50,50474;59,67347;Guatemala_2007
Guatemala;2008;84,0685;89,8566;96,17571;42,5965;51,06522;60,31089;Guatemala_2008
Guatemala;2009;84,77211;90,35091;96,3695;42,98644;51,6278;60,95035;Guatemala_2009
Guatemala;2010;85,47452;90,84182;96,5633;43,37638;52,19322;61,59185;Guatemala_2010
Guatemala;2011;86,17573;91,32897;96,75713;43,76632;52,76095;62,2354;Guatemala_2011
Guatemala;2012;86,87574;91,8126;96,95097;44,15626;53,33138;62,88099;Guatemala_2012
Guatemala;2013;87,57455;92,29375;97,14483;44,5462;53,90662;63,52863;Guatemala_2013
Guatemala;2014;88,27217;92,77225;97,33871;44,93613;54,48679;64,1783;Guatemala_2014
Guatemala;2015;88,96859;93,24812;97,53261;45,32608;55,07239;64,83002;Guatemala_2015
Guatemala;2016;89,66381;93,72089;97,72653;45,71601;55,66295;65,48377;Guatemala_2016
Guatemala;2017;90,35784;94,19058;97,92047;46,10595;55,99078;65,61035;Guatemala_2017
Guinea;2000;53,09704;62,73274;84,31184;;;;Guinea_2000
Guinea;2001;53,10135;62,86386;84,44769;;;;Guinea_2001
Guinea;2002;53,07293;62,97107;84,57559;;;;Guinea_2002
Guinea;2003;53,01176;63,0549;84,69558;;;;Guinea_2003
Guinea;2004;52,91786;63,11525;84,80764;;;;Guinea_2004
Guinea;2005;52,79122;63,15234;84,91177;;;;Guinea_2005
Guinea;2006;52,63184;63,16671;85,00799;;;;Guinea_2006
Guinea;2007;52,43971;63,15825;85,09628;;;;Guinea_2007
Guinea;2008;52,21485;63,12718;85,17664;;;;Guinea_2008
Guinea;2009;51,95724;63,07372;85,24907;;;;Guinea_2009
Guinea;2010;51,6669;62,99843;85,31358;;;;Guinea_2010
Guinea;2011;51,34382;62,90121;85,37017;;;;Guinea_2011
Guinea;2012;50,988;62,78228;85,41883;;;;Guinea_2012
Guinea;2013;50,59943;62,64186;85,45956;;;;Guinea_2013
Guinea;2014;50,17813;62,4802;85,49237;;;;Guinea_2014
Guinea;2015;49,72409;62,30217;85,51726;;;;Guinea_2015
Guinea;2016;49,2373;62,10819;85,53422;;;;Guinea_2016
Guinea;2017;48,71778;61,89872;85,54325;;;;Guinea_2017
Guinea-Bissau;2000;41,41059;53,37679;74,42715;;;;Guinea-Bissau_2000
Guinea-Bissau;2001;42,19463;54,22892;75,05544;;;;Guinea-Bissau_2001
Guinea-Bissau;2002;42,97472;55,07722;75,68065;;;;Guinea-Bissau_2002
Guinea-Bissau;2003;43,75087;55,92104;76,30276;;;;Guinea-Bissau_2003
Guinea-Bissau;2004;44,52306;56,7607;76,92177;;;;Guinea-Bissau_2004
Guinea-Bissau;2005;45,29131;57,59557;77,53769;;;;Guinea-Bissau_2005
Guinea-Bissau;2006;46,05562;58,4266;78,15052;;;;Guinea-Bissau_2006
Guinea-Bissau;2007;46,81598;59,25316;78,76025;;;;Guinea-Bissau_2007
Guinea-Bissau;2008;47,5724;60,07558;79,36689;;;;Guinea-Bissau_2008
Guinea-Bissau;2009;48,32487;60,89322;79,97044;;;;Guinea-Bissau_2009
Guinea-Bissau;2010;49,07339;61,70735;80,57089;;;;Guinea-Bissau_2010
Guinea-Bissau;2011;49,81797;62,51734;81,16825;;;;Guinea-Bissau_2011
Guinea-Bissau;2012;50,5586;63,3235;81,76251;;;;Guinea-Bissau_2012
Guinea-Bissau;2013;51,29528;64,12551;82,35368;;;;Guinea-Bissau_2013
Guinea-Bissau;2014;52,02802;64,92369;82,94176;;;;Guinea-Bissau_2014
Guinea-Bissau;2015;52,75681;65,71803;83,52675;;;;Guinea-Bissau_2015
Guinea-Bissau;2016;53,48166;66,50823;84,10863;;;;Guinea-Bissau_2016
Guinea-Bissau;2017;53,48166;66,63441;84,10863;;;;Guinea-Bissau_2017
Guyana;2000;85,88319;87,90513;92,92976;;;;Guyana_2000
Guyana;2001;86,38313;88,38362;93,37638;;;;Guyana_2001
Guyana;2002;86,88346;88,86269;93,82376;;;;Guyana_2002
Guyana;2003;87,38417;89,33388;94,27188;;;;Guyana_2003
Guyana;2004;87,88527;89,80358;94,72076;;;;Guyana_2004
Guyana;2005;88,38675;90,27409;95,17039;;;;Guyana_2005
Guyana;2006;88,88862;90,74548;95,62078;;;;Guyana_2006
Guyana;2007;89,39087;91,21767;96,07192;;;;Guyana_2007
Guyana;2008;89,89351;91,69066;96,52381;;;;Guyana_2008
Guyana;2009;90,39654;92,1645;96,97646;;;;Guyana_2009
Guyana;2010;90,89995;92,63911;97,42985;;;;Guyana_2010
Guyana;2011;91,40374;93,11452;97,884;;;;Guyana_2011
Guyana;2012;91,90792;93,6057;98,33891;;;;Guyana_2012
Guyana;2013;92,41248;94,09735;98,79456;;;;Guyana_2013
Guyana;2014;92,91743;94,73885;99,81311;;;;Guyana_2014
Guyana;2015;93,42277;95,16186;100,0;;;;Guyana_2015
Guyana;2016;93,92849;95,53635;100,0;;;;Guyana_2016
Guyana;2017;93,92849;95,53975;100,0;;;;Guyana_2017
Haiti;2000;40,48239;56,23929;84,74335;;;;Haiti_2000
Haiti;2001;40,62725;57,06076;84,74289;;;;Haiti_2001
Haiti;2002;40,76984;57,89031;84,74178;;;;Haiti_2002
Haiti;2003;40,91015;58,72479;84,74001;;;;Haiti_2003
Haiti;2004;41,04818;59,25749;84,73758;;;;Haiti_2004
Haiti;2005;41,18394;59,75303;84,7345;;;;Haiti_2005
Haiti;2006;41,31743;60,24738;84,73076;;;;Haiti_2006
Haiti;2007;41,44864;60,73926;84,72637;;;;Haiti_2007
Haiti;2008;41,57758;61,22998;84,72133;;;;Haiti_2008
Haiti;2009;41,70424;61,71658;84,71562;;;;Haiti_2009
Haiti;2010;41,82862;62,20079;84,70927;;;;Haiti_2010
Haiti;2011;41,95073;62,6818;84,70226;;;;Haiti_2011
Haiti;2012;42,07057;63,15966;84,6946;;;;Haiti_2012
Haiti;2013;42,18813;63,63269;84,68628;;;;Haiti_2013
Haiti;2014;42,30341;64,10223;84,67731;;;;Haiti_2014
Haiti;2015;42,41642;64,56748;84,66768;;;;Haiti_2015
Haiti;2016;42,52715;65,02302;84,65739;;;;Haiti_2016
Haiti;2017;42,63561;65,46683;84,64646;;;;Haiti_2017
Honduras;2000;75,99306;84,80421;95,37611;15,72891;;;Honduras_2000
Honduras;2001;76,78241;85,43278;95,60229;15,89229;;;Honduras_2001
Honduras;2002;77,57175;86,0812;95,82845;16,05567;;;Honduras_2002
Honduras;2003;78,32185;86,71111;96,07053;16,21904;;;Honduras_2003
Honduras;2004;79,07115;87,3345;96,31268;16,38242;;;Honduras_2004
Honduras;2005;79,81966;87,95048;96,55489;16,5458;;;Honduras_2005
Honduras;2006;80,56738;88,55975;96,79719;16,70917;;;Honduras_2006
Honduras;2007;81,31432;89,162;97,03956;16,87255;;;Honduras_2007
Honduras;2008;82,06046;89,75739;97,28201;17,03593;;;Honduras_2008
Honduras;2009;82,80581;90,34547;97,52453;17,1993;;;Honduras_2009
Honduras;2010;83,55037;90,92673;97,76712;17,36268;;;Honduras_2010
Honduras;2011;84,29414;91,50076;98,0098;17,52606;;;Honduras_2011
Honduras;2012;85,03712;92,06799;98,25254;17,68943;;;Honduras_2012
Honduras;2013;85,7793;92,62791;98,49536;17,85281;;;Honduras_2013
Honduras;2014;86,5207;93,18098;98,73826;18,01619;;;Honduras_2014
Honduras;2015;87,3053;93,7373;98,96487;18,17957;;;Honduras_2015
Honduras;2016;88,0899;94,28603;99,1915;18,34294;;;Honduras_2016
Honduras;2017;88,8745;94,82711;99,41811;18,50632;;;Honduras_2017
Hungary;2000;99,8979;99,96383;100,0;;50,50587;;Hungary_2000
Hungary;2001;99,8979;99,96393;100,0;;50,50592;;Hungary_2001
Hungary;2002;99,9;99,96508;100,0;;50,5065;;Hungary_2002
Hungary;2003;99,90001;99,96549;100,0;;50,50671;;Hungary_2003
Hungary;2004;99,90002;99,9659;100,0;;53,29515;;Hungary_2004
Hungary;2005;99,90002;99,96638;100,0;;56,08366;;Hungary_2005
Hungary;2006;99,90003;99,9669;100,0;;58,87222;;Hungary_2006
Hungary;2007;99,90004;99,96744;100,0;;61,66081;;Hungary_2007
Hungary;2008;99,90005;99,96796;100,0;;64,44942;;Hungary_2008
Hungary;2009;99,90005;99,96848;100,0;;67,23807;;Hungary_2009
Hungary;2010;99,90005;99,96893;100,0;;70,02669;;Hungary_2010
Hungary;2011;99,90006;99,96938;100,0;;72,81534;;Hungary_2011
Hungary;2012;99,90007;99,9697;100,0;;75,60391;;Hungary_2012
Hungary;2013;99,90008;99,96998;100,0;;78,39247;;Hungary_2013
Hungary;2014;99,90009;99,97025;100,0;;81,18105;;Hungary_2014
Hungary;2015;99,90009;99,97053;100,0;;83,96964;;Hungary_2015
Hungary;2016;99,9001;99,97081;100,0;;86,75824;;Hungary_2016
Hungary;2017;100,0;100,0;100,0;;89,57276;;Hungary_2017
Iceland;2000;100,0;100,00001;100,0;;89,53967;;Iceland_2000
Iceland;2001;100,0;100,0;100,0;;90,16659;;Iceland_2001
Iceland;2002;100,0;100,0;100,0;;90,79351;;Iceland_2002
Iceland;2003;100,0;100,0;100,0;;91,42043;;Iceland_2003
Iceland;2004;100,0;100,0;100,0;;92,04736;;Iceland_2004
Iceland;2005;100,0;100,00001;100,0;;92,67429;;Iceland_2005
Iceland;2006;100,0;100,0;100,0;;93,30121;;Iceland_2006
Iceland;2007;100,0;100,0;100,0;;93,92813;;Iceland_2007
Iceland;2008;100,0;100,0;100,0;;94,55505;;Iceland_2008
Iceland;2009;100,0;100,0;100,0;;95,18198;;Iceland_2009
Iceland;2010;100,0;100,0;100,0;;95,8089;;Iceland_2010
Iceland;2011;100,0;100,0;100,0;;96,43582;;Iceland_2011
Iceland;2012;100,0;100,0;100,0;;97,06274;;Iceland_2012
Iceland;2013;100,0;100,0;100,0;;97,68967;;Iceland_2013
Iceland;2014;100,0;100,0;100,0;;98,3166;;Iceland_2014
Iceland;2015;100,0;100,0;100,0;;98,94352;;Iceland_2015
Iceland;2016;100,0;100,0;100,0;;99,57044;;Iceland_2016
Iceland;2017;100,0;100,0;100,0;;100,0;;Iceland_2017
India;2000;74,27567;79,0238;91,43739;19,63197;;;India_2000
India;2001;74,89152;79,53629;91,52872;21,54124;;;India_2001
India;2002;75,85544;80,36022;91,80497;23,47924;;;India_2002
India;2003;76,82503;81,18413;92,0816;25,44596;;;India_2003
India;2004;77,80029;82,00808;92,35859;27,44141;;;India_2004
India;2005;78,78124;82,83167;92,63595;29,46557;;;India_2005
India;2006;79,76787;83,65495;92,91367;31,51847;;;India_2006
India;2007;80,76017;84,47796;93,19177;33,60008;;;India_2007
India;2008;81,75815;85,30058;93,47024;35,71042;;;India_2008
India;2009;82,7618;86,12248;93,74908;37,84948;;;India_2009
India;2010;83,77114;86,94367;94,02827;40,01727;;;India_2010
India;2011;84,78616;87,76416;94,30785;42,21378;;;India_2011
India;2012;85,80685;88,58461;94,58779;44,43902;;;India_2012
India;2013;86,83321;89,40462;94,8681;46,69297;;;India_2013
India;2014;87,86526;90,22395;95,14878;48,97566;;;India_2014
India;2015;88,90298;91,04228;95,42982;51,28706;;;India_2015
India;2016;89,94638;91,85928;95,71124;53,62719;;;India_2016
India;2017;90,99546;92,67464;95,99303;55,99605;;;India_2017
Indonesia;2000;65,60619;75,653;89,52603;;;;Indonesia_2000
Indonesia;2001;66,65524;76,60564;89,91307;;;;Indonesia_2001
Indonesia;2002;67,70428;77,54884;90,30012;;;;Indonesia_2002
Indonesia;2003;68,75333;78,4823;90,68716;;;;Indonesia_2003
Indonesia;2004;69,80238;79,40639;91,0742;;;;Indonesia_2004
Indonesia;2005;70,85143;80,31999;91,46124;;;;Indonesia_2005
Indonesia;2006;71,79578;81,14355;91,79613;;;;Indonesia_2006
Indonesia;2007;72,73709;81,95579;92,13058;;;;Indonesia_2007
Indonesia;2008;73,67534;82,75713;92,46459;;;;Indonesia_2008
Indonesia;2009;74,61053;83,54684;92,79816;;;;Indonesia_2009
Indonesia;2010;75,54267;84,32185;93,13129;;;;Indonesia_2010
Indonesia;2011;76,47175;85,06897;93,46398;;;;Indonesia_2011
Indonesia;2012;77,39778;85,80625;93,79623;;;;Indonesia_2012
Indonesia;2013;78,32076;86,53343;94,12805;;;;Indonesia_2013
Indonesia;2014;79,24067;87,25106;94,45943;;;;Indonesia_2014
Indonesia;2015;80,15753;87,95873;94,79036;;;;Indonesia_2015
Indonesia;2016;81,07134;88,65653;95,12085;;;;Indonesia_2016
Indonesia;2017;81,98209;89,34401;95,4509;;;;Indonesia_2017
Iran (Islamic Republic of);2000;89,65852;94,94387;97,91145;83,30123;91,07142;95,43419;Iran (Islamic Republic of)_2000
Iran (Islamic Republic of);2001;89,65852;95,00295;97,91145;83,30123;91,15829;95,43419;Iran (Islamic Republic of)_2001
Iran (Islamic Republic of);2002;89,65852;95,06155;97,91145;83,30123;91,24444;95,43419;Iran (Islamic Republic of)_2002
Iran (Islamic Republic of);2003;89,65852;95,11966;97,91145;83,30123;91,32986;95,43419;Iran (Islamic Republic of)_2003
Iran (Islamic Republic of);2004;89,65852;95,17718;97,91145;83,30123;91,41442;95,43419;Iran (Islamic Republic of)_2004
Iran (Islamic Republic of);2005;89,58691;95,17159;97,85342;83,23469;91,43821;95,37762;Iran (Islamic Republic of)_2005
Iran (Islamic Republic of);2006;89,51529;95,16553;97,79537;83,16814;91,46117;95,32104;Iran (Islamic Republic of)_2006
Iran (Islamic Republic of);2007;89,44367;95,15501;97,73733;83,10161;91,47744;95,26447;Iran (Islamic Republic of)_2007
Iran (Islamic Republic of);2008;89,37205;95,14209;97,67929;83,03506;91,49007;95,20789;Iran (Islamic Republic of)_2008
Iran (Islamic Republic of);2009;89,30043;95,12875;97,62125;82,96852;91,50197;95,15132;Iran (Islamic Republic of)_2009
Iran (Islamic Republic of);2010;89,22881;95,11506;97,5632;82,90199;91,51324;95,09475;Iran (Islamic Republic of)_2010
Iran (Islamic Republic of);2011;89,1572;95,10094;97,50517;82,83544;91,52379;95,03818;Iran (Islamic Republic of)_2011
Iran (Islamic Republic of);2012;89,08557;95,0854;97,44712;82,76891;91,53213;94,98161;Iran (Islamic Republic of)_2012
Iran (Islamic Republic of);2013;89,01395;95,06876;97,38908;82,70236;91,53874;94,92503;Iran (Islamic Republic of)_2013
Iran (Islamic Republic of);2014;89,01395;95,11356;97,38908;82,70236;91,60413;94,92503;Iran (Islamic Republic of)_2014
Iran (Islamic Republic of);2015;89,01395;95,15778;97,38908;82,70236;91,66867;94,92503;Iran (Islamic Republic of)_2015
Iran (Islamic Republic of);2016;89,01395;95,20149;97,38908;82,70236;91,73247;94,92503;Iran (Islamic Republic of)_2016
Iran (Islamic Republic of);2017;89,01395;95,24454;97,38908;82,70236;91,7953;94,92503;Iran (Islamic Republic of)_2017
Iraq;2000;52,87958;80,90583;93,7962;27,08165;50,03514;60,59235;Iraq_2000
Iraq;2001;55,11669;81,47542;93,56852;28,22016;50,55137;60,79669;Iraq_2001
Iraq;2002;57,35494;82,4247;93,89764;29,35867;51,0666;61,00104;Iraq_2002
Iraq;2003;59,59432;83,37234;94,22688;30,49718;51,58082;61,20538;Iraq_2003
Iraq;2004;61,83483;84,31834;94,5562;31,63569;52,09403;61,40973;Iraq_2004
Iraq;2005;64,07648;85,2627;94,88562;32,79097;52,61147;61,61407;Iraq_2005
Iraq;2006;66,31926;86,20512;95,21514;33,93006;53,12255;61,81842;Iraq_2006
Iraq;2007;68,56317;87,1462;95,54476;35,06916;53,63292;62,02277;Iraq_2007
Iraq;2008;70,80822;88,08564;95,87448;36,20825;54,14227;62,22711;Iraq_2008
Iraq;2009;73,05441;89,0232;96,20429;37,34734;54,65036;62,43146;Iraq_2009
Iraq;2010;75,30172;89,97401;96,5342;38,48644;55,17437;62,6358;Iraq_2010
Iraq;2011;77,55017;90,92862;96,86422;39,62553;55,70583;62,84015;Iraq_2011
Iraq;2012;79,79976;91,87715;97,19433;40,76463;56,23398;63,04449;Iraq_2012
Iraq;2013;82,05048;92,81965;97,52454;41,90372;56,75885;63,24884;Iraq_2013
Iraq;2014;84,30233;93,75629;97,85484;43,04281;57,28068;63,45318;Iraq_2014
Iraq;2015;86,55532;94,68708;98,18524;44,18191;57,79946;63,65753;Iraq_2015
Iraq;2016;88,80944;95,61298;98,51574;45,321;58,31704;63,86187;Iraq_2016
Iraq;2017;91,0647;96,53348;98,84634;46,46009;58,83333;64,06622;Iraq_2017
Ireland;2000;97,42629;97,18372;97,01622;;93,0507;;Ireland_2000
Ireland;2001;97,46566;97,1975;97,0142;;93,33542;;Ireland_2001
Ireland;2002;97,50503;97,21105;97,01218;;93,61999;;Ireland_2002
Ireland;2003;97,5444;97,22426;97,01016;;93,9043;;Ireland_2003
Ireland;2004;97,58376;97,23723;97,00815;;94,18845;;Ireland_2004
Ireland;2005;97,62313;97,24998;97,00613;;94,47247;;Ireland_2005
Ireland;2006;97,66251;97,26261;97,00411;;94,75644;;Ireland_2006
Ireland;2007;97,70187;97,27542;97,00209;;95,04066;;Ireland_2007
Ireland;2008;97,74124;97,28808;97,00007;;95,32479;;Ireland_2008
Ireland;2009;97,78061;97,30058;96,99805;;95,60884;;Ireland_2009
Ireland;2010;97,81998;97,3129;96,99603;;95,89279;;Ireland_2010
Ireland;2011;97,85934;97,32507;96,99402;;96,17666;;Ireland_2011
Ireland;2012;97,89871;97,33707;96,992;;96,46043;;Ireland_2012
Ireland;2013;97,93808;97,34892;96,98998;;96,7441;;Ireland_2013
Ireland;2014;97,97745;97,3606;96,98796;;97,02768;;Ireland_2014
Ireland;2015;98,01682;97,37213;96,98594;;97,29984;;Ireland_2015
Ireland;2016;98,05618;97,38348;96,98392;;97,31146;;Ireland_2016
Ireland;2017;98,09555;97,39455;96,9819;;97,32282;;Ireland_2017
Israel;2000;100,0;100,0;100,0;99,96265;99,91615;99,91167;Israel_2000
Israel;2001;100,0;100,0;100,0;99,96265;99,91612;99,91167;Israel_2001
Israel;2002;100,0;100,0;100,0;99,96265;99,91609;99,91167;Israel_2002
Israel;2003;100,0;100,0;100,0;99,96265;99,91605;99,91167;Israel_2003
Israel;2004;100,0;100,0;100,0;99,96265;99,91603;99,91167;Israel_2004
Israel;2005;100,0;100,0;100,0;99,96265;99,916;99,91167;Israel_2005
Israel;2006;100,0;100,0;100,0;99,96265;99,91596;99,91167;Israel_2006
Israel;2007;100,0;100,0;100,0;99,96265;99,91593;99,91167;Israel_2007
Israel;2008;100,0;100,0;100,0;99,88624;99,86237;99,86021;Israel_2008
Israel;2009;100,0;100,0;100,0;99,80981;99,80883;99,80874;Israel_2009
Israel;2010;100,0;100,0;100,0;99,73339;99,75533;99,75728;Israel_2010
Israel;2011;100,0;100,0;100,0;99,65697;99,70185;99,70581;Israel_2011
Israel;2012;100,0;100,0;100,0;99,58055;99,64841;99,65434;Israel_2012
Israel;2013;100,0;100,0;100,0;99,50413;99,59501;99,60288;Israel_2013
Israel;2014;100,0;100,0;100,0;99,42771;99,54165;99,55141;Israel_2014
Israel;2015;100,0;100,0;100,0;99,35129;99,48833;99,49995;Israel_2015
Israel;2016;100,0;100,0;100,0;99,27486;99,43504;99,44849;Israel_2016
Israel;2017;100,0;100,0;100,0;99,19845;99,38181;99,39702;Israel_2017
Italy;2000;100,0;100,0;100,0;;86,4651;;Italy_2000
Italy;2001;100,0;100,0;100,0;;87,03429;;Italy_2001
Italy;2002;99,99157;99,99233;99,99271;;87,59677;;Italy_2002
Italy;2003;99,94099;99,94635;99,94894;;88,12537;;Italy_2003
Italy;2004;99,8904;99,90039;99,90517;;88,65348;;Italy_2004
Italy;2005;99,83983;99,85444;99,8614;;89,18107;;Italy_2005
Italy;2006;99,78925;99,80851;99,81763;;89,70815;;Italy_2006
Italy;2007;99,73866;99,76259;99,77386;;90,23472;;Italy_2007
Italy;2008;99,68808;99,71669;99,73009;;90,76079;;Italy_2008
Italy;2009;99,6375;99,6708;99,68633;;91,28634;;Italy_2009
Italy;2010;99,58692;99,62494;99,64256;;91,81139;;Italy_2010
Italy;2011;99,53634;99,57908;99,59879;;92,33593;;Italy_2011
Italy;2012;99,48576;99,53333;99,55502;;92,86005;;Italy_2012
Italy;2013;99,43517;99,48765;99,51125;;93,38371;;Italy_2013
Italy;2014;99,38459;99,44202;99,46748;;93,90689;;Italy_2014
Italy;2015;99,38459;99,44225;99,46748;;94,47314;;Italy_2015
Italy;2016;99,38459;99,4425;99,46748;;95,03938;;Italy_2016
Italy;2017;99,38459;99,44273;99,46748;;95,03961;;Italy_2017
Jamaica;2000;88,18793;93,12331;97,71311;;;;Jamaica_2000
Jamaica;2001;88,41988;93,28157;97,75977;;;;Jamaica_2001
Jamaica;2002;88,65181;93,43519;97,80643;;;;Jamaica_2002
Jamaica;2003;88,88375;93,587;97,85309;;;;Jamaica_2003
Jamaica;2004;88,40915;93,40358;97,89974;;;;Jamaica_2004
Jamaica;2005;87,93088;93,07216;97,66613;;;;Jamaica_2005
Jamaica;2006;87,44892;92,7127;97,38096;;;;Jamaica_2006
Jamaica;2007;86,96329;92,35199;97,09547;;;;Jamaica_2007
Jamaica;2008;86,47398;91,99024;96,80967;;;;Jamaica_2008
Jamaica;2009;85,981;91,62727;96,52354;;;;Jamaica_2009
Jamaica;2010;85,48433;91,26319;96,23711;;;;Jamaica_2010
Jamaica;2011;84,98399;90,89815;95,95036;;;;Jamaica_2011
Jamaica;2012;84,47997;90,53372;95,66328;;;;Jamaica_2012
Jamaica;2013;83,97227;90,17014;95,3759;;;;Jamaica_2013
Jamaica;2014;84,18581;90,31852;95,42117;;;;Jamaica_2014
Jamaica;2015;84,39936;90,46777;95,46643;;;;Jamaica_2015
Jamaica;2016;84,61291;90,61792;95,51169;;;;Jamaica_2016
Jamaica;2017;84,61291;90,64844;95,51169;;;;Jamaica_2017
Japan;2000;;98,4875;;;97,86467;;Japan_2000
Japan;2001;;98,4875;;;97,86467;;Japan_2001
Japan;2002;;98,4875;;;97,86467;;Japan_2002
Japan;2003;;98,4875;;;97,86467;;Japan_2003
Japan;2004;;98,4875;;;97,86467;;Japan_2004
Japan;2005;;98,52771;;;97,90996;;Japan_2005
Japan;2006;;98,56792;;;97,95525;;Japan_2006
Japan;2007;;98,60812;;;98,00053;;Japan_2007
Japan;2008;;98,64833;;;98,04584;;Japan_2008
Japan;2009;;98,68855;;;98,09113;;Japan_2009
Japan;2010;;98,72875;;;98,13644;;Japan_2010
Japan;2011;;98,76896;;;98,18176;;Japan_2011
Japan;2012;;98,80917;;;98,22707;;Japan_2012
Japan;2013;;98,84937;;;98,27238;;Japan_2013
Japan;2014;;98,88958;;;98,31771;;Japan_2014
Japan;2015;;98,92979;;;98,36304;;Japan_2015
Japan;2016;;98,97;;;98,40837;;Japan_2016
Japan;2017;;99,01021;;;98,4537;;Japan_2017
Jordan;2000;98,35873;99,40183;99,69144;;93,95779;;Jordan_2000
Jordan;2001;98,32004;99,36469;99,65449;;93,923;;Jordan_2001
Jordan;2002;98,28135;99,32752;99,61753;;93,8882;;Jordan_2002
Jordan;2003;98,24265;99,29035;99,58058;;93,85337;;Jordan_2003
Jordan;2004;98,20396;99,25321;99,54363;;93,81858;;Jordan_2004
Jordan;2005;98,16527;99,23149;99,50668;;93,82613;;Jordan_2005
Jordan;2006;98,12657;99,21413;99,46973;;93,84554;;Jordan_2006
Jordan;2007;98,08788;99,19569;99,43279;;93,86185;;Jordan_2007
Jordan;2008;98,04919;99,17622;99,39584;;93,87525;;Jordan_2008
Jordan;2009;98,01049;99,15565;99,35889;;93,88553;;Jordan_2009
Jordan;2010;97,97179;99,1341;99,32193;;93,89304;;Jordan_2010
Jordan;2011;97,93311;99,11156;99,28498;;93,89775;;Jordan_2011
Jordan;2012;97,89441;99,0881;99,24803;;93,89987;;Jordan_2012
Jordan;2013;97,85571;99,06368;99,21108;;93,89931;;Jordan_2013
Jordan;2014;97,81702;99,03842;99,17413;;93,89637;;Jordan_2014
Jordan;2015;97,77833;99,00478;99,13718;;93,87062;;Jordan_2015
Jordan;2016;97,73964;98,97105;99,10023;;93,84464;;Jordan_2016
Jordan;2017;97,70094;98,93723;99,06329;;93,81834;;Jordan_2017
Kazakhstan;2000;72,35773;84,56442;94,11731;;57,54806;;Kazakhstan_2000
Kazakhstan;2001;72,87101;84,94212;94,36095;;57,78784;;Kazakhstan_2001
Kazakhstan;2002;74,01958;85,62772;94,65849;;59,68283;;Kazakhstan_2002
Kazakhstan;2003;75,17702;86,31612;94,95631;;61,59482;;Kazakhstan_2003
Kazakhstan;2004;76,34336;87,0073;95,25441;;63,52372;;Kazakhstan_2004
Kazakhstan;2005;77,51859;87,70124;95,55279;;65,46944;;Kazakhstan_2005
Kazakhstan;2006;78,7027;88,39791;95,85144;;67,43186;;Kazakhstan_2006
Kazakhstan;2007;79,8957;89,09731;96,15038;;69,4109;;Kazakhstan_2007
Kazakhstan;2008;81,09758;89,7994;96,44958;;71,40648;;Kazakhstan_2008
Kazakhstan;2009;82,30836;90,50419;96,74907;;73,41849;;Kazakhstan_2009
Kazakhstan;2010;83,52802;91,21149;97,04884;;75,44648;;Kazakhstan_2010
Kazakhstan;2011;84,75656;91,92159;97,34888;;77,4911;;Kazakhstan_2011
Kazakhstan;2012;85,994;92,63432;97,64919;;79,55186;;Kazakhstan_2012
Kazakhstan;2013;87,24031;93,30481;97,8712;;81,5865;;Kazakhstan_2013
Kazakhstan;2014;88,49552;93,88235;97,92659;;83,54642;;Kazakhstan_2014
Kazakhstan;2015;89,75961;94,46207;97,98198;;85,52089;;Kazakhstan_2015
Kazakhstan;2016;91,03259;95,04381;98,03738;;87,50956;;Kazakhstan_2016
Kazakhstan;2017;92,31446;95,62751;98,09277;;89,51225;;Kazakhstan_2017
Kenya;2000;37,20719;47,3154;88,02267;;;62,14936;Kenya_2000
Kenya;2001;37,95264;48,04586;87,8228;;;62,03724;Kenya_2001
Kenya;2002;38,69611;48,77066;87,62307;;;62,70618;Kenya_2002
Kenya;2003;39,4376;49,48969;87,42349;;;62,02045;Kenya_2003
Kenya;2004;40,17711;50,20282;87,22407;;;61,14448;Kenya_2004
Kenya;2005;40,91464;50,90902;87,02478;;;60,27129;Kenya_2005
Kenya;2006;41,65019;51,60912;86,82565;;;59,40088;Kenya_2006
Kenya;2007;42,38376;52,30302;86,62666;;;58,53324;Kenya_2007
Kenya;2008;43,11535;52,99059;86,42783;;;57,66837;Kenya_2008
Kenya;2009;43,84495;53,67088;86,22914;;;56,80629;Kenya_2009
Kenya;2010;44,57257;54,34464;86,0306;;;55,94697;Kenya_2010
Kenya;2011;45,29821;55,01381;85,83221;;;55,09043;Kenya_2011
Kenya;2012;46,02187;55,67772;85,63397;;;54,23666;Kenya_2012
Kenya;2013;46,74355;56,33693;85,43587;;;53,38567;Kenya_2013
Kenya;2014;47,46325;56,9904;85,23793;;;52,53746;Kenya_2014
Kenya;2015;48,18097;57,6383;85,04013;;;51,69202;Kenya_2015
Kenya;2016;48,89671;58,28035;84,84248;;;50,84935;Kenya_2016
Kenya;2017;49,61047;58,91633;84,64498;;;50,00946;Kenya_2017
Kiribati;2000;;50,02758;;;;;Kiribati_2000
Kiribati;2001;;51,29749;;;;;Kiribati_2001
Kiribati;2002;;52,56739;;;;;Kiribati_2002
Kiribati;2003;;53,8373;;;;;Kiribati_2003
Kiribati;2004;;55,1072;;;;;Kiribati_2004
Kiribati;2005;;56,37711;;;;;Kiribati_2005
Kiribati;2006;;57,64701;;;;;Kiribati_2006
Kiribati;2007;;58,91692;;;;;Kiribati_2007
Kiribati;2008;;60,18682;;;;;Kiribati_2008
Kiribati;2009;;61,45673;;;;;Kiribati_2009
Kiribati;2010;;62,72663;;;;;Kiribati_2010
Kiribati;2011;;63,99654;;;;;Kiribati_2011
Kiribati;2012;;65,26645;;;;;Kiribati_2012
Kiribati;2013;;66,53635;;;;;Kiribati_2013
Kiribati;2014;;67,80626;;;;;Kiribati_2014
Kiribati;2015;;69,07616;;;;;Kiribati_2015
Kiribati;2016;;70,34607;;;;;Kiribati_2016
Kiribati;2017;;71,61597;;;;;Kiribati_2017
Kuwait;2000;;100,0;;;100,0;;Kuwait_2000
Kuwait;2001;;100,0;;;100,0;;Kuwait_2001
Kuwait;2002;;100,0;;;100,0;;Kuwait_2002
Kuwait;2003;;100,0;;;100,0;;Kuwait_2003
Kuwait;2004;;100,0;;;100,0;;Kuwait_2004
Kuwait;2005;;100,0;;;100,0;;Kuwait_2005
Kuwait;2006;;100,0;;;100,0;;Kuwait_2006
Kuwait;2007;;100,0;;;100,0;;Kuwait_2007
Kuwait;2008;;100,0;;;100,0;;Kuwait_2008
Kuwait;2009;;100,0;;;100,0;;Kuwait_2009
Kuwait;2010;;100,0;;;100,0;;Kuwait_2010
Kuwait;2011;;100,0;;;100,0;;Kuwait_2011
Kuwait;2012;;100,0;;;100,0;;Kuwait_2012
Kuwait;2013;;100,0;;;100,0;;Kuwait_2013
Kuwait;2014;;100,0;;;100,0;;Kuwait_2014
Kuwait;2015;;100,0;;;100,0;;Kuwait_2015
Kuwait;2016;;100,0;;;100,0;;Kuwait_2016
Kuwait;2017;;100,0;;;100,0;;Kuwait_2017
Kyrgyzstan;2000;72,91299;80,60384;94,70134;27,76875;46,35088;80,41232;Kyrgyzstan_2000
Kyrgyzstan;2001;72,91299;80,60341;94,70134;27,76875;46,34982;80,41232;Kyrgyzstan_2001
Kyrgyzstan;2002;73,56808;81,10655;94,92656;28,01823;46,57822;80,60356;Kyrgyzstan_2002
Kyrgyzstan;2003;74,22316;81,6095;95,15179;28,26772;46,80611;80,7948;Kyrgyzstan_2003
Kyrgyzstan;2004;74,87824;82,11266;95,37701;28,51721;47,03451;80,98605;Kyrgyzstan_2004
Kyrgyzstan;2005;75,47552;82,57237;95,58561;30,47124;48,679;82,06591;Kyrgyzstan_2005
Kyrgyzstan;2006;76,0718;83,03161;95,79413;32,45483;50,34464;83,14997;Kyrgyzstan_2006
Kyrgyzstan;2007;76,66707;83,48999;96,00257;34,46799;52,03041;84,23821;Kyrgyzstan_2007
Kyrgyzstan;2008;77,26134;83,94771;96,21093;36,51071;53,73682;85,33064;Kyrgyzstan_2008
Kyrgyzstan;2009;77,85461;84,40495;96,41921;38,583;55,46437;86,42725;Kyrgyzstan_2009
Kyrgyzstan;2010;78,44688;84,8657;96,62742;40,68486;57,22332;87,52806;Kyrgyzstan_2010
Kyrgyzstan;2011;79,03813;85,32988;96,83555;42,81629;59,01343;88,63305;Kyrgyzstan_2011
Kyrgyzstan;2012;79,6284;85,79738;97,04359;44,97728;60,83437;89,74223;Kyrgyzstan_2012
Kyrgyzstan;2013;80,21765;86,26759;97,25156;47,16784;62,68441;90,85559;Kyrgyzstan_2013
Kyrgyzstan;2014;80,80591;86,73149;97,43446;49,38795;64,55478;91,94955;Kyrgyzstan_2014
Kyrgyzstan;2015;81,39316;87,07851;97,28426;51,63765;66,33919;92,7298;Kyrgyzstan_2015
Kyrgyzstan;2016;81,97941;87,42696;97,13506;53,9169;68,1477;93,50848;Kyrgyzstan_2016
Kyrgyzstan;2017;81,97941;87,4559;97,13506;53,9169;68,22332;93,50848;Kyrgyzstan_2017
Lao People's Democratic Republic;2000;37,99092;46,51606;76,7821;0,47266;5,08624;21,46546;Lao People's Democratic Republic_2000
Lao People's Democratic Republic;2001;40,17648;48,82481;77,78941;2,4021;6,85009;21,74709;Lao People's Democratic Republic_2001
Lao People's Democratic Republic;2002;42,36524;51,12482;78,79671;4,53587;8,74185;22,02872;Lao People's Democratic Republic_2002
Lao People's Democratic Republic;2003;44,55722;53,41333;79,80402;6,4067;10,40265;22,31034;Lao People's Democratic Republic_2003
Lao People's Democratic Republic;2004;46,75241;55,69015;80,81132;6,71735;10,88317;22,59198;Lao People's Democratic Republic_2004
Lao People's Democratic Republic;2005;48,95082;57,88626;81,81862;7,02799;11,33578;22,87361;Lao People's Democratic Republic_2005
Lao People's Democratic Republic;2006;51,15244;59,94119;82,82592;7,33863;11,72742;23,15524;Lao People's Democratic Republic_2006
Lao People's Democratic Republic;2007;53,35727;61,98684;83,83321;7,64927;12,11969;23,43686;Lao People's Democratic Republic_2007
Lao People's Democratic Republic;2008;55,56531;64,0238;84,84051;7,95992;12,51304;23,71849;Lao People's Democratic Republic_2008
Lao People's Democratic Republic;2009;57,77657;66,05057;85,8478;8,27056;12,90685;24,00012;Lao People's Democratic Republic_2009
Lao People's Democratic Republic;2010;59,99104;68,06745;86,85509;8,5812;13,30142;24,28176;Lao People's Democratic Republic_2010
Lao People's Democratic Republic;2011;62,20873;70,07413;87,86238;8,89184;13,69674;24,56339;Lao People's Democratic Republic_2011
Lao People's Democratic Republic;2012;64,42963;72,07056;88,86967;9,20249;14,09297;24,84501;Lao People's Democratic Republic_2012
Lao People's Democratic Republic;2013;66,65374;74,05544;89,87695;9,51313;14,48947;25,12664;Lao People's Democratic Republic_2013
Lao People's Democratic Republic;2014;68,88107;76,02924;90,88423;9,82377;14,88671;25,40827;Lao People's Democratic Republic_2014
Lao People's Democratic Republic;2015;71,1116;77,99142;91,89151;10,13441;15,28452;25,6899;Lao People's Democratic Republic_2015
Lao People's Democratic Republic;2016;73,34536;79,9419;92,89879;10,44506;15,68307;25,97153;Lao People's Democratic Republic_2016
Lao People's Democratic Republic;2017;75,58232;82,0619;94,43584;10,7557;16,08187;26,25316;Lao People's Democratic Republic_2017
Latvia;2000;95,7881;97,81055;98,75936;;92,79144;;Latvia_2000
Latvia;2001;95,7881;97,80708;98,75936;;92,77224;;Latvia_2001
Latvia;2002;95,9377;97,85539;98,76407;;92,79999;;Latvia_2002
Latvia;2003;96,08729;97,90534;98,76878;;92,83607;;Latvia_2003
Latvia;2004;96,23689;97,95924;98,77348;;92,89632;;Latvia_2004
Latvia;2005;96,38648;98,01284;98,77819;;92,95632;;Latvia_2005
Latvia;2006;96,53607;98,06318;98,7829;;92,98924;;Latvia_2006
Latvia;2007;96,68567;98,11288;98,78761;;93,17592;;Latvia_2007
Latvia;2008;96,83526;98,1628;98,79231;;93,36407;;Latvia_2008
Latvia;2009;96,98486;98,21375;98,79702;;93,55994;;Latvia_2009
Latvia;2010;97,13445;98,26554;98,80173;;93,76279;;Latvia_2010
Latvia;2011;97,28404;98,31727;98,80643;;93,96592;;Latvia_2011
Latvia;2012;97,43363;98,36892;98,81114;;94,16918;;Latvia_2012
Latvia;2013;97,58323;98,42049;98,81585;;94,37258;;Latvia_2013
Latvia;2014;97,73282;98,47196;98,82056;;94,57601;;Latvia_2014
Latvia;2015;97,88242;98,52336;98,82526;;94,77968;;Latvia_2015
Latvia;2016;98,03201;98,57478;98,82997;;94,98471;;Latvia_2016
Latvia;2017;98,1816;98,62618;98,83468;;95,19086;;Latvia_2017
Lebanon;2000;;85,3944;;;43,98826;;Lebanon_2000
Lebanon;2001;;85,85199;;;44,22397;;Lebanon_2001
Lebanon;2002;;86,30957;;;44,45968;;Lebanon_2002
Lebanon;2003;;86,76716;;;44,69539;;Lebanon_2003
Lebanon;2004;;87,22475;;;44,93111;;Lebanon_2004
Lebanon;2005;;87,68233;;;45,16682;;Lebanon_2005
Lebanon;2006;;88,13992;;;45,40253;;Lebanon_2006
Lebanon;2007;;88,5975;;;45,63824;;Lebanon_2007
Lebanon;2008;;89,05509;;;45,87395;;Lebanon_2008
Lebanon;2009;;89,51267;;;46,10966;;Lebanon_2009
Lebanon;2010;;89,97026;;;46,34537;;Lebanon_2010
Lebanon;2011;;90,42785;;;46,58109;;Lebanon_2011
Lebanon;2012;;90,88544;;;46,8168;;Lebanon_2012
Lebanon;2013;;91,34302;;;47,05251;;Lebanon_2013
Lebanon;2014;;91,80061;;;47,28822;;Lebanon_2014
Lebanon;2015;;92,25819;;;47,52393;;Lebanon_2015
Lebanon;2016;;92,6;;;47,7;;Lebanon_2016
Lebanon;2017;;92,6;;;47,7;;Lebanon_2017
Lesotho;2000;64,39188;67,46613;80,11857;;;;Lesotho_2000
Lesotho;2001;64,08018;67,45876;80,91663;;;;Lesotho_2001
Lesotho;2002;63,76923;67,46555;81,7151;;;;Lesotho_2002
Lesotho;2003;63,45903;67,48666;82,51395;;;;Lesotho_2003
Lesotho;2004;63,14956;67,52285;83,31319;;;;Lesotho_2004
Lesotho;2005;62,84084;67,57364;84,11282;;;;Lesotho_2005
Lesotho;2006;62,53285;67,63997;84,91286;;;;Lesotho_2006
Lesotho;2007;62,22562;67,69918;85,71327;;;;Lesotho_2007
Lesotho;2008;61,91912;67,77174;86,51408;;;;Lesotho_2008
Lesotho;2009;61,61337;67,85714;87,31529;;;;Lesotho_2009
Lesotho;2010;61,30836;67,95634;88,11689;;;;Lesotho_2010
Lesotho;2011;61,00409;68,06932;88,91888;;;;Lesotho_2011
Lesotho;2012;60,70056;68,16004;89,72125;;;;Lesotho_2012
Lesotho;2013;60,39778;68,26103;90,52402;;;;Lesotho_2013
Lesotho;2014;60,09574;68,3727;91,32719;;;;Lesotho_2014
Lesotho;2015;59,79445;68,4955;92,13074;;;;Lesotho_2015
Lesotho;2016;59,49389;68,62891;92,93469;;;;Lesotho_2016
Lesotho;2017;59,32293;68,64994;92,95802;;;;Lesotho_2017
Liberia;2000;49,52876;62,1736;78,05245;;;;Liberia_2000
Liberia;2001;50,50522;63,03995;78,56406;;;;Liberia_2001
Liberia;2002;51,48169;63,90367;79,07566;;;;Liberia_2002
Liberia;2003;52,45815;64,76419;79,58727;;;;Liberia_2003
Liberia;2004;53,43462;65,62178;80,09887;;;;Liberia_2004
Liberia;2005;54,41108;66,47617;80,61047;;;;Liberia_2005
Liberia;2006;55,09673;67,05872;80,87912;;;;Liberia_2006
Liberia;2007;55,77211;67,63177;81,1447;;;;Liberia_2007
Liberia;2008;56,43725;68,19511;81,40722;;;;Liberia_2008
Liberia;2009;57,09213;68,75152;81,66667;;;;Liberia_2009
Liberia;2010;57,73676;69,30095;81,92306;;;;Liberia_2010
Liberia;2011;58,37112;69,84359;82,17638;;;;Liberia_2011
Liberia;2012;58,99524;70,37892;82,42664;;;;Liberia_2012
Liberia;2013;59,60911;70,90736;82,67384;;;;Liberia_2013
Liberia;2014;60,21272;71,42843;82,91796;;;;Liberia_2014
Liberia;2015;60,80607;71,94231;83,15903;;;;Liberia_2015
Liberia;2016;61,38917;72,44901;83,39703;;;;Liberia_2016
Liberia;2017;61,96202;72,94803;83,63197;;;;Liberia_2017
Libya;2000;;84,29737;;;;;Libya_2000
Libya;2001;;85,18684;;;;;Libya_2001
Libya;2002;;86,07632;;;;;Libya_2002
Libya;2003;;86,96579;;;;;Libya_2003
Libya;2004;;87,85526;;;;;Libya_2004
Libya;2005;;88,74474;;;;;Libya_2005
Libya;2006;;89,63421;;;;;Libya_2006
Libya;2007;;90,52368;;;;;Libya_2007
Libya;2008;;91,41315;;;;;Libya_2008
Libya;2009;;92,30264;;;;;Libya_2009
Libya;2010;;93,19211;;;;;Libya_2010
Libya;2011;;94,08158;;;;;Libya_2011
Libya;2012;;94,97105;;;;;Libya_2012
Libya;2013;;95,86053;;;;;Libya_2013
Libya;2014;;96,75;;;;;Libya_2014
Libya;2015;;97,63947;;;;;Libya_2015
Libya;2016;;98,52895;;;;;Libya_2016
Libya;2017;;98,52895;;;;;Libya_2017
Lithuania;2000;75,397;89,66957;96,70378;;68,65453;;Lithuania_2000
Lithuania;2001;76,41843;90,11673;96,8884;;68,99689;;Lithuania_2001
Lithuania;2002;77,43987;90,56031;97,07301;;69,33652;;Lithuania_2002
Lithuania;2003;78,4613;91,00541;97,25762;;69,6773;;Lithuania_2003
Lithuania;2004;79,48273;91,45203;97,44224;;71,37566;;Lithuania_2004
Lithuania;2005;80,50417;91,91387;97,62685;;73,09937;;Lithuania_2005
Lithuania;2006;81,5256;92,38925;97,81147;;74,84776;;Lithuania_2006
Lithuania;2007;82,54703;92,86344;97,99608;;76,60926;;Lithuania_2007
Lithuania;2008;83,56846;93,33645;98,18069;;78,38383;;Lithuania_2008
Lithuania;2009;84,58989;93,79765;98,36531;;80,16235;;Lithuania_2009
Lithuania;2010;85,61133;94,24874;98,54992;;81,94576;;Lithuania_2010
Lithuania;2011;86,63276;94,70961;98,73454;;83,75119;;Lithuania_2011
Lithuania;2012;87,65419;95,18639;98,91915;;85,5846;;Lithuania_2012
Lithuania;2013;88,67562;95,66102;99,10376;;87,43019;;Lithuania_2013
Lithuania;2014;89,69705;96,1336;99,28838;;89,28796;;Lithuania_2014
Lithuania;2015;90,71848;96,60413;99,47299;;91,15781;;Lithuania_2015
Lithuania;2016;91,73991;97,07375;99,6576;;91,60094;;Lithuania_2016
Lithuania;2017;92,76134;97,54207;99,84222;;92,04286;;Lithuania_2017
Luxembourg;2000;100,0;100,0;100,0;100,0;100,0;100,0;Luxembourg_2000
Luxembourg;2001;100,0;100,0;100,0;100,0;100,0;100,0;Luxembourg_2001
Luxembourg;2002;100,0;100,0;100,0;100,0;100,0;100,0;Luxembourg_2002
Luxembourg;2003;100,0;100,0;100,0;100,0;100,0;100,0;Luxembourg_2003
Luxembourg;2004;100,0;100,0;100,0;100,0;100,0;100,0;Luxembourg_2004
Luxembourg;2005;100,0;100,0;100,0;100,0;100,0;100,0;Luxembourg_2005
Luxembourg;2006;100,0;100,0;100,0;100,0;100,0;100,0;Luxembourg_2006
Luxembourg;2007;100,0;100,0;100,0;100,0;100,0;100,0;Luxembourg_2007
Luxembourg;2008;100,0;100,0;100,0;100,0;100,0;100,0;Luxembourg_2008
Luxembourg;2009;100,0;100,0;100,0;100,0;100,0;100,0;Luxembourg_2009
Luxembourg;2010;100,0;100,0;100,0;100,0;100,0;100,0;Luxembourg_2010
Luxembourg;2011;100,0;100,0;100,0;100,0;100,0;100,0;Luxembourg_2011
Luxembourg;2012;99,88095;99,9872;100,0;99,58131;99,95499;100,0;Luxembourg_2012
Luxembourg;2013;99,66666;99,96525;100,0;99,06866;99,9029;100,0;Luxembourg_2013
Luxembourg;2014;99,45238;99,9446;100,0;98,55731;99,85406;100,0;Luxembourg_2014
Luxembourg;2015;99,2381;99,92517;100,0;98,04724;99,80822;100,0;Luxembourg_2015
Luxembourg;2016;99,02381;99,90687;100,0;97,53845;99,76517;100,0;Luxembourg_2016
Luxembourg;2017;98,80952;99,8896;100,0;97,03095;99,72468;100,0;Luxembourg_2017
Madagascar;2000;23,79181;35,76851;67,95206;;;;Madagascar_2000
Madagascar;2001;24,48637;36,67054;68,96873;;;;Madagascar_2001
Madagascar;2002;25,18631;37,58027;69,98968;;;;Madagascar_2002
Madagascar;2003;25,89164;38,49727;71,01488;;;;Madagascar_2003
Madagascar;2004;26,60235;39,42199;72,04436;;;;Madagascar_2004
Madagascar;2005;27,31844;40,50362;73,07809;;;;Madagascar_2005
Madagascar;2006;28,03991;41,59783;74,11609;;;;Madagascar_2006
Madagascar;2007;28,76677;42,70419;75,15836;;;;Madagascar_2007
Madagascar;2008;29,499;43,8237;76,20489;;;;Madagascar_2008
Madagascar;2009;30,23662;44,95406;77,25568;;;;Madagascar_2009
Madagascar;2010;30,97962;46,09624;78,31075;;;;Madagascar_2010
Madagascar;2011;31,72801;47,24979;79,37007;;;;Madagascar_2011
Madagascar;2012;32,48177;48,41475;80,43366;;;;Madagascar_2012
Madagascar;2013;33,24092;49,59065;81,50152;;;;Madagascar_2013
Madagascar;2014;34,00546;50,77799;82,57365;;;;Madagascar_2014
Madagascar;2015;34,77537;51,97583;83,65003;;;;Madagascar_2015
Madagascar;2016;35,55066;53,18465;84,73068;;;;Madagascar_2016
Madagascar;2017;36,33134;54,40398;85,8156;;;;Madagascar_2017
Malawi;2000;47,28716;52,94207;85,99291;;;;Malawi_2000
Malawi;2001;48,36654;53,89622;85,98857;;;;Malawi_2001
Malawi;2002;49,44431;54,84702;85,98365;;;;Malawi_2002
Malawi;2003;50,52048;55,79481;85,97816;;;;Malawi_2003
Malawi;2004;51,59505;56,73922;85,97208;;;;Malawi_2004
Malawi;2005;52,66801;57,6806;85,96542;;;;Malawi_2005
Malawi;2006;53,73937;58,61859;85,95818;;;;Malawi_2006
Malawi;2007;54,80914;59,5535;85,95036;;;;Malawi_2007
Malawi;2008;55,87729;60,485;85,94196;;;;Malawi_2008
Malawi;2009;56,94385;61,41658;85,93298;;;;Malawi_2009
Malawi;2010;58,0088;62,34785;85,92342;;;;Malawi_2010
Malawi;2011;59,07215;63,27869;85,91327;;;;Malawi_2011
Malawi;2012;60,1339;64,20844;85,90255;;;;Malawi_2012
Malawi;2013;61,19404;65,1372;85,89125;;;;Malawi_2013
Malawi;2014;62,25259;66,06406;85,87936;;;;Malawi_2014
Malawi;2015;63,30953;66,98931;85,86691;;;;Malawi_2015
Malawi;2016;64,36487;67,91184;85,85386;;;;Malawi_2016
Malawi;2017;65,4186;68,83188;85,84023;;;;Malawi_2017
Malaysia;2000;94,1064;97,36629;99,36623;;93,02483;;Malaysia_2000
Malaysia;2001;94,1064;97,41599;99,36623;;93,13538;;Malaysia_2001
Malaysia;2002;93,80833;97,34638;99,34901;;93,13565;;Malaysia_2002
Malaysia;2003;93,51025;97,28144;99,33179;;93,13946;;Malaysia_2003
Malaysia;2004;93,21217;97,22108;99,31458;;93,14672;;Malaysia_2004
Malaysia;2005;92,91409;97,16496;99,29736;;93,15688;;Malaysia_2005
Malaysia;2006;92,61601;97,11317;99,28014;;93,17019;;Malaysia_2006
Malaysia;2007;92,31793;97,06552;99,26292;;93,18643;;Malaysia_2007
Malaysia;2008;92,01986;97,02195;99,2457;;93,20554;;Malaysia_2008
Malaysia;2009;91,72178;96,9821;99,22848;;93,22699;;Malaysia_2009
Malaysia;2010;91,42371;96,94601;99,21126;;93,25095;;Malaysia_2010
Malaysia;2011;91,12563;96,90334;99,19405;;93,25924;;Malaysia_2011
Malaysia;2012;90,82755;96,86199;99,17683;;93,26659;;Malaysia_2012
Malaysia;2013;90,52947;96,82343;99,15961;;93,2757;;Malaysia_2013
Malaysia;2014;90,23139;96,78783;99,14239;;93,28694;;Malaysia_2014
Malaysia;2015;89,93331;96,75487;99,12517;;93,29981;;Malaysia_2015
Malaysia;2016;89,63524;96,72462;99,10795;;93,31452;;Malaysia_2016
Malaysia;2017;89,33716;96,69594;99,09073;;93,32928;;Malaysia_2017
Maldives;2000;90,41175;92,49741;97,93958;;;;Maldives_2000
Maldives;2001;91,01949;93,02065;97,95375;;;;Maldives_2001
Maldives;2002;91,62723;93,5321;97,96792;;;;Maldives_2002
Maldives;2003;92,23497;94,03106;97,98209;;;;Maldives_2003
Maldives;2004;92,8427;94,51709;97,99625;;;;Maldives_2004
Maldives;2005;93,45045;94,98944;98,01042;;;;Maldives_2005
Maldives;2006;94,05819;95,43826;98,02459;;;;Maldives_2006
Maldives;2007;94,66592;95,85316;98,03876;;;;Maldives_2007
Maldives;2008;95,29461;96,28121;98,0652;;;;Maldives_2008
Maldives;2009;95,92355;96,70452;98,09164;;;;Maldives_2009
Maldives;2010;96,55276;97,12308;98,11809;;;;Maldives_2010
Maldives;2011;97,18224;97,53684;98,14454;;;;Maldives_2011
Maldives;2012;97,81199;97,94578;98,171;;;;Maldives_2012
Maldives;2013;98,442;98,34985;98,19746;;;;Maldives_2013
Maldives;2014;99,07228;98,749;98,22392;;;;Maldives_2014
Maldives;2015;99,70283;99,14322;98,25038;;;;Maldives_2015
Maldives;2016;99,85331;99,23921;98,27685;;;;Maldives_2016
Maldives;2017;99,87521;99,2562;98,30332;;;;Maldives_2017
Mali;2000;37,84997;48,74513;76,27275;;;;Mali_2000
Mali;2001;39,4395;50,45309;77,31945;;;;Mali_2001
Mali;2002;41,16647;52,22511;78,26852;;;;Mali_2002
Mali;2003;42,90409;53,99598;79,21498;;;;Mali_2003
Mali;2004;44,65236;55,76588;80,15883;;;;Mali_2004
Mali;2005;46,41127;57,53251;81,10007;;;;Mali_2005
Mali;2006;48,18084;59,29706;82,03871;;;;Mali_2006
Mali;2007;49,96106;61,05762;82,97474;;;;Mali_2007
Mali;2008;51,75193;62,81464;83,90816;;;;Mali_2008
Mali;2009;53,55345;64,56595;84,83897;;;;Mali_2009
Mali;2010;55,36562;66,30988;85,76717;;;;Mali_2010
Mali;2011;57,18843;68,04574;86,69277;;;;Mali_2011
Mali;2012;59,0219;69,7729;87,61576;;;;Mali_2012
Mali;2013;60,86602;71,49079;88,53614;;;;Mali_2013
Mali;2014;62,72079;73,1991;89,45391;;;;Mali_2014
Mali;2015;64,5862;74,89703;90,36907;;;;Mali_2015
Mali;2016;66,46227;76,58435;91,28163;;;;Mali_2016
Mali;2017;68,34898;78,26083;92,19158;;;;Mali_2017
Malta;2000;100,0;100,0;100,0;;100,0;;Malta_2000
Malta;2001;100,0;100,0;100,0;;100,0;;Malta_2001
Malta;2002;100,0;100,0;100,0;;100,0;;Malta_2002
Malta;2003;100,0;100,0;100,0;;100,0;;Malta_2003
Malta;2004;100,0;100,0;100,0;;100,0;;Malta_2004
Malta;2005;100,0;100,0;100,0;;100,0;;Malta_2005
Malta;2006;100,0;100,0;100,0;;100,0;;Malta_2006
Malta;2007;100,0;100,0;100,0;;100,0;;Malta_2007
Malta;2008;100,0;100,0;100,0;;100,0;;Malta_2008
Malta;2009;100,0;100,0;100,0;;100,0;;Malta_2009
Malta;2010;100,0;100,0;100,0;;100,0;;Malta_2010
Malta;2011;100,0;100,0;100,0;;100,0;;Malta_2011
Malta;2012;100,0;100,0;100,0;;100,0;;Malta_2012
Malta;2013;100,0;100,0;100,0;;100,0;;Malta_2013
Malta;2014;100,0;100,0;100,0;;100,0;;Malta_2014
Malta;2015;100,0;100,0;100,0;;100,0;;Malta_2015
Malta;2016;100,0;100,0;100,0;;100,0;;Malta_2016
Malta;2017;100,0;100,0;100,0;;100,0;;Malta_2017
Marshall Islands;2001;99,26;76,94551;66,96743;;;;Marshall Islands_2001
Marshall Islands;2002;99,26;76,77856;66,96743;;;;Marshall Islands_2002
Marshall Islands;2003;99,26;76,61322;66,96743;;;;Marshall Islands_2003
Marshall Islands;2004;99,26;76,44949;66,96743;;;;Marshall Islands_2004
Marshall Islands;2005;99,26;76,28771;66,96743;;;;Marshall Islands_2005
Marshall Islands;2006;99,3;77,29887;68,58719;;;;Marshall Islands_2006
Marshall Islands;2007;99,04198;78,24762;70,21138;;;;Marshall Islands_2007
Marshall Islands;2008;98,57502;79,16193;71,84001;;;;Marshall Islands_2008
Marshall Islands;2009;98,10766;80,1015;73,47308;;;;Marshall Islands_2009
Marshall Islands;2010;97,63988;81,06553;75,11058;;;;Marshall Islands_2010
Marshall Islands;2011;97,1717;82,05375;76,75253;;;;Marshall Islands_2011
Marshall Islands;2012;96,70311;83,06684;78,39891;;;;Marshall Islands_2012
Marshall Islands;2013;96,23412;84,10457;80,04973;;;;Marshall Islands_2013
Marshall Islands;2014;95,76471;85,16592;81,70499;;;;Marshall Islands_2014
Marshall Islands;2015;95,29489;86,25048;83,36468;;;;Marshall Islands_2015
Marshall Islands;2016;94,82467;87,35748;85,02882;;;;Marshall Islands_2016
Marshall Islands;2017;94,35404;88,48643;86,69739;;;;Marshall Islands_2017
Mauritania;2000;25,01969;40,99553;66,96094;;;;Mauritania_2000
Mauritania;2001;26,15722;42,01621;67,22565;;;;Mauritania_2001
Mauritania;2002;27,50834;43,708;68,54092;;;;Mauritania_2002
Mauritania;2003;28,87725;45,41598;69,86441;;;;Mauritania_2003
Mauritania;2004;30,26398;47,1399;71,19615;;;;Mauritania_2004
Mauritania;2005;31,6685;48,87827;72,53613;;;;Mauritania_2005
Mauritania;2006;33,09082;50,63122;73,88435;;;;Mauritania_2006
Mauritania;2007;34,53095;52,39851;75,24081;;;;Mauritania_2007
Mauritania;2008;35,98888;54,18026;76,60551;;;;Mauritania_2008
Mauritania;2009;37,46461;55,97377;77,97846;;;;Mauritania_2009
Mauritania;2010;38,95814;57,78039;79,35964;;;;Mauritania_2010
Mauritania;2011;40,46947;59,59946;80,74907;;;;Mauritania_2011
Mauritania;2012;41,99862;61,43031;82,14674;;;;Mauritania_2012
Mauritania;2013;43,54556;63,27145;83,55265;;;;Mauritania_2013
Mauritania;2014;45,1103;65,11945;84,9668;;;;Mauritania_2014
Mauritania;2015;46,69284;66,9733;86,38919;;;;Mauritania_2015
Mauritania;2016;48,29319;68,83202;87,81982;;;;Mauritania_2016
Mauritania;2017;49,91134;70,69619;89,2587;;;;Mauritania_2017
Mauritius;2000;98,92841;99,27978;99,75186;;;;Mauritius_2000
Mauritius;2001;98,99759;99,32417;99,76497;;;;Mauritius_2001
Mauritius;2002;99,06676;99,3687;99,77808;;;;Mauritius_2002
Mauritius;2003;99,13593;99,41334;99,79119;;;;Mauritius_2003
Mauritius;2004;99,20511;99,45811;99,80431;;;;Mauritius_2004
Mauritius;2005;99,27428;99,50301;99,81742;;;;Mauritius_2005
Mauritius;2006;99,34346;99,54803;99,83053;;;;Mauritius_2006
Mauritius;2007;99,41264;99,59318;99,84364;;;;Mauritius_2007
Mauritius;2008;99,48181;99,63845;99,85676;;;;Mauritius_2008
Mauritius;2009;99,55098;99,68385;99,86987;;;;Mauritius_2009
Mauritius;2010;99,62016;99,72937;99,88298;;;;Mauritius_2010
Mauritius;2011;99,68933;99,77502;99,89609;;;;Mauritius_2011
Mauritius;2012;99,75851;99,82079;99,9092;;;;Mauritius_2012
Mauritius;2013;99,82768;99,86669;99,92232;;;;Mauritius_2013
Mauritius;2014;99,82768;99,86658;99,92232;;;;Mauritius_2014
Mauritius;2015;99,82768;99,86649;99,92232;;;;Mauritius_2015
Mauritius;2016;99,82768;99,86639;99,92232;;;;Mauritius_2016
Mauritius;2017;99,82768;99,86633;99,92232;;;;Mauritius_2017
Mexico;2000;73,13296;89,03966;94,4208;;38,90113;;Mexico_2000
Mexico;2001;74,7056;89,76392;94,77133;;39,1558;;Mexico_2001
Mexico;2002;76,29185;90,48326;95,1221;;39,40786;;Mexico_2002
Mexico;2003;77,89172;91,19765;95,47309;;39,65736;;Mexico_2003
Mexico;2004;79,50519;91,90723;95,82431;;39,90437;;Mexico_2004
Mexico;2005;81,13229;92,61166;96,17575;;40,14882;;Mexico_2005
Mexico;2006;82,77299;93,31108;96,52743;;40,39079;;Mexico_2006
Mexico;2007;84,42731;94,0054;96,87933;;40,63027;;Mexico_2007
Mexico;2008;86,0308;94,67805;97,22871;;40,8674;;Mexico_2008
Mexico;2009;87,20667;95,22182;97,54613;;41,10212;;Mexico_2009
Mexico;2010;88,38254;95,76019;97,86356;;41,3345;;Mexico_2010
Mexico;2011;89,5584;96,29357;98,18097;;41,56474;;Mexico_2011
Mexico;2012;90,73428;96,82172;98,49839;;41,79271;;Mexico_2012
Mexico;2013;91,91014;97,34483;98,8158;;42,01851;;Mexico_2013
Mexico;2014;93,08601;97,86288;99,13322;;42,24212;;Mexico_2014
Mexico;2015;94,26188;98,37579;99,45065;;42,46352;;Mexico_2015
Mexico;2016;95,43774;98,88368;99,76806;;42,68274;;Mexico_2016
Mexico;2017;96,61362;99,31822;100,0;;42,87031;;Mexico_2017
Micronesia (Federated States of);2000;;87,66875;;;;;Micronesia (Federated States of)_2000
Micronesia (Federated States of);2001;;87,06194;;;;;Micronesia (Federated States of)_2001
Micronesia (Federated States of);2002;;86,45512;;;;;Micronesia (Federated States of)_2002
Micronesia (Federated States of);2003;;85,8483;;;;;Micronesia (Federated States of)_2003
Micronesia (Federated States of);2004;;85,24149;;;;;Micronesia (Federated States of)_2004
Micronesia (Federated States of);2005;;84,63467;;;;;Micronesia (Federated States of)_2005
Micronesia (Federated States of);2006;;84,02785;;;;;Micronesia (Federated States of)_2006
Micronesia (Federated States of);2007;;83,42103;;;;;Micronesia (Federated States of)_2007
Micronesia (Federated States of);2008;;82,81421;;;;;Micronesia (Federated States of)_2008
Micronesia (Federated States of);2009;;82,20739;;;;;Micronesia (Federated States of)_2009
Micronesia (Federated States of);2010;;81,60057;;;;;Micronesia (Federated States of)_2010
Micronesia (Federated States of);2011;;80,99375;;;;;Micronesia (Federated States of)_2011
Micronesia (Federated States of);2012;;80,38693;;;;;Micronesia (Federated States of)_2012
Micronesia (Federated States of);2013;;79,78011;;;;;Micronesia (Federated States of)_2013
Micronesia (Federated States of);2014;;79,17329;;;;;Micronesia (Federated States of)_2014
Micronesia (Federated States of);2015;;78,56648;;;;;Micronesia (Federated States of)_2015
Micronesia (Federated States of);2016;;78,56648;;;;;Micronesia (Federated States of)_2016
Micronesia (Federated States of);2017;;78,56648;;;;;Micronesia (Federated States of)_2017
Monaco;2000;;100,0;100,0;;100,0;100,0;Monaco_2000
Monaco;2001;;100,0;100,0;;100,0;100,0;Monaco_2001
Monaco;2002;;100,0;100,0;;100,0;100,0;Monaco_2002
Monaco;2003;;100,0;100,0;;100,0;100,0;Monaco_2003
Monaco;2004;;100,0;100,0;;100,0;100,0;Monaco_2004
Monaco;2005;;100,0;100,0;;100,0;100,0;Monaco_2005
Monaco;2006;;100,0;100,0;;100,0;100,0;Monaco_2006
Monaco;2007;;100,0;100,0;;100,0;100,0;Monaco_2007
Monaco;2008;;100,0;100,0;;100,0;100,0;Monaco_2008
Monaco;2009;;100,0;100,0;;100,0;100,0;Monaco_2009
Monaco;2010;;100,0;100,0;;100,0;100,0;Monaco_2010
Monaco;2011;;100,0;100,0;;100,0;100,0;Monaco_2011
Monaco;2012;;100,0;100,0;;100,0;100,0;Monaco_2012
Monaco;2013;;100,0;100,0;;100,0;100,0;Monaco_2013
Monaco;2014;;100,0;100,0;;100,0;100,0;Monaco_2014
Monaco;2015;;100,0;100,0;;100,0;100,0;Monaco_2015
Monaco;2016;;100,0;100,0;;100,0;100,0;Monaco_2016
Monaco;2017;;100,0;100,0;;100,0;100,0;Monaco_2017
Mongolia;2000;28,82148;61,81681;86,57327;;22,30304;;Mongolia_2000
Mongolia;2001;30,22339;63,36263;87,14214;;22,57371;;Mongolia_2001
Mongolia;2002;31,65395;64,8989;87,71247;;22,83139;;Mongolia_2002
Mongolia;2003;33,11315;66,42435;88,28425;;23,07528;;Mongolia_2003
Mongolia;2004;34,60101;67,93781;88,85748;;23,30461;;Mongolia_2004
Mongolia;2005;36,11752;69,43597;89,43216;;23,51735;;Mongolia_2005
Mongolia;2006;37,66267;70,92046;90,00829;;23,71454;;Mongolia_2006
Mongolia;2007;39,23648;72,3897;90,58587;;23,89521;;Mongolia_2007
Mongolia;2008;40,83894;73,84321;91,16489;;24,05909;;Mongolia_2008
Mongolia;2009;42,47005;75,27756;91,74538;;24,20415;;Mongolia_2009
Mongolia;2010;44,1298;76,69541;92,3273;;24,33202;;Mongolia_2010
Mongolia;2011;45,81821;77,82366;92,91068;;24,28315;;Mongolia_2011
Mongolia;2012;47,53527;78,80202;93,49551;;24,14368;;Mongolia_2012
Mongolia;2013;49,28097;79,78899;94,08179;;24,00721;;Mongolia_2013
Mongolia;2014;51,05533;80,78407;94,66952;;23,87346;;Mongolia_2014
Mongolia;2015;52,85834;81,7881;95,2587;;23,74289;;Mongolia_2015
Mongolia;2016;54,68999;82,80058;95,84933;;23,61521;;Mongolia_2016
Mongolia;2017;55,87467;83,31312;96,01107;;23,72208;;Mongolia_2017
Montenegro;2006;94,24122;95,77116;96,67732;;83,4659;94,98647;Montenegro_2006
Montenegro;2007;94,44506;95,82231;96,62636;;84,98574;94,89124;Montenegro_2007
Montenegro;2008;94,64805;95,87126;96,57513;;86,48738;94,79566;Montenegro_2008
Montenegro;2009;94,85017;95,91797;96,52363;;87,97002;94,69975;Montenegro_2009
Montenegro;2010;95,05142;95,96249;96,47186;;89,12033;94,60347;Montenegro_2010
Montenegro;2011;95,25182;95,97439;96,37257;;89,80383;94,46053;Montenegro_2011
Montenegro;2012;95,45135;96,02908;96,34286;;90,52998;94,38571;Montenegro_2012
Montenegro;2013;95,65003;96,00826;96,2;;91,18702;94,2;Montenegro_2013
Montenegro;2014;96,78074;96,30699;96,05714;;91,84336;94,01428;Montenegro_2014
Montenegro;2015;99,27843;97,06462;95,91428;;92,49895;93,82858;Montenegro_2015
Montenegro;2016;99,27843;97,05335;95,91428;;93,04792;93,82858;Montenegro_2016
Montenegro;2017;99,27843;97,04205;95,91428;;93,59692;93,82858;Montenegro_2017
Morocco;2000;28,33787;62,2984;92,01187;18,96111;54,77501;86,11006;Morocco_2000
Morocco;2001;30,2969;63,51545;92,2002;20,27191;55,69656;86,28631;Morocco_2001
Morocco;2002;32,65393;64,96165;92,4941;21,58271;56,61134;86,46256;Morocco_2002
Morocco;2003;35,05931;66,41605;92,78844;22,89352;57,51805;86,63881;Morocco_2003
Morocco;2004;37,51304;67,8788;93,08321;24,20432;58,41733;86,81506;Morocco_2004
Morocco;2005;40,01511;69,45778;93,37841;25,51512;59,43399;86,9913;Morocco_2005
Morocco;2006;42,56552;71,05648;93,67404;26,82593;60,46397;87,16755;Morocco_2006
Morocco;2007;45,16428;72,65025;93,9701;28,13673;61,48038;87,3438;Morocco_2007
Morocco;2008;47,81139;74,23789;94,26659;29,44753;62,48266;87,52004;Morocco_2008
Morocco;2009;50,50684;75,81828;94,56351;30,75833;63,47033;87,69629;Morocco_2009
Morocco;2010;53,25063;77,39205;94,86086;32,06914;64,44515;87,87254;Morocco_2010
Morocco;2011;56,04277;78,95724;95,15864;33,37994;65,40549;88,04878;Morocco_2011
Morocco;2012;58,88325;80,51361;95,45686;34,69074;66,35199;88,22503;Morocco_2012
Morocco;2013;61,77208;82,06017;95,75549;36,00154;67,28419;88,40128;Morocco_2013
Morocco;2014;64,70925;83,59669;96,05457;37,31235;68,20269;88,57753;Morocco_2014
Morocco;2015;67,69477;85,12221;96,35407;38,62315;69,10708;88,75378;Morocco_2015
Morocco;2016;70,72864;86,63644;96,654;39,93395;69,99794;88,93002;Morocco_2016
Morocco;2017;70,72864;86,77851;96,654;39,93395;70,26644;88,93002;Morocco_2017
Mozambique;2000;4,08262;19,89657;58,42983;;;;Mozambique_2000
Mozambique;2001;6,07505;21,40296;58,42983;;;;Mozambique_2001
Mozambique;2002;8,09406;23,39232;60,02827;;;;Mozambique_2002
Mozambique;2003;10,12621;25,39025;61,62956;;;;Mozambique_2003
Mozambique;2004;12,17149;27,39721;63,23369;;;;Mozambique_2004
Mozambique;2005;14,22989;29,41262;64,84067;;;;Mozambique_2005
Mozambique;2006;16,30143;31,43742;66,45049;;;;Mozambique_2006
Mozambique;2007;18,3861;33,47004;68,06316;;;;Mozambique_2007
Mozambique;2008;20,4839;35,65163;69,67867;;;;Mozambique_2008
Mozambique;2009;22,59483;37,85226;71,29704;;;;Mozambique_2009
Mozambique;2010;24,71889;40,06075;72,91825;;;;Mozambique_2010
Mozambique;2011;26,85609;42,2759;74,5423;;;;Mozambique_2011
Mozambique;2012;29,00641;44,49751;76,1692;;;;Mozambique_2012
Mozambique;2013;31,16987;46,72533;77,79895;;;;Mozambique_2013
Mozambique;2014;33,34645;48,95916;79,43155;;;;Mozambique_2014
Mozambique;2015;35,53617;51,19878;81,06699;;;;Mozambique_2015
Mozambique;2016;37,73902;53,44394;82,70528;;;;Mozambique_2016
Mozambique;2017;39,955;55,69398;84,34641;;;;Mozambique_2017
Myanmar;2000;38,05727;46,26788;68,43878;;;;Myanmar_2000
Myanmar;2001;40,21646;48,30663;69,95097;;;;Myanmar_2001
Myanmar;2002;42,42727;50,38422;71,47679;;;;Myanmar_2002
Myanmar;2003;44,6897;52,50074;73,01622;;;;Myanmar_2003
Myanmar;2004;47,00377;54,65594;74,56927;;;;Myanmar_2004
Myanmar;2005;49,36945;56,84962;76,13593;;;;Myanmar_2005
Myanmar;2006;51,78677;59,08124;77,71622;;;;Myanmar_2006
Myanmar;2007;54,25571;61,35087;79,31013;;;;Myanmar_2007
Myanmar;2008;56,77628;63,65826;80,91765;;;;Myanmar_2008
Myanmar;2009;59,34848;66,00294;82,53879;;;;Myanmar_2009
Myanmar;2010;61,9723;68,38513;84,17355;;;;Myanmar_2010
Myanmar;2011;64,64775;70,80415;85,82193;;;;Myanmar_2011
Myanmar;2012;67,37482;73,25996;87,48392;;;;Myanmar_2012
Myanmar;2013;70,15353;75,75214;89,15955;;;;Myanmar_2013
Myanmar;2014;72,98386;78,28081;90,84878;;;;Myanmar_2014
Myanmar;2015;74,81596;79,91476;91,8928;;;;Myanmar_2015
Myanmar;2016;75,86094;80,84426;92,42675;;;;Myanmar_2016
Myanmar;2017;76,90591;81,77405;92,9607;;;;Myanmar_2017
Namibia;2000;66,46703;76,66938;97,98203;;;;Namibia_2000
Namibia;2001;66,62943;76,91348;97,88984;;;;Namibia_2001
Namibia;2002;66,79175;77,26118;97,79759;;;;Namibia_2002
Namibia;2003;66,95396;77,62745;97,70531;;;;Namibia_2003
Namibia;2004;67,11609;77,9931;97,61297;;;;Namibia_2004
Namibia;2005;67,27812;78,35654;97,52058;;;;Namibia_2005
Namibia;2006;67,44006;78,71858;97,42815;;;;Namibia_2006
Namibia;2007;67,60191;79,07854;97,33566;;;;Namibia_2007
Namibia;2008;67,76365;79,43665;97,24313;;;;Namibia_2008
Namibia;2009;67,9253;79,79105;97,15056;;;;Namibia_2009
Namibia;2010;68,08686;80,14346;97,05793;;;;Namibia_2010
Namibia;2011;68,24833;80,49236;96,96526;;;;Namibia_2011
Namibia;2012;68,4097;80,84596;96,87254;;;;Namibia_2012
Namibia;2013;68,57098;81,1961;96,77976;;;;Namibia_2013
Namibia;2014;68,73215;81,54272;96,68695;;;;Namibia_2014
Namibia;2015;68,89324;81,88493;96,59408;;;;Namibia_2015
Namibia;2016;69,05423;82,21806;96,50117;;;;Namibia_2016
Namibia;2017;69,21513;82,5411;96,40821;;;;Namibia_2017
Nauru;2000;;95,76962;95,76962;;;;Nauru_2000
Nauru;2001;;96,01731;96,01731;;;;Nauru_2001
Nauru;2002;;96,265;96,265;;;;Nauru_2002
Nauru;2003;;96,51269;96,51269;;;;Nauru_2003
Nauru;2004;;96,76038;96,76038;;;;Nauru_2004
Nauru;2005;;97,00806;97,00806;;;;Nauru_2005
Nauru;2006;;97,25574;97,25574;;;;Nauru_2006
Nauru;2007;;97,50343;97,50343;;;;Nauru_2007
Nauru;2008;;97,75112;97,75112;;;;Nauru_2008
Nauru;2009;;97,99881;97,99881;;;;Nauru_2009
Nauru;2010;;98,2465;98,2465;;;;Nauru_2010
Nauru;2011;;98,49419;98,49419;;;;Nauru_2011
Nauru;2012;;98,74187;98,74187;;;;Nauru_2012
Nauru;2013;;98,98956;98,98956;;;;Nauru_2013
Nauru;2014;;99,23724;99,23724;;;;Nauru_2014
Nauru;2015;;99,48493;99,48493;;;;Nauru_2015
Nauru;2016;;99,48493;99,48493;;;;Nauru_2016
Nauru;2017;;99,48493;99,48493;;;;Nauru_2017
Nepal;2000;77,97713;79,98707;92,97999;22,22516;23,9283;34,93801;Nepal_2000
Nepal;2001;78,61756;80,58893;92,75226;22,42336;24,16208;34,88999;Nepal_2001
Nepal;2002;79,25702;81,14635;92,5248;22,62156;24,36175;34,84197;Nepal_2002
Nepal;2003;79,8955;81,69852;92,29763;22,81976;24,56056;34,79395;Nepal_2003
Nepal;2004;80,53301;82,24532;92,07072;23,01796;24,7585;34,74593;Nepal_2004
Nepal;2005;81,16955;82,78663;91,84409;23,21616;24,95553;34,69791;Nepal_2005
Nepal;2006;81,80511;83,32235;91,61774;23,41435;25,15159;34,64989;Nepal_2006
Nepal;2007;82,43971;83,85242;91,39166;23,61255;25,34678;34,60187;Nepal_2007
Nepal;2008;83,07333;84,37664;91,16586;23,81075;25,54093;34,55385;Nepal_2008
Nepal;2009;83,70599;84,89488;90,94033;24,00895;25,73401;34,50583;Nepal_2009
Nepal;2010;84,33767;85,40704;90,71508;24,20715;25,92598;34,45781;Nepal_2010
Nepal;2011;84,96838;85,91303;90,4901;24,40535;26,11691;34,40979;Nepal_2011
Nepal;2012;85,59812;86,41293;90,2654;24,60355;26,30714;34,36177;Nepal_2012
Nepal;2013;86,22689;86,90636;90,04097;24,80175;26,49631;34,31375;Nepal_2013
Nepal;2014;86,85468;87,39326;89,81682;24,99995;26,68465;34,26573;Nepal_2014
Nepal;2015;87,48151;87,87333;89,59294;25,19815;26,87191;34,21771;Nepal_2015
Nepal;2016;88,10736;88,34641;89,36934;25,39635;27,0582;34,16969;Nepal_2016
Nepal;2017;88,73224;88,81225;89,14601;25,59455;27,24335;34,12167;Nepal_2017
Netherlands;2000;100,0;100,0;100,0;;100,0;;Netherlands_2000
Netherlands;2001;100,0;100,0;100,0;;100,0;;Netherlands_2001
Netherlands;2002;100,0;100,0;100,0;;99,99737;;Netherlands_2002
Netherlands;2003;100,0;100,0;100,0;;99,99406;;Netherlands_2003
Netherlands;2004;100,0;100,0;100,0;;99,99075;;Netherlands_2004
Netherlands;2005;100,0;100,0;100,0;;99,98743;;Netherlands_2005
Netherlands;2006;100,0;100,0;100,0;;99,98412;;Netherlands_2006
Netherlands;2007;100,0;100,0;100,0;;99,9808;;Netherlands_2007
Netherlands;2008;100,0;100,0;100,0;;99,9775;;Netherlands_2008
Netherlands;2009;100,0;100,0;100,0;;99,97419;;Netherlands_2009
Netherlands;2010;100,0;100,0;100,0;;99,97088;;Netherlands_2010
Netherlands;2011;100,0;100,0;100,0;;99,96757;;Netherlands_2011
Netherlands;2012;100,0;100,0;100,0;;99,96426;;Netherlands_2012
Netherlands;2013;100,0;100,0;100,0;;99,96095;;Netherlands_2013
Netherlands;2014;100,0;100,0;100,0;;99,95763;;Netherlands_2014
Netherlands;2015;100,0;100,0;100,0;;99,95432;;Netherlands_2015
Netherlands;2016;100,0;100,0;100,0;;99,95101;;Netherlands_2016
Netherlands;2017;100,0;100,0;100,0;;99,95101;;Netherlands_2017
New Zealand;2000;100,0;100,0;100,0;;78,11697;;New Zealand_2000
New Zealand;2001;100,0;100,0;100,0;;78,11697;;New Zealand_2001
New Zealand;2002;100,0;100,0;100,0;;78,11697;;New Zealand_2002
New Zealand;2003;100,0;100,0;100,0;;78,11697;;New Zealand_2003
New Zealand;2004;100,0;100,0;100,0;;78,11697;;New Zealand_2004
New Zealand;2005;100,0;100,0;100,0;;78,11697;;New Zealand_2005
New Zealand;2006;100,0;100,0;100,0;;80,22667;;New Zealand_2006
New Zealand;2007;100,0;100,0;100,0;;82,33636;;New Zealand_2007
New Zealand;2008;100,0;100,0;100,0;;84,44606;;New Zealand_2008
New Zealand;2009;100,0;100,0;100,0;;86,55576;;New Zealand_2009
New Zealand;2010;100,0;100,0;100,0;;88,66545;;New Zealand_2010
New Zealand;2011;100,0;100,0;100,0;;90,77515;;New Zealand_2011
New Zealand;2012;100,0;100,0;100,0;;92,88485;;New Zealand_2012
New Zealand;2013;100,0;100,0;100,0;;94,99454;;New Zealand_2013
New Zealand;2014;100,0;100,0;100,0;;97,10424;;New Zealand_2014
New Zealand;2015;100,0;100,0;100,0;;99,21394;;New Zealand_2015
New Zealand;2016;100,0;100,0;100,0;;100,0;;New Zealand_2016
New Zealand;2017;100,0;100,0;100,0;;100,0;;New Zealand_2017
Nicaragua;2000;63,36669;81,21711;95,7132;26,16187;48,25971;66,20507;Nicaragua_2000
Nicaragua;2001;63,10551;81,21328;95,82941;27,84222;49,11199;66,2804;Nicaragua_2001
Nicaragua;2002;62,84487;81,2105;95,94564;29,51639;49,95633;66,35573;Nicaragua_2002
Nicaragua;2003;62,58475;81,20909;96,06189;30,20335;50,35791;66,43105;Nicaragua_2003
Nicaragua;2004;62,32516;81,20904;96,17815;30,14909;50,42992;66,50639;Nicaragua_2004
Nicaragua;2005;62,0661;81,21172;96,29444;30,09483;50,50377;66,58172;Nicaragua_2005
Nicaragua;2006;61,80758;81,23103;96,41074;30,04057;50,59413;66,65704;Nicaragua_2006
Nicaragua;2007;61,54958;81,25169;96,52705;29,98631;50,68464;66,73238;Nicaragua_2007
Nicaragua;2008;61,29211;81,27441;96,64338;29,93205;50,77602;66,80771;Nicaragua_2008
Nicaragua;2009;61,03517;81,2985;96,75973;29,8778;50,86754;66,88303;Nicaragua_2009
Nicaragua;2010;60,77876;81,32428;96,8761;29,82354;50,95957;66,95837;Nicaragua_2010
Nicaragua;2011;60,52288;81,35176;96,99248;29,76928;51,0521;67,03369;Nicaragua_2011
Nicaragua;2012;60,26753;81,38094;97,10888;29,71502;51,14515;67,10902;Nicaragua_2012
Nicaragua;2013;60,01271;81,4118;97,22529;29,66076;51,2387;67,18436;Nicaragua_2013
Nicaragua;2014;59,75842;81,44398;97,34172;29,6065;51,33239;67,25968;Nicaragua_2014
Nicaragua;2015;59,50466;81,47354;97,45074;29,55224;51,42658;67,33501;Nicaragua_2015
Nicaragua;2016;59,25143;81,50474;97,55976;29,49799;51,52127;67,41034;Nicaragua_2016
Nicaragua;2017;59,10744;81,52477;97,55976;29,49799;51,60051;67,41034;Nicaragua_2017
Niger;2000;24,4117;35,66065;93,90975;;;;Niger_2000
Niger;2001;25,66976;36,67326;93,34193;;;;Niger_2001
Niger;2002;26,91183;37,61779;92,77438;;;;Niger_2002
Niger;2003;28,13791;38,54979;92,20708;;;;Niger_2003
Niger;2004;29,348;39,46859;91,64005;;;;Niger_2004
Niger;2005;30,54209;40,37357;91,07328;;;;Niger_2005
Niger;2006;31,72019;41,26596;90,50677;;;;Niger_2006
Niger;2007;32,8823;42,14513;89,94052;;;;Niger_2007
Niger;2008;34,02841;43,01053;89,37453;;;;Niger_2008
Niger;2009;35,15853;43,86329;88,80881;;;;Niger_2009
Niger;2010;36,27266;44,70282;88,24335;;;;Niger_2010
Niger;2011;37,37079;45,52863;87,67815;;;;Niger_2011
Niger;2012;38,45293;46,34174;87,1132;;;;Niger_2012
Niger;2013;39,51908;47,14161;86,54852;;;;Niger_2013
Niger;2014;40,56923;47,93507;85,98411;;;;Niger_2014
Niger;2015;41,60339;48,72227;85,41995;;;;Niger_2015
Niger;2016;42,62156;49,50156;84,85606;;;;Niger_2016
Niger;2017;43,62373;50,27306;84,29243;;;;Niger_2017
Nigeria;2000;34,87521;48,151;72,98023;11,0769;15,38151;23,43227;Nigeria_2000
Nigeria;2001;36,04023;49,29532;73,20161;11,44693;15,74734;23,50335;Nigeria_2001
Nigeria;2002;37,24405;50,68635;74,06419;11,7465;16,06464;23,57443;Nigeria_2002
Nigeria;2003;38,4503;52,0779;74,93065;12,04165;16,37639;23,64551;Nigeria_2003
Nigeria;2004;39,65898;53,46956;75,80097;12,33239;16,68252;23,71659;Nigeria_2004
Nigeria;2005;40,87009;54,86056;76,67516;12,61871;16,98287;23,78767;Nigeria_2005
Nigeria;2006;42,08363;56,25124;77,55321;12,90062;17,27763;23,85875;Nigeria_2006
Nigeria;2007;43,29959;57,64157;78,43513;13,17812;17,56686;23,92983;Nigeria_2007
Nigeria;2008;44,51799;59,03151;79,32092;13,45121;17,85065;24,00091;Nigeria_2008
Nigeria;2009;45,73882;60,41964;80,21056;13,71988;18,12864;24,07199;Nigeria_2009
Nigeria;2010;46,96207;61,80702;81,10409;13,98414;18,40124;24,14307;Nigeria_2010
Nigeria;2011;48,18776;63,18955;82,00147;14,24399;18,66735;24,21415;Nigeria_2011
Nigeria;2012;49,41588;64,56734;82,90273;14,49942;18,92711;24,28523;Nigeria_2012
Nigeria;2013;50,64642;65,9398;83,80784;14,75044;19,18048;24,35631;Nigeria_2013
Nigeria;2014;51,8794;67,30708;84,71683;14,99705;19,42761;24,42739;Nigeria_2014
Nigeria;2015;53,1148;68,66927;85,62968;15,23925;19,66867;24,49847;Nigeria_2015
Nigeria;2016;54,35264;70,02553;86,5464;15,47703;19,90354;24,56955;Nigeria_2016
Nigeria;2017;55,59291;71,37663;87,46699;15,7104;20,13256;24,64063;Nigeria_2017
Niue;2000;;99,22893;;;98,23664;;Niue_2000
Niue;2001;;99,22893;;;98,23664;;Niue_2001
Niue;2002;;99,22893;;;98,23664;;Niue_2002
Niue;2003;;99,22893;;;98,23664;;Niue_2003
Niue;2004;;99,22893;;;98,23664;;Niue_2004
Niue;2005;;99,11446;;;98,12332;;Niue_2005
Niue;2006;;99,0;;;98,01;;Niue_2006
Niue;2007;;98,88554;;;97,89668;;Niue_2007
Niue;2008;;98,77107;;;97,78336;;Niue_2008
Niue;2009;;98,6566;;;97,67004;;Niue_2009
Niue;2010;;98,54214;;;97,55672;;Niue_2010
Niue;2011;;98,42767;;;97,4434;;Niue_2011
Niue;2012;;98,31321;;;97,33008;;Niue_2012
Niue;2013;;98,19875;;;97,21675;;Niue_2013
Niue;2014;;98,19875;;;97,21675;;Niue_2014
Niue;2015;;98,19875;;;97,21675;;Niue_2015
Niue;2016;;98,19875;;;97,21675;;Niue_2016
Niue;2017;;98,19875;;;97,21675;;Niue_2017
Norway;2000;100,0;100,0;100,0;;100,0;;Norway_2000
Norway;2001;100,0;100,0;100,0;;100,0;;Norway_2001
Norway;2002;100,0;100,0;100,0;;100,0;;Norway_2002
Norway;2003;100,0;100,0;100,0;;100,0;;Norway_2003
Norway;2004;100,0;100,0;100,0;;100,0;;Norway_2004
Norway;2005;100,0;100,0;100,0;;100,0;;Norway_2005
Norway;2006;100,0;100,0;100,0;;100,0;;Norway_2006
Norway;2007;100,0;100,0;100,0;;99,95199;;Norway_2007
Norway;2008;100,0;100,0;100,0;;99,77321;;Norway_2008
Norway;2009;100,0;100,0;100,0;;99,59443;;Norway_2009
Norway;2010;100,0;100,0;100,0;;99,41565;;Norway_2010
Norway;2011;100,0;100,0;100,0;;99,23687;;Norway_2011
Norway;2012;100,0;100,0;100,0;;99,05809;;Norway_2012
Norway;2013;100,0;100,0;100,0;;98,87931;;Norway_2013
Norway;2014;100,0;100,0;100,0;;98,70053;;Norway_2014
Norway;2015;100,0;100,0;100,0;;98,52175;;Norway_2015
Norway;2016;100,0;100,0;100,0;;98,34296;;Norway_2016
Norway;2017;100,0;100,00001;100,0;;98,34297;;Norway_2017
Oman;2001;56,17762;76,3392;84,35632;;74,8314;;Oman_2001
Oman;2002;56,17762;76,33356;84,35632;;74,82558;;Oman_2002
Oman;2003;56,17762;76,32793;84,35632;;74,81976;;Oman_2003
Oman;2004;56,17762;76,41753;84,35632;;74,91228;;Oman_2004
Oman;2005;56,17762;76,57899;84,35632;;75,07899;;Oman_2005
Oman;2006;58,42595;78,13136;85,43187;;76,60155;;Oman_2006
Oman;2007;60,67427;79,66862;86,50743;;78,10972;;Oman_2007
Oman;2008;62,92259;81,19102;87,58298;;79,60374;;Oman_2008
Oman;2009;65,17091;82,69832;88,65855;;81,08335;;Oman_2009
Oman;2010;67,41924;84,19131;89,7341;;82,54932;;Oman_2010
Oman;2011;69,66756;85,77425;90,80966;;84,1125;;Oman_2011
Oman;2012;71,91588;87,4049;91,88522;;85,7299;;Oman_2012
Oman;2013;74,1642;88,99132;92,96078;;87,30409;;Oman_2013
Oman;2014;76,41253;90,53712;94,03634;;88,83868;;Oman_2014
Oman;2015;77,9;91,5668;94,7;;89,8684;;Oman_2015
Oman;2016;77,9;91,75999;94,7;;90,07999;;Oman_2016
Oman;2017;77,9;91,93808;94,7;;90,27504;;Oman_2017
Pakistan;2000;81,49213;85,99668;95,14976;31,59423;37,86203;50,59792;Pakistan_2000
Pakistan;2001;81,64903;86,05538;94,92918;31,65506;37,90138;50,48063;Pakistan_2001
Pakistan;2002;82,1537;86,40558;94,89149;31,71589;37,94041;50,36333;Pakistan_2002
Pakistan;2003;82,6597;86,7542;94,85297;31,77673;37,97872;50,24603;Pakistan_2003
Pakistan;2004;83,16703;87,10136;94,81358;31,83756;38,0165;50,12873;Pakistan_2004
Pakistan;2005;83,6757;87,4469;94,77335;31,89839;37,82212;49,33035;Pakistan_2005
Pakistan;2006;84,1857;87,79094;94,73226;31,95922;37,62554;48,53516;Pakistan_2006
Pakistan;2007;84,69703;88,13342;94,69032;32,02005;37,42676;47,74316;Pakistan_2007
Pakistan;2008;85,2097;88,47424;94,64754;32,08089;37,22562;46,95436;Pakistan_2008
Pakistan;2009;85,7237;88,81339;94,6039;32,14172;37,02214;46,16875;Pakistan_2009
Pakistan;2010;86,23904;89,15092;94,5594;32,20255;36,81648;45,38634;Pakistan_2010
Pakistan;2011;86,75571;89,4868;94,51405;32,26338;36,60863;44,60712;Pakistan_2011
Pakistan;2012;87,27371;89,82101;94,46786;32,32421;36,39857;43,8311;Pakistan_2012
Pakistan;2013;87,79305;90,15339;94,42081;32,38505;36,1861;43,05827;Pakistan_2013
Pakistan;2014;88,31372;90,48406;94,3729;32,44588;35,97146;42,28864;Pakistan_2014
Pakistan;2015;88,83573;90,81299;94,32415;32,50671;35,75463;41,5222;Pakistan_2015
Pakistan;2016;89,35907;91,14014;94,27454;32,56754;35,53562;40,75896;Pakistan_2016
Pakistan;2017;89,88374;91,46545;94,22408;32,62838;35,31435;39,99891;Pakistan_2017
Palau;2000;78,04351;90,67849;96,00674;;;;Palau_2000
Palau;2001;78,04351;90,63448;96,00674;;;;Palau_2001
Palau;2002;78,04351;90,59029;96,00674;;;;Palau_2002
Palau;2003;78,04351;90,54591;96,00674;;;;Palau_2003
Palau;2004;79,76682;91,45247;96,36977;;;;Palau_2004
Palau;2005;81,49014;92,33559;96,73279;;;;Palau_2005
Palau;2006;83,21346;93,19627;97,09581;;;;Palau_2006
Palau;2007;84,93678;94,03468;97,45884;;;;Palau_2007
Palau;2008;86,6601;94,8516;97,82186;;;;Palau_2008
Palau;2009;88,38342;95,64719;98,18488;;;;Palau_2009
Palau;2010;90,10673;96,42216;98,5479;;;;Palau_2010
Palau;2011;91,83005;97,1769;98,91093;;;;Palau_2011
Palau;2012;93,55337;97,91211;99,27396;;;;Palau_2012
Palau;2013;95,27668;98,6281;99,63698;;;;Palau_2013
Palau;2014;97,0;99,32551;100,0;;;;Palau_2014
Palau;2015;98,72332;99,72116;100,0;;;;Palau_2015
Palau;2016;100,0;100,00001;100,0;;;;Palau_2016
Palau;2017;100,0;100,0;100,0;;;;Palau_2017
Panama;2000;74,51039;88,22871;96,56627;;;;Panama_2000
Panama;2001;75,70317;88,88029;96,78757;;;;Panama_2001
Panama;2002;76,84623;89,50716;97,00887;;;;Panama_2002
Panama;2003;77,91996;90,10296;97,23016;;;;Panama_2003
Panama;2004;78,99007;90,65277;97,38926;;;;Panama_2004
Panama;2005;80,05658;91,10811;97,41083;;;;Panama_2005
Panama;2006;81,11947;91,55524;97,43149;;;;Panama_2006
Panama;2007;82,17875;91,99408;97,45125;;;;Panama_2007
Panama;2008;83,23441;92,42497;97,47011;;;;Panama_2008
Panama;2009;84,28646;92,84783;97,48806;;;;Panama_2009
Panama;2010;85,3349;93,26257;97,5051;;;;Panama_2010
Panama;2011;86,37972;93,6704;97,52125;;;;Panama_2011
Panama;2012;87,42094;94,07099;97,53648;;;;Panama_2012
Panama;2013;88,45853;94,46416;97,55082;;;;Panama_2013
Panama;2014;89,49252;94,88219;97,61304;;;;Panama_2014
Panama;2015;90,52289;95,49435;97,97679;;;;Panama_2015
Panama;2016;91,69141;95,97945;98,08889;;;;Panama_2016
Panama;2017;92,85992;96,38242;98,08889;;;;Panama_2017
Papua New Guinea;2000;26,53674;34,00038;83,06234;;;;Papua New Guinea_2000
Papua New Guinea;2001;26,53674;33,98795;83,06234;;;;Papua New Guinea_2001
Papua New Guinea;2002;26,53674;33,97777;83,06234;;;;Papua New Guinea_2002
Papua New Guinea;2003;26,53674;33,96759;83,06234;;;;Papua New Guinea_2003
Papua New Guinea;2004;26,53674;33,95686;83,06234;;;;Papua New Guinea_2004
Papua New Guinea;2005;27,15906;34,51468;83,27026;;;;Papua New Guinea_2005
Papua New Guinea;2006;27,78138;35,07264;83,47819;;;;Papua New Guinea_2006
Papua New Guinea;2007;28,4037;35,63076;83,68611;;;;Papua New Guinea_2007
Papua New Guinea;2008;29,02601;36,18903;83,89404;;;;Papua New Guinea_2008
Papua New Guinea;2009;29,64833;36,74745;84,10197;;;;Papua New Guinea_2009
Papua New Guinea;2010;30,27065;37,30602;84,30989;;;;Papua New Guinea_2010
Papua New Guinea;2011;30,89297;37,8642;84,51781;;;;Papua New Guinea_2011
Papua New Guinea;2012;31,51529;38,42307;84,72574;;;;Papua New Guinea_2012
Papua New Guinea;2013;32,13761;38,98948;84,93366;;;;Papua New Guinea_2013
Papua New Guinea;2014;32,75993;39,56326;85,14159;;;;Papua New Guinea_2014
Papua New Guinea;2015;33,38225;40,14423;85,34951;;;;Papua New Guinea_2015
Papua New Guinea;2016;34,00457;40,73222;85,55743;;;;Papua New Guinea_2016
Papua New Guinea;2017;34,62689;41,32705;85,76537;;;;Papua New Guinea_2017
Paraguay;2000;52,68544;75,35586;93,6578;26,74168;49,36394;67,627;Paraguay_2000
Paraguay;2001;55,50098;77,06554;94,03252;28,17077;50,40427;67,89758;Paraguay_2001
Paraguay;2002;58,28795;78,73148;94,40725;29,59987;51,42951;68,16815;Paraguay_2002
Paraguay;2003;61,07216;80,279;94,78197;31,02896;52,34393;68,43873;Paraguay_2003
Paraguay;2004;63,85361;81,78773;95,14952;32,45805;53,23183;68,7093;Paraguay_2004
Paraguay;2005;66,6323;83,27942;95,51701;33,88714;54,11214;68,97988;Paraguay_2005
Paraguay;2006;69,40823;84,75384;95,88444;35,31623;54,98451;69,25046;Paraguay_2006
Paraguay;2007;72,1814;86,21108;96,25181;36,74533;55,84898;69,52103;Paraguay_2007
Paraguay;2008;74,95182;87,65146;96,61913;38,17442;56,70589;69,79161;Paraguay_2008
Paraguay;2009;77,71947;89,07481;96,98638;39,60351;57,55494;70,06219;Paraguay_2009
Paraguay;2010;80,48437;90,48124;97,35358;41,0326;58,39617;70,33276;Paraguay_2010
Paraguay;2011;83,24651;91,87083;97,72073;42,46169;59,22961;70,60334;Paraguay_2011
Paraguay;2012;86,00588;93,24381;98,08782;43,89079;60,05557;70,87392;Paraguay_2012
Paraguay;2013;88,7625;94,59701;98,45486;45,31988;60,86552;71,14449;Paraguay_2013
Paraguay;2014;91,51637;95,93427;98,82183;46,74897;61,66555;71,41507;Paraguay_2014
Paraguay;2015;94,26746;97,25714;99,18875;48,17806;62,45892;71,68565;Paraguay_2015
Paraguay;2016;97,01581;98,56575;99,55561;49,60715;63,2459;71,95623;Paraguay_2016
Paraguay;2017;99,16019;99,6102;99,8943;50,72869;63,89457;72,20647;Paraguay_2017
Peru;2000;51,31621;80,67446;91,50986;14,04684;45,06945;56,51913;Peru_2000
Peru;2001;52,74749;81,39324;91,74889;14,44118;45,44669;56,65542;Peru_2001
Peru;2002;54,17826;82,10076;91,98801;14,83552;45,82017;56,79171;Peru_2002
Peru;2003;55,60852;82,79754;92,22722;15,22987;46,19032;56,928;Peru_2003
Peru;2004;57,03827;83,48332;92,46651;15,62421;46,55674;57,06429;Peru_2004
Peru;2005;58,46751;84,15794;92,70589;16,01855;46,91908;57,20058;Peru_2005
Peru;2006;59,89624;84,82222;92,94537;16,4129;47,27817;57,33688;Peru_2006
Peru;2007;61,32446;85,47565;93,18493;16,80724;47,63323;57,47317;Peru_2007
Peru;2008;62,75216;86,07915;93,42458;17,20158;47,93258;57,60946;Peru_2008
Peru;2009;64,17936;86,65898;93,66431;17,59592;48,20655;57,74575;Peru_2009
Peru;2010;65,60605;87,23428;93,90414;17,99026;48,47955;57,88204;Peru_2010
Peru;2011;67,03223;87,80449;94,14405;18,38461;48,75078;58,01833;Peru_2011
Peru;2012;68,45789;88,37022;94,38405;18,77895;49,02104;58,15462;Peru_2012
Peru;2013;69,88306;88,93097;94,62414;19,17329;49,28956;58,29092;Peru_2013
Peru;2014;71,3077;89,48705;94,86432;19,56763;49,55673;58,42721;Peru_2014
Peru;2015;72,73184;90,03873;95,10458;19,96198;49,82296;58,5635;Peru_2015
Peru;2016;74,15546;90,58557;95,34494;20,35632;50,08746;58,69979;Peru_2016
Peru;2017;75,57858;91,12787;95,58538;20,75066;50,35065;58,83608;Peru_2017
Philippines;2000;79,31756;85,60159;92,93853;21,42172;36,01599;53,05556;Philippines_2000
Philippines;2001;79,84174;85,94399;93,0931;21,56328;36,10611;53,1438;Philippines_2001
Philippines;2002;80,46446;86,3998;93,3772;23,81116;38,2178;55,15379;Philippines_2002
Philippines;2003;81,08847;86,85708;93,66173;26,08651;40,34769;57,17015;Philippines_2003
Philippines;2004;81,71377;87,31583;93,94668;28,38934;42,49583;59,19289;Philippines_2004
Philippines;2005;82,34035;87,77605;94,23206;30,71965;44,22925;60,27467;Philippines_2005
Philippines;2006;82,96822;88,23775;94,51788;31,48269;44,66439;60,3741;Philippines_2006
Philippines;2007;83,59737;88,70092;94,80412;31,68281;44,7941;60,47352;Philippines_2007
Philippines;2008;84,22781;89,16557;95,09079;31,88293;44,92397;60,57294;Philippines_2008
Philippines;2009;84,85953;89,63181;95,37789;32,08305;45,05431;60,67237;Philippines_2009
Philippines;2010;85,49254;90,10411;95,66542;32,28317;45,19763;60,77179;Philippines_2010
Philippines;2011;86,12683;90,60007;95,95338;32,48329;45,40604;60,87121;Philippines_2011
Philippines;2012;86,76241;91,09562;96,24177;32,68341;45,61407;60,97064;Philippines_2012
Philippines;2013;87,39928;91,59082;96,53059;32,88353;45,82199;61,07006;Philippines_2013
Philippines;2014;88,03743;92,0855;96,81983;33,08365;46,02925;61,16948;Philippines_2014
Philippines;2015;88,67686;92,57983;97,10951;33,28377;46,23641;61,26891;Philippines_2015
Philippines;2016;89,31759;93,07372;97,39962;33,48389;46,44318;61,36833;Philippines_2016
Philippines;2017;89,95959;93,56837;97,69016;33,68401;46,65402;61,46775;Philippines_2017
Poland;2005;94,00161;97,05984;98,97823;;94,03376;;Poland_2005
Poland;2006;94,00161;97,05431;98,97823;;94,23042;;Poland_2006
Poland;2007;94,00161;97,04874;98,97823;;94,42784;;Poland_2007
Poland;2008;94,00161;97,04311;98,97823;;94,62604;;Poland_2008
Poland;2009;94,00161;97,03754;98,97823;;94,82521;;Poland_2009
Poland;2010;94,69355;97,36887;99,0871;;95,34973;;Poland_2010
Poland;2011;95,38548;97,7015;99,19597;;95,87903;;Poland_2011
Poland;2012;96,07742;98,03498;99,30484;;96,41226;;Poland_2012
Poland;2013;96,76936;98,36996;99,41371;;96,95062;;Poland_2013
Poland;2014;97,46129;98,70638;99,52258;;97,49403;;Poland_2014
Poland;2015;98,15323;99,04427;99,63145;;98,04259;;Poland_2015
Poland;2016;98,84516;99,38385;99,74033;;98,59683;;Poland_2016
Poland;2017;99,53709;99,72469;99,84919;;99,15607;;Poland_2017
Portugal;2000;98,49647;98,54304;98,58208;;93,44076;;Portugal_2000
Portugal;2001;98,58521;98,64534;98,69446;;93,57578;;Portugal_2001
Portugal;2002;98,67393;98,74792;98,80684;;93,70979;;Portugal_2002
Portugal;2003;98,76267;98,85079;98,91922;;93,8441;;Portugal_2003
Portugal;2004;98,85141;98,95396;99,03161;;93,9787;;Portugal_2004
Portugal;2005;98,94015;99,0574;99,14399;;94,11334;;Portugal_2005
Portugal;2006;99,02888;99,16114;99,25637;;94,24834;;Portugal_2006
Portugal;2007;99,11762;99,26516;99,36875;;94,3835;;Portugal_2007
Portugal;2008;99,20636;99,36946;99,48113;;94,51888;;Portugal_2008
Portugal;2009;99,2951;99,47404;99,59351;;94,6543;;Portugal_2009
Portugal;2010;99,38383;99,5789;99,70589;;94,78994;;Portugal_2010
Portugal;2011;99,47256;99,68403;99,81828;;94,92574;;Portugal_2011
Portugal;2012;99,5613;99,78943;99,93066;;95,06161;;Portugal_2012
Portugal;2013;99,65004;99,86825;100,0;;95,17123;;Portugal_2013
Portugal;2014;99,73878;99,90318;100,0;;95,2378;;Portugal_2014
Portugal;2015;99,73878;99,90469;100,0;;95,27341;;Portugal_2015
Portugal;2016;99,73878;99,90618;100,0;;95,30865;;Portugal_2016
Portugal;2017;99,73878;99,90766;100,0;;95,3119;;Portugal_2017
Qatar;2000;;100,0;;;96,6;;Qatar_2000
Qatar;2001;;100,0;;;96,6;;Qatar_2001
Qatar;2002;;100,0;;;96,6;;Qatar_2002
Qatar;2003;;100,0;;;96,6;;Qatar_2003
Qatar;2004;;100,0;;;96,6;;Qatar_2004
Qatar;2005;;100,0;;;96,6;;Qatar_2005
Qatar;2006;;100,0;;;96,6;;Qatar_2006
Qatar;2007;;100,0;;;96,6;;Qatar_2007
Qatar;2008;;100,0;;;96,6;;Qatar_2008
Qatar;2009;;100,0;;;96,6;;Qatar_2009
Qatar;2010;;100,0;;;96,6;;Qatar_2010
Qatar;2011;;99,9383;;;96,5404;;Qatar_2011
Qatar;2012;;99,8766;;;96,4808;;Qatar_2012
Qatar;2013;;99,8149;;;96,4212;;Qatar_2013
Qatar;2014;;99,7532;;;96,3616;;Qatar_2014
Qatar;2015;;99,6915;;;96,30199;;Qatar_2015
Qatar;2016;;99,6298;;;96,24239;;Qatar_2016
Qatar;2017;;99,5681;;;96,18279;;Qatar_2017
Republic of Korea;2002;;98,55287;;;96,82212;;Republic of Korea_2002
Republic of Korea;2003;;98,55287;;;96,82212;;Republic of Korea_2003
Republic of Korea;2004;;98,55287;;;96,82212;;Republic of Korea_2004
Republic of Korea;2005;;98,55287;;;96,82212;;Republic of Korea_2005
Republic of Korea;2006;;98,55287;;;96,82212;;Republic of Korea_2006
Republic of Korea;2007;;98,66512;;;97,04539;;Republic of Korea_2007
Republic of Korea;2008;;98,77738;;;97,26893;;Republic of Korea_2008
Republic of Korea;2009;;98,88963;;;97,49271;;Republic of Korea_2009
Republic of Korea;2010;;99,00188;;;97,71676;;Republic of Korea_2010
Republic of Korea;2011;;99,11414;;;97,94106;;Republic of Korea_2011
Republic of Korea;2012;;99,22639;;;98,01016;;Republic of Korea_2012
Republic of Korea;2013;;99,33865;;;98,00467;;Republic of Korea_2013
Republic of Korea;2014;;99,4509;;;97,99892;;Republic of Korea_2014
Republic of Korea;2015;;99,56315;;;97,9929;;Republic of Korea_2015
Republic of Korea;2016;;99,6754;;;98,10338;;Republic of Korea_2016
Republic of Korea;2017;;99,78766;;;98,21386;;Republic of Korea_2017
Republic of Moldova;2000;73,70327;83,2464;95,10569;;40,41632;;Republic of Moldova_2000
Republic of Moldova;2001;74,26108;83,52057;95,21536;;42,32299;;Republic of Moldova_2001
Republic of Moldova;2002;74,81917;83,79846;95,32499;;44,27113;;Republic of Moldova_2002
Republic of Moldova;2003;75,37753;84,08009;95,43458;;46,26121;;Republic of Moldova_2003
Republic of Moldova;2004;75,93616;84,36562;95,54412;;48,29424;;Republic of Moldova_2004
Republic of Moldova;2005;76,49506;84,69014;95,65363;;50,46074;;Republic of Moldova_2005
Republic of Moldova;2006;77,05425;85,05116;95,76308;;52,74878;;Republic of Moldova_2006
Republic of Moldova;2007;77,61371;85,41258;95,8725;;55,06377;;Republic of Moldova_2007
Republic of Moldova;2008;78,17345;85,77444;95,98187;;57,40574;;Republic of Moldova_2008
Republic of Moldova;2009;78,73346;86,13671;96,09121;;59,77472;;Republic of Moldova_2009
Republic of Moldova;2010;79,29374;86,4994;96,20049;;62,17075;;Republic of Moldova_2010
Republic of Moldova;2011;79,8543;86,86251;96,30975;;64,59387;;Republic of Moldova_2011
Republic of Moldova;2012;80,41514;87,22604;96,41895;;67,04411;;Republic of Moldova_2012
Republic of Moldova;2013;80,97625;87,58999;96,52811;;69,52153;;Republic of Moldova_2013
Republic of Moldova;2014;81,53764;87,95435;96,63723;;72,02614;;Republic of Moldova_2014
Republic of Moldova;2015;82,07841;88,31776;96,76268;;72,303;;Republic of Moldova_2015
Republic of Moldova;2016;82,61919;88,68506;96,88814;;72,58717;;Republic of Moldova_2016
Republic of Moldova;2017;83,15997;89,05566;97,0136;;72,87791;;Republic of Moldova_2017
Republic of North Macedonia;2000;98,54657;99,31468;99,85851;95,25511;97,34227;98,81998;Republic of North Macedonia_2000
Republic of North Macedonia;2001;98,54657;99,31194;99,85851;95,25511;97,33482;98,81998;Republic of North Macedonia_2001
Republic of North Macedonia;2002;98,54657;99,3092;99,85851;95,25511;97,32737;98,81998;Republic of North Macedonia_2002
Republic of North Macedonia;2003;98,54657;99,30646;99,85851;95,25511;97,31992;98,81998;Republic of North Macedonia_2003
Republic of North Macedonia;2004;98,54657;99,3037;99,85851;95,25511;97,31243;98,81998;Republic of North Macedonia_2004
Republic of North Macedonia;2005;98,56306;99,30355;99,85015;95,11266;96,67783;97,83318;Republic of North Macedonia_2005
Republic of North Macedonia;2006;98,32312;98,56437;98,74353;94,97008;96,04685;96,84654;Republic of North Macedonia_2006
Republic of North Macedonia;2007;98,08298;97,79335;97,5772;94,82736;95,41873;95,86006;Republic of North Macedonia_2007
Republic of North Macedonia;2008;97,84264;97,02413;96,41106;94,68452;94,79271;94,87375;Republic of North Macedonia_2008
Republic of North Macedonia;2009;97,6021;96,25585;95,24511;92,0092;93,08208;93,8876;Republic of North Macedonia_2009
Republic of North Macedonia;2010;97,36135;95,48769;94,07936;89,12734;91,28204;92,90162;Republic of North Macedonia_2010
Republic of North Macedonia;2011;97,1204;94,71877;92,9138;86,24335;89,48186;91,9158;Republic of North Macedonia_2011
Republic of North Macedonia;2012;96,87925;93,94827;91,74844;83,35722;87,68325;90,93015;Republic of North Macedonia_2012
Republic of North Macedonia;2013;96,63789;93,17531;90,58327;80,46894;85,88801;89,94465;Republic of North Macedonia_2013
Republic of North Macedonia;2014;96,63789;93,16956;90,58327;77,55013;84,65021;89,94465;Republic of North Macedonia_2014
Republic of North Macedonia;2015;96,63789;93,16205;90,58327;74,63132;83,4224;89,94465;Republic of North Macedonia_2015
Republic of North Macedonia;2016;96,63789;93,15266;90,58327;71,71252;82,20748;89,94465;Republic of North Macedonia_2016
Republic of North Macedonia;2017;96,63789;93,14146;90,58327;68,79372;81,00796;89,94465;Republic of North Macedonia_2017
Romania;2000;100,0;100,0;100,0;;81,65202;;Romania_2000
Romania;2001;100,0;100,0;100,0;;81,609;;Romania_2001
Romania;2002;100,0;100,0;100,0;;81,58862;;Romania_2002
Romania;2003;100,0;100,0;100,0;;81,62598;;Romania_2003
Romania;2004;100,0;100,0;100,0;;81,66306;;Romania_2004
Romania;2005;100,0;100,0;100,0;;81,70013;;Romania_2005
Romania;2006;100,0;100,0;100,0;;81,73721;;Romania_2006
Romania;2007;100,0;100,0;100,0;;81,77429;;Romania_2007
Romania;2008;100,0;100,0;100,0;;81,81137;;Romania_2008
Romania;2009;100,0;100,0;100,0;;81,84845;;Romania_2009
Romania;2010;100,0;100,0;100,0;;81,88552;;Romania_2010
Romania;2011;100,0;100,0;100,0;;81,9226;;Romania_2011
Romania;2012;100,0;100,0;100,0;;81,92657;;Romania_2012
Romania;2013;100,0;100,0;100,0;;81,91609;;Romania_2013
Romania;2014;100,0;100,0;100,0;;81,90562;;Romania_2014
Romania;2015;100,0;100,0;100,0;;81,90194;;Romania_2015
Romania;2016;100,0;100,0;100,0;;81,90562;;Romania_2016
Romania;2017;100,0;100,0;100,0;;81,91581;;Romania_2017
Russian Federation;2000;84,87902;95,02948;98,71741;;74,56915;;Russian Federation_2000
Russian Federation;2001;84,87902;95,02892;98,71741;;74,56792;;Russian Federation_2001
Russian Federation;2002;85,36278;95,15351;98,71239;;74,64227;;Russian Federation_2002
Russian Federation;2003;85,84653;95,28291;98,70736;;74,72782;;Russian Federation_2003
Russian Federation;2004;86,33028;95,4136;98,70233;;74,81706;;Russian Federation_2004
Russian Federation;2005;86,81403;95,54385;98,6973;;74,90604;;Russian Federation_2005
Russian Federation;2006;87,29779;95,67365;98,69228;;74,99474;;Russian Federation_2006
Russian Federation;2007;87,78154;95,80302;98,68726;;75,08318;;Russian Federation_2007
Russian Federation;2008;88,2653;95,93195;98,68223;;75,17134;;Russian Federation_2008
Russian Federation;2009;88,74905;96,06034;98,6772;;75,25894;;Russian Federation_2009
Russian Federation;2010;89,2328;96,18839;98,67218;;75,34657;;Russian Federation_2010
Russian Federation;2011;89,71655;96,31601;98,66715;;75,43392;;Russian Federation_2011
Russian Federation;2012;90,20031;96,44437;98,66212;;75,52486;;Russian Federation_2012
Russian Federation;2013;90,68406;96,57319;98,6571;;75,61897;;Russian Federation_2013
Russian Federation;2014;91,16782;96,70242;98,65208;;75,71668;;Russian Federation_2014
Russian Federation;2015;91,65157;96,83172;98,64705;;75,81733;;Russian Federation_2015
Russian Federation;2016;92,13532;96,96095;98,64202;;75,92105;;Russian Federation_2016
Russian Federation;2017;92,61908;97,08991;98,63699;;76,02773;;Russian Federation_2017
Rwanda;2000;40,99945;45,43856;70,74022;;;24,37536;Rwanda_2000
Rwanda;2001;41,65583;46,36307;71,39392;;;25,41623;Rwanda_2001
Rwanda;2002;42,31579;47,30437;72,05047;;;26,46725;Rwanda_2002
Rwanda;2003;42,97932;48,00498;72,70988;;;27,5284;Rwanda_2003
Rwanda;2004;43,64644;48,67247;73,37215;;;28,59969;Rwanda_2004
Rwanda;2005;44,31714;49,34341;74,03727;;;29,68111;Rwanda_2005
Rwanda;2006;44,99142;50,01811;74,70525;;;30,77268;Rwanda_2006
Rwanda;2007;45,66928;50,69597;75,37608;;;31,87439;Rwanda_2007
Rwanda;2008;46,35073;51,37729;76,04977;;;32,98623;Rwanda_2008
Rwanda;2009;47,03575;52,06236;76,72631;;;34,10821;Rwanda_2009
Rwanda;2010;47,72435;52,7506;77,40572;;;35,24033;Rwanda_2010
Rwanda;2011;48,41654;53,44229;78,08797;;;36,38259;Rwanda_2011
Rwanda;2012;49,1123;54,13773;78,77309;;;37,53498;Rwanda_2012
Rwanda;2013;49,81165;54,83634;79,46106;;;38,69752;Rwanda_2013
Rwanda;2014;50,51458;55,54314;80,15189;;;39,87019;Rwanda_2014
Rwanda;2015;51,22109;56,25843;80,84557;;;41,05301;Rwanda_2015
Rwanda;2016;51,93118;56,98162;81,54211;;;42,24595;Rwanda_2016
Rwanda;2017;52,64485;57,71328;82,24151;;;43,44904;Rwanda_2017
Saint Kitts and Nevis;2000;;98,21339;;;;;Saint Kitts and Nevis_2000
Saint Kitts and Nevis;2001;;98,2972;;;;;Saint Kitts and Nevis_2001
Saint Kitts and Nevis;2002;;98,381;;;;;Saint Kitts and Nevis_2002
Saint Kitts and Nevis;2003;;98,4648;;;;;Saint Kitts and Nevis_2003
Saint Kitts and Nevis;2004;;98,5486;;;;;Saint Kitts and Nevis_2004
Saint Kitts and Nevis;2005;;98,6324;;;;;Saint Kitts and Nevis_2005
Saint Kitts and Nevis;2006;;98,7162;;;;;Saint Kitts and Nevis_2006
Saint Kitts and Nevis;2007;;98,8;;;;;Saint Kitts and Nevis_2007
Saint Kitts and Nevis;2008;;98,8838;;;;;Saint Kitts and Nevis_2008
Saint Kitts and Nevis;2009;;98,96761;;;;;Saint Kitts and Nevis_2009
Saint Kitts and Nevis;2010;;98,96761;;;;;Saint Kitts and Nevis_2010
Saint Kitts and Nevis;2011;;98,96761;;;;;Saint Kitts and Nevis_2011
Saint Kitts and Nevis;2012;;98,96761;;;;;Saint Kitts and Nevis_2012
Saint Kitts and Nevis;2013;;98,96761;;;;;Saint Kitts and Nevis_2013
Saint Lucia;2000;86,79198;88,48084;92,87268;;;;Saint Lucia_2000
Saint Lucia;2001;86,79198;88,46254;92,87268;;;;Saint Lucia_2001
Saint Lucia;2002;86,79198;88,39297;92,87268;;;;Saint Lucia_2002
Saint Lucia;2003;87,75063;89,17725;93,40823;;;;Saint Lucia_2003
Saint Lucia;2004;88,70926;89,97251;93,94379;;;;Saint Lucia_2004
Saint Lucia;2005;89,66789;90,77862;94,47934;;;;Saint Lucia_2005
Saint Lucia;2006;90,62653;91,59496;95,01489;;;;Saint Lucia_2006
Saint Lucia;2007;91,58517;92,42121;95,55045;;;;Saint Lucia_2007
Saint Lucia;2008;92,5438;93,25688;96,08601;;;;Saint Lucia_2008
Saint Lucia;2009;93,50243;94,10172;96,62156;;;;Saint Lucia_2009
Saint Lucia;2010;94,46107;94,95849;97,15711;;;;Saint Lucia_2010
Saint Lucia;2011;95,41971;95,83907;97,69267;;;;Saint Lucia_2011
Saint Lucia;2012;96,37834;96,64426;97,8196;;;;Saint Lucia_2012
Saint Lucia;2013;97,33698;97,42608;97,8196;;;;Saint Lucia_2013
Saint Lucia;2014;98,2403;98,16255;97,8196;;;;Saint Lucia_2014
Saint Lucia;2015;98,2403;98,16241;97,8196;;;;Saint Lucia_2015
Saint Lucia;2016;98,2403;98,16222;97,8196;;;;Saint Lucia_2016
Saint Lucia;2017;98,2403;98,162;97,8196;;;;Saint Lucia_2017
Saint Vincent and the Grenadines;2000;;93,15183;;;;;Saint Vincent and the Grenadines_2000
Saint Vincent and the Grenadines;2001;;93,29421;;;;;Saint Vincent and the Grenadines_2001
Saint Vincent and the Grenadines;2002;;93,4366;;;;;Saint Vincent and the Grenadines_2002
Saint Vincent and the Grenadines;2003;;93,57899;;;;;Saint Vincent and the Grenadines_2003
Saint Vincent and the Grenadines;2004;;93,72137;;;;;Saint Vincent and the Grenadines_2004
Saint Vincent and the Grenadines;2005;;93,86375;;;;;Saint Vincent and the Grenadines_2005
Saint Vincent and the Grenadines;2006;;94,00614;;;;;Saint Vincent and the Grenadines_2006
Saint Vincent and the Grenadines;2007;;94,14852;;;;;Saint Vincent and the Grenadines_2007
Saint Vincent and the Grenadines;2008;;94,29091;;;;;Saint Vincent and the Grenadines_2008
Saint Vincent and the Grenadines;2009;;94,4333;;;;;Saint Vincent and the Grenadines_2009
Saint Vincent and the Grenadines;2010;;94,57568;;;;;Saint Vincent and the Grenadines_2010
Saint Vincent and the Grenadines;2011;;94,71806;;;;;Saint Vincent and the Grenadines_2011
Saint Vincent and the Grenadines;2012;;94,86045;;;;;Saint Vincent and the Grenadines_2012
Saint Vincent and the Grenadines;2013;;95,00284;;;;;Saint Vincent and the Grenadines_2013
Saint Vincent and the Grenadines;2014;;95,14522;;;;;Saint Vincent and the Grenadines_2014
Saint Vincent and the Grenadines;2015;;95,14522;;;;;Saint Vincent and the Grenadines_2015
Saint Vincent and the Grenadines;2016;;95,14522;;;;;Saint Vincent and the Grenadines_2016
Saint Vincent and the Grenadines;2017;;95,14522;;;;;Saint Vincent and the Grenadines_2017
Samoa;2000;92,46691;91,91004;89,93303;;57,06663;;Samoa_2000
Samoa;2001;92,46691;91,90773;89,93303;;57,06392;;Samoa_2001
Samoa;2002;92,46691;91,91096;89,93303;;57,0677;;Samoa_2002
Samoa;2003;92,46691;91,91711;89,93303;;57,07492;;Samoa_2003
Samoa;2004;92,46691;91,92322;89,93303;;57,08208;;Samoa_2004
Samoa;2005;92,56977;92,17085;90,68965;;57,2375;;Samoa_2005
Samoa;2006;92,67263;92,41533;91,44627;;57,39098;;Samoa_2006
Samoa;2007;92,77549;92,65668;92,2029;;57,54247;;Samoa_2007
Samoa;2008;93,20688;93,17934;93,0727;;57,69206;;Samoa_2008
Samoa;2009;93,639;93,72028;94,03943;;57,83984;;Samoa_2009
Samoa;2010;94,07185;94,26012;95,00954;;57,98583;;Samoa_2010
Samoa;2011;94,50542;94,79884;95,98302;;58,13006;;Samoa_2011
Samoa;2012;94,93973;95,33617;96,95989;;58,27252;;Samoa_2012
Samoa;2013;95,37476;95,87206;97,94013;;58,41309;;Samoa_2013
Samoa;2014;95,81052;96,40667;98,92375;;58,5518;;Samoa_2014
Samoa;2015;96,24701;96,89848;99,69143;;58,68864;;Samoa_2015
Samoa;2016;96,68422;97,30364;100,0;;58,77221;;Samoa_2016
Samoa;2017;96,79035;97,3826;100,0;;58,82111;;Samoa_2017
San Marino;2000;;100,0;;;100,0;;San Marino_2000
San Marino;2001;;100,0;;;100,0;;San Marino_2001
San Marino;2002;;100,0;;;100,0;;San Marino_2002
San Marino;2003;;100,0;;;100,0;;San Marino_2003
San Marino;2004;;100,0;;;100,0;;San Marino_2004
San Marino;2005;;100,0;;;100,0;;San Marino_2005
San Marino;2006;;100,0;;;100,0;;San Marino_2006
San Marino;2007;;100,0;;;100,0;;San Marino_2007
San Marino;2008;;100,0;;;100,0;;San Marino_2008
San Marino;2009;;100,0;;;100,0;;San Marino_2009
San Marino;2010;;100,0;;;100,0;;San Marino_2010
San Marino;2011;;100,0;;;100,0;;San Marino_2011
San Marino;2012;;100,0;;;100,0;;San Marino_2012
San Marino;2013;;100,0;;;100,0;;San Marino_2013
San Marino;2014;;100,0;;;100,0;;San Marino_2014
San Marino;2015;;100,0;;;100,0;;San Marino_2015
San Marino;2016;;100,0;;;100,0;;San Marino_2016
San Marino;2017;;100,0;;;100,0;;San Marino_2017
Sao Tome and Principe;2000;58,18951;64,89487;70,74074;;;;Sao Tome and Principe_2000
Sao Tome and Principe;2001;59,30348;66,07932;71,76435;;;;Sao Tome and Principe_2001
Sao Tome and Principe;2002;60,42527;67,29685;72,79424;;;;Sao Tome and Principe_2002
Sao Tome and Principe;2003;61,5549;68,52322;73,83041;;;;Sao Tome and Principe_2003
Sao Tome and Principe;2004;62,69236;69,75364;74,87286;;;;Sao Tome and Principe_2004
Sao Tome and Principe;2005;63,83765;70,98711;75,92159;;;;Sao Tome and Principe_2005
Sao Tome and Principe;2006;64,99078;72,22397;76,97659;;;;Sao Tome and Principe_2006
Sao Tome and Principe;2007;66,15173;73,46408;78,03786;;;;Sao Tome and Principe_2007
Sao Tome and Principe;2008;67,32051;74,7073;79,10543;;;;Sao Tome and Principe_2008
Sao Tome and Principe;2009;68,49712;75,95302;80,17927;;;;Sao Tome and Principe_2009
Sao Tome and Principe;2010;69,68157;77,20159;81,25938;;;;Sao Tome and Principe_2010
Sao Tome and Principe;2011;70,87385;78,45267;82,34578;;;;Sao Tome and Principe_2011
Sao Tome and Principe;2012;72,07395;79,70635;83,43846;;;;Sao Tome and Principe_2012
Sao Tome and Principe;2013;73,28189;80,95905;84,53741;;;;Sao Tome and Principe_2013
Sao Tome and Principe;2014;74,49766;82,21143;85,64264;;;;Sao Tome and Principe_2014
Sao Tome and Principe;2015;75,72126;83,46349;86,75415;;;;Sao Tome and Principe_2015
Sao Tome and Principe;2016;76,95269;84,20084;87,14815;;;;Sao Tome and Principe_2016
Sao Tome and Principe;2017;76,95269;84,29016;87,14815;;;;Sao Tome and Principe_2017
Saudi Arabia;2000;;97,38966;;;;;Saudi Arabia_2000
Saudi Arabia;2001;;97,38966;;;;;Saudi Arabia_2001
Saudi Arabia;2002;;97,38966;;;;;Saudi Arabia_2002
Saudi Arabia;2003;;97,56637;;;;;Saudi Arabia_2003
Saudi Arabia;2004;;97,74308;;;;;Saudi Arabia_2004
Saudi Arabia;2005;;97,91979;;;;;Saudi Arabia_2005
Saudi Arabia;2006;;98,0965;;;;;Saudi Arabia_2006
Saudi Arabia;2007;;98,27321;;;;;Saudi Arabia_2007
Saudi Arabia;2008;;98,44992;;;;;Saudi Arabia_2008
Saudi Arabia;2009;;98,62663;;;;;Saudi Arabia_2009
Saudi Arabia;2010;;98,80334;;;;;Saudi Arabia_2010
Saudi Arabia;2011;;98,98006;;;;;Saudi Arabia_2011
Saudi Arabia;2012;;99,15677;;;;;Saudi Arabia_2012
Saudi Arabia;2013;;99,33348;;;;;Saudi Arabia_2013
Saudi Arabia;2014;;99,51019;;;;;Saudi Arabia_2014
Saudi Arabia;2015;;99,6869;;;;;Saudi Arabia_2015
Saudi Arabia;2016;;99,86361;;;;;Saudi Arabia_2016
Saudi Arabia;2017;;100,0;;;;;Saudi Arabia_2017
Senegal;2000;39,96664;59,9197;89,45341;;;;Senegal_2000
Senegal;2001;41,61777;61,04181;89,62103;;;;Senegal_2001
Senegal;2002;43,28672;62,16981;89,78876;;;;Senegal_2002
Senegal;2003;44,9735;63,37071;89,95665;;;;Senegal_2003
Senegal;2004;46,67811;64,62414;90,12466;;;;Senegal_2004
Senegal;2005;48,40054;65,87548;90,29281;;;;Senegal_2005
Senegal;2006;50,14079;67,12531;90,4611;;;;Senegal_2006
Senegal;2007;51,89886;68,37295;90,62952;;;;Senegal_2007
Senegal;2008;53,67476;69,61811;90,79807;;;;Senegal_2008
Senegal;2009;55,46848;70,86018;90,96676;;;;Senegal_2009
Senegal;2010;57,28003;72,09962;91,13559;;;;Senegal_2010
Senegal;2011;59,1094;73,33579;91,30455;;;;Senegal_2011
Senegal;2012;60,95659;74,56811;91,47364;;;;Senegal_2012
Senegal;2013;62,82161;75,79665;91,64288;;;;Senegal_2013
Senegal;2014;64,70444;77,02114;91,81224;;;;Senegal_2014
Senegal;2015;66,60511;78,24334;91,98174;;;;Senegal_2015
Senegal;2016;68,5236;79,46232;92,15137;;;;Senegal_2016
Senegal;2017;70,45991;80,67786;92,32115;;;;Senegal_2017
Serbia;2000;96,56506;94,74107;93,10851;66,58347;74,49373;81,57383;Serbia_2000
Serbia;2001;96,5451;94,71433;93,09031;66,5697;74,51224;81,55788;Serbia_2001
Serbia;2002;96,52512;94,6876;93,0721;66,55593;74,53073;81,54192;Serbia_2002
Serbia;2003;96,50516;94,6609;93,05389;66,54216;74,54906;81,52598;Serbia_2003
Serbia;2004;96,48519;94,63416;93,03569;66,5284;74,56769;81,51003;Serbia_2004
Serbia;2005;95,80801;93,87494;92,22047;66,51463;74,586;81,49407;Serbia_2005
Serbia;2006;95,1311;93,1154;91,40557;66,50085;74,60431;81,47813;Serbia_2006
Serbia;2007;94,45447;92,35551;90,59098;66,48708;74,62275;81,46217;Serbia_2007
Serbia;2008;93,7781;91,59534;89,7767;66,47331;74,64104;81,44622;Serbia_2008
Serbia;2009;93,10201;90,83485;88,96274;66,45955;74,65932;81,43027;Serbia_2009
Serbia;2010;92,42619;90,07408;88,14909;66,44578;74,67743;81,41432;Serbia_2010
Serbia;2011;91,75065;89,31296;87,33575;66,43201;74,69569;81,39838;Serbia_2011
Serbia;2012;91,07537;88,5552;86,52271;66,41824;74,70181;81,38242;Serbia_2012
Serbia;2013;90,40037;87,79867;85,71;66,40447;74,70374;81,36647;Serbia_2013
Serbia;2014;89,72564;87,04207;84,89759;66,3907;74,70582;81,35052;Serbia_2014
Serbia;2015;89,05118;86,28549;84,0855;66,37693;74,70774;81,33457;Serbia_2015
Serbia;2016;88,37699;85,52885;83,27371;66,36316;74,7098;81,31862;Serbia_2016
Serbia;2017;88,37699;85,52212;83,27371;66,36316;74,72955;81,31862;Serbia_2017
Seychelles;2000;;93,20035;;;;;Seychelles_2000
Seychelles;2001;;93,45757;;;;;Seychelles_2001
Seychelles;2002;;93,71478;;;;;Seychelles_2002
Seychelles;2003;;93,97199;;;;;Seychelles_2003
Seychelles;2004;;94,22921;;;;;Seychelles_2004
Seychelles;2005;;94,48642;;;;;Seychelles_2005
Seychelles;2006;;94,74364;;;;;Seychelles_2006
Seychelles;2007;;95,00085;;;;;Seychelles_2007
Seychelles;2008;;95,25806;;;;;Seychelles_2008
Seychelles;2009;;95,51527;;;;;Seychelles_2009
Seychelles;2010;;95,77249;;;;;Seychelles_2010
Seychelles;2011;;96,0297;;;;;Seychelles_2011
Seychelles;2012;;96,22973;;;;;Seychelles_2012
Seychelles;2013;;96,2394;;;;;Seychelles_2013
Seychelles;2014;;96,24902;;;;;Seychelles_2014
Seychelles;2015;;96,24902;;;;;Seychelles_2015
Seychelles;2016;;96,24902;;;;;Seychelles_2016
Seychelles;2017;;96,24902;;;;;Seychelles_2017
Sierra Leone;2000;24,41055;39,88378;67,84296;1,5196;4,7389;10,55597;Sierra Leone_2000
Sierra Leone;2001;24,42673;40,17131;68,32384;1,67194;4,89143;10,64813;Sierra Leone_2001
Sierra Leone;2002;26,01834;41,46738;68,8028;1,94186;5,11888;10,74029;Sierra Leone_2002
Sierra Leone;2003;27,61204;42,75912;69,27984;2,23141;5,35806;10,83244;Sierra Leone_2003
Sierra Leone;2004;29,20782;44,04644;69,75494;2,54061;5,60881;10,9246;Sierra Leone_2004
Sierra Leone;2005;30,80569;45,36005;70,22812;2,86944;5,87735;11,01676;Sierra Leone_2005
Sierra Leone;2006;32,40564;46,69035;70,69936;3,21791;6,16149;11,10891;Sierra Leone_2006
Sierra Leone;2007;34,00767;48,01329;71,16869;3,58602;6,45606;11,20107;Sierra Leone_2007
Sierra Leone;2008;35,61179;49,32876;71,63608;3,97377;6,7608;11,29323;Sierra Leone_2008
Sierra Leone;2009;37,218;50,6363;72,10154;4,38115;7,0754;11,38539;Sierra Leone_2009
Sierra Leone;2010;38,82629;51,93583;72,56507;4,80817;7,39962;11,47754;Sierra Leone_2010
Sierra Leone;2011;40,43667;53,2276;73,02668;5,25483;7,73329;11,5697;Sierra Leone_2011
Sierra Leone;2012;42,04913;54,51147;73,48636;5,72113;8,07615;11,66186;Sierra Leone_2012
Sierra Leone;2013;43,66368;55,78675;73,94411;6,20706;8,42784;11,75401;Sierra Leone_2013
Sierra Leone;2014;45,28031;57,05396;74,39993;6,71263;8,78822;11,84617;Sierra Leone_2014
Sierra Leone;2015;46,89902;58,31269;74,85382;7,23784;9,157;11,93833;Sierra Leone_2015
Sierra Leone;2016;48,51982;59,56314;75,30579;7,78269;9,53397;12,03048;Sierra Leone_2016
Sierra Leone;2017;50,14271;60,80699;75,75583;8,34717;9,91913;12,12264;Sierra Leone_2017
Singapore;2000;;100,0;100,0;;100,0;100,0;Singapore_2000
Singapore;2001;;100,0;100,0;;100,0;100,0;Singapore_2001
Singapore;2002;;100,0;100,0;;100,0;100,0;Singapore_2002
Singapore;2003;;100,0;100,0;;100,0;100,0;Singapore_2003
Singapore;2004;;100,0;100,0;;100,0;100,0;Singapore_2004
Singapore;2005;;100,0;100,0;;100,0;100,0;Singapore_2005
Singapore;2006;;100,0;100,0;;100,0;100,0;Singapore_2006
Singapore;2007;;100,0;100,0;;100,0;100,0;Singapore_2007
Singapore;2008;;100,0;100,0;;100,0;100,0;Singapore_2008
Singapore;2009;;100,0;100,0;;100,0;100,0;Singapore_2009
Singapore;2010;;100,0;100,0;;100,0;100,0;Singapore_2010
Singapore;2011;;100,0;100,0;;100,0;100,0;Singapore_2011
Singapore;2012;;100,0;100,0;;100,0;100,0;Singapore_2012
Singapore;2013;;100,0;100,0;;100,0;100,0;Singapore_2013
Singapore;2014;;100,0;100,0;;100,0;100,0;Singapore_2014
Singapore;2015;;100,0;100,0;;100,0;100,0;Singapore_2015
Singapore;2016;;100,0;100,0;;100,0;100,0;Singapore_2016
Singapore;2017;;100,0;100,0;;100,0;100,0;Singapore_2017
Slovakia;2000;96,8;97,9809;98,9;;92,17965;;Slovakia_2000
Slovakia;2001;96,8;97,97942;98,9;;92,17799;;Slovakia_2001
Slovakia;2002;96,8;97,97627;98,9;;92,81332;;Slovakia_2002
Slovakia;2003;96,8;97,97312;98,9;;93,44967;;Slovakia_2003
Slovakia;2004;96,8;97,96997;98,9;;94,08702;;Slovakia_2004
Slovakia;2005;96,8;97,96682;98,9;;94,72538;;Slovakia_2005
Slovakia;2006;96,8;97,96365;98,9;;95,36474;;Slovakia_2006
Slovakia;2007;96,8;97,96048;98,9;;96,0051;;Slovakia_2007
Slovakia;2008;96,8;97,95733;98,9;;96,64649;;Slovakia_2008
Slovakia;2009;97,4605;98,25165;98,9;;97,28888;;Slovakia_2009
Slovakia;2010;98,28725;98,62234;98,9;;97,93309;;Slovakia_2010
Slovakia;2011;99,11401;98,99754;98,9;;98,57904;;Slovakia_2011
Slovakia;2012;99,94076;99,37583;98,9;;99,12453;;Slovakia_2012
Slovakia;2013;100,0;99,52017;99,11372;;99,26785;;Slovakia_2013
Slovakia;2014;100,0;99,78675;99,60509;;99,41117;;Slovakia_2014
Slovakia;2015;100,0;99,78719;99,60509;;99,5545;;Slovakia_2015
Slovakia;2016;100,0;99,78751;99,60509;;99,69782;;Slovakia_2016
Slovakia;2017;100,0;99,78773;99,60509;;99,78773;;Slovakia_2017
Slovenia;2000;99,40048;99,61584;99,8248;;79,79192;;Slovenia_2000
Slovenia;2001;99,40024;99,60954;99,8124;;79,78687;;Slovenia_2001
Slovenia;2002;99,4;99,60343;99,8;;79,78198;;Slovenia_2002
Slovenia;2003;99,39976;99,59788;99,78761;;81,07258;;Slovenia_2003
Slovenia;2004;99,39952;99,59228;99,77521;;82,36299;;Slovenia_2004
Slovenia;2005;99,39928;99,58662;99,76281;;83,65321;;Slovenia_2005
Slovenia;2006;99,39903;99,5809;99,75041;;84,94324;;Slovenia_2006
Slovenia;2007;99,3988;99,57513;99,73801;;86,23306;;Slovenia_2007
Slovenia;2008;99,39855;99,56931;99,72562;;87,52269;;Slovenia_2008
Slovenia;2009;99,39832;99,56342;99,71322;;88,81211;;Slovenia_2009
Slovenia;2010;99,39807;99,5575;99,70082;;90,10134;;Slovenia_2010
Slovenia;2011;99,39783;99,55151;99,68842;;91,39037;;Slovenia_2011
Slovenia;2012;99,39759;99,54546;99,67603;;92,67918;;Slovenia_2012
Slovenia;2013;99,39735;99,53937;99,66363;;93,96778;;Slovenia_2013
Slovenia;2014;99,39711;99,53321;99,65123;;95,25618;;Slovenia_2014
Slovenia;2015;99,39711;99,53378;99,65123;;96,55093;;Slovenia_2015
Slovenia;2016;99,39711;99,53439;99,65123;;97,84573;;Slovenia_2016
Slovenia;2017;99,39711;99,53503;99,65123;;98,05297;;Slovenia_2017
Solomon Islands;2000;76,47483;78,68497;90,45152;;;;Solomon Islands_2000
Solomon Islands;2001;76,47483;78,7392;90,45152;;;;Solomon Islands_2001
Solomon Islands;2002;76,47483;78,79454;90,45152;;;;Solomon Islands_2002
Solomon Islands;2003;76,47483;78,85101;90,45152;;;;Solomon Islands_2003
Solomon Islands;2004;76,47483;78,90859;90,45152;;;;Solomon Islands_2004
Solomon Islands;2005;75,41106;78,1098;90,54529;;;;Solomon Islands_2005
Solomon Islands;2006;74,14514;77,15286;90,61766;;;;Solomon Islands_2006
Solomon Islands;2007;72,885;76,21346;90,68998;;;;Solomon Islands_2007
Solomon Islands;2008;71,63065;75,29205;90,76226;;;;Solomon Islands_2008
Solomon Islands;2009;70,38207;74,3885;90,8345;;;;Solomon Islands_2009
Solomon Islands;2010;69,13929;73,50322;90,90668;;;;Solomon Islands_2010
Solomon Islands;2011;67,90229;72,63483;90,97883;;;;Solomon Islands_2011
Solomon Islands;2012;66,67107;71,78353;91,05093;;;;Solomon Islands_2012
Solomon Islands;2013;65,44564;70,94907;91,12299;;;;Solomon Islands_2013
Solomon Islands;2014;64,226;70,13113;91,195;;;;Solomon Islands_2014
Solomon Islands;2015;63,01214;69,32992;91,26698;;;;Solomon Islands_2015
Solomon Islands;2016;61,80406;68,5448;91,3389;;;;Solomon Islands_2016
Solomon Islands;2017;60,60177;67,77596;91,41077;;;;Solomon Islands_2017
Somalia;2000;4,24901;19,60301;50,43063;;;;Somalia_2000
Somalia;2001;6,23249;21,67661;52,1739;;;;Somalia_2001
Somalia;2002;8,21598;23,74981;53,91717;;;;Somalia_2002
Somalia;2003;10,19946;25,99988;55,66044;;;;Somalia_2003
Somalia;2004;12,18294;28,25033;57,40371;;;;Somalia_2004
Somalia;2005;13,88359;30,37776;59,30829;;;;Somalia_2005
Somalia;2006;15,50504;32,46618;61,22239;;;;Somalia_2006
Somalia;2007;17,0473;32,90709;63,14599;;;;Somalia_2007
Somalia;2008;18,51035;35,28022;65,0791;;;;Somalia_2008
Somalia;2009;19,89421;37,63536;67,02172;;;;Somalia_2009
Somalia;2010;21,19886;39,97921;68,97385;;;;Somalia_2010
Somalia;2011;22,42431;42,3139;70,93549;;;;Somalia_2011
Somalia;2012;23,57057;44,07365;72,90663;;;;Somalia_2012
Somalia;2013;24,63762;45,80128;74,88729;;;;Somalia_2013
Somalia;2014;25,62548;47,49931;76,87746;;;;Somalia_2014
Somalia;2015;26,53413;49,16986;78,87713;;;;Somalia_2015
Somalia;2016;27,36359;50,81511;80,88631;;;;Somalia_2016
Somalia;2017;28,11385;52,43619;82,90501;;;;Somalia_2017
South Africa;2000;66,19306;84,50127;98,37426;;;90,14125;South Africa_2000
South Africa;2001;67,04498;85,03582;98,40539;;;90,16978;South Africa_2001
South Africa;2002;67,89691;85,57874;98,43652;;;90,22399;South Africa_2002
South Africa;2003;68,74883;86,11829;98,46765;;;90,27823;South Africa_2003
South Africa;2004;69,60075;86,64857;98,49878;;;90,33247;South Africa_2004
South Africa;2005;70,45268;87,16874;98,52991;;;90,38674;South Africa_2005
South Africa;2006;71,3046;87,67945;98,56104;;;90,3083;South Africa_2006
South Africa;2007;72,15652;88,18076;98,59216;;;89,5445;South Africa_2007
South Africa;2008;73,00845;88,67295;98,6233;;;88,7802;South Africa_2008
South Africa;2009;73,86037;89,15508;98,65443;;;88,01541;South Africa_2009
South Africa;2010;74,7123;89,62798;98,68555;;;87,25011;South Africa_2010
South Africa;2011;75,56422;90,09147;98,71668;;;86,48431;South Africa_2011
South Africa;2012;76,41615;90,54585;98,74782;;;85,71801;South Africa_2012
South Africa;2013;77,26807;90,99049;98,77895;;;84,95122;South Africa_2013
South Africa;2014;78,11999;91,4262;98,81007;;;84,18391;South Africa_2014
South Africa;2015;78,97192;91,85278;98,8412;;;83,41611;South Africa_2015
South Africa;2016;79,82384;92,27031;98,87233;;;82,64781;South Africa_2016
South Africa;2017;80,67576;92,6787;98,90347;;;81,87901;South Africa_2017
South Sudan;2011;38,68334;41,08644;52,01019;;;;South Sudan_2011
South Sudan;2012;38,20805;41,09379;54,049;;;;South Sudan_2012
South Sudan;2013;37,66953;41,06842;56,1267;;;;South Sudan_2013
South Sudan;2014;37,06778;41,01193;58,24329;;;;South Sudan_2014
South Sudan;2015;36,40282;40,92653;60,39875;;;;South Sudan_2015
South Sudan;2016;35,67463;40,8139;62,59309;;;;South Sudan_2016
South Sudan;2017;34,88322;40,67601;64,82632;;;;South Sudan_2017
Spain;2000;100,0;100,0;100,0;;98,83858;;Spain_2000
Spain;2001;100,0;100,0;100,0;;98,81949;;Spain_2001
Spain;2002;100,0;100,0;100,0;;98,80041;;Spain_2002
Spain;2003;100,0;100,0;100,0;;98,78132;;Spain_2003
Spain;2004;100,0;100,0;100,0;;98,76224;;Spain_2004
Spain;2005;100,0;100,0;100,0;;98,74315;;Spain_2005
Spain;2006;100,0;100,0;100,0;;98,72406;;Spain_2006
Spain;2007;100,0;99,99999;100,0;;98,70497;;Spain_2007
Spain;2008;100,0;100,0;100,0;;98,68588;;Spain_2008
Spain;2009;100,0;100,0;100,0;;98,6668;;Spain_2009
Spain;2010;100,0;100,0;100,0;;98,64772;;Spain_2010
Spain;2011;100,0;100,0;100,0;;98,62863;;Spain_2011
Spain;2012;100,0;99,98617;99,98247;;98,59591;;Spain_2012
Spain;2013;100,0;99,95663;99,94521;;98,54771;;Spain_2013
Spain;2014;100,0;99,92694;99,90794;;98,49935;;Spain_2014
Spain;2015;100,0;99,92673;99,90794;;98,48007;;Spain_2015
Spain;2016;100,0;99,92651;99,90794;;98,46078;;Spain_2016
Spain;2017;100,0;99,92628;99,90794;;98,44149;;Spain_2017
Sri Lanka;2000;75,98656;79,54816;95,36412;;;86,09052;Sri Lanka_2000
Sri Lanka;2001;76,72732;80,15523;95,39275;;;86,11636;Sri Lanka_2001
Sri Lanka;2002;77,42108;80,73649;95,48969;;;86,1422;Sri Lanka_2002
Sri Lanka;2003;78,11394;81,31739;95,58669;;;86,16805;Sri Lanka_2003
Sri Lanka;2004;78,8059;81,89775;95,68371;;;86,19389;Sri Lanka_2004
Sri Lanka;2005;79,49696;82,47739;95,78078;;;86,21973;Sri Lanka_2005
Sri Lanka;2006;80,18713;83,05666;95,87789;;;86,60426;Sri Lanka_2006
Sri Lanka;2007;80,87639;83,63522;95,97504;;;86,98899;Sri Lanka_2007
Sri Lanka;2008;81,56476;84,21339;96,07224;;;87,37395;Sri Lanka_2008
Sri Lanka;2009;82,25223;84,79101;96,16947;;;87,75911;Sri Lanka_2009
Sri Lanka;2010;82,93879;85,36794;96,26675;;;88,14449;Sri Lanka_2010
Sri Lanka;2011;83,62446;85,94447;96,36406;;;88,53009;Sri Lanka_2011
Sri Lanka;2012;84,30923;86,52045;96,46142;;;88,9159;Sri Lanka_2012
Sri Lanka;2013;84,9931;87,09783;96,55882;;;89,30193;Sri Lanka_2013
Sri Lanka;2014;85,67607;87,67645;96,65625;;;89,68816;Sri Lanka_2014
Sri Lanka;2015;86,35815;88,25597;96,75373;;;90,07462;Sri Lanka_2015
Sri Lanka;2016;87,03932;88,83598;96,85126;;;90,46129;Sri Lanka_2016
Sri Lanka;2017;87,7196;89,41629;96,94881;;;90,84818;Sri Lanka_2017
Sudan;2000;35,29995;43,42978;60,31864;;;;Sudan_2000
Sudan;2001;35,29995;43,44304;60,31864;;;;Sudan_2001
Sudan;2002;35,29995;43,4563;60,31864;;;;Sudan_2002
Sudan;2003;35,29995;43,46955;60,31864;;;;Sudan_2003
Sudan;2004;35,29995;43,48281;60,31864;;;;Sudan_2004
Sudan;2005;36,79155;44,87897;61,47844;;;;Sudan_2005
Sudan;2006;38,28313;46,27477;62,63824;;;;Sudan_2006
Sudan;2007;39,77472;47,67023;63,79804;;;;Sudan_2007
Sudan;2008;41,26631;49,06533;64,95785;;;;Sudan_2008
Sudan;2009;42,7579;50,46498;66,11765;;;;Sudan_2009
Sudan;2010;44,24949;51,86921;67,27745;;;;Sudan_2010
Sudan;2011;45,74108;53,2778;68,43725;;;;Sudan_2011
Sudan;2012;47,23267;54,6903;69,59705;;;;Sudan_2012
Sudan;2013;48,72426;56,10672;70,75685;;;;Sudan_2013
Sudan;2014;50,21585;57,52663;71,91666;;;;Sudan_2014
Sudan;2015;51,70744;58,95025;73,07645;;;;Sudan_2015
Sudan;2016;53,19903;60,21589;73,76366;;;;Sudan_2016
Sudan;2017;53,19903;60,26709;73,76366;;;;Sudan_2017
Suriname;2000;73,56894;89,56471;97,64301;;;;Suriname_2000
Suriname;2001;74,5196;89,91393;97,66306;;;;Suriname_2001
Suriname;2002;75,46687;90,26084;97,68304;;;;Suriname_2002
Suriname;2003;76,41077;90,60499;97,70296;;;;Suriname_2003
Suriname;2004;77,35128;90,94662;97,7228;;;;Suriname_2004
Suriname;2005;78,28841;91,26084;97,74258;;;;Suriname_2005
Suriname;2006;79,22215;91,57267;97,76231;;;;Suriname_2006
Suriname;2007;80,15252;91,88438;97,78196;;;;Suriname_2007
Suriname;2008;81,0795;92,19614;97,80154;;;;Suriname_2008
Suriname;2009;82,0031;92,50813;97,82106;;;;Suriname_2009
Suriname;2010;82,92332;92,81998;97,84052;;;;Suriname_2010
Suriname;2011;83,84015;93,13188;97,8599;;;;Suriname_2011
Suriname;2012;84,7536;93,44381;97,87922;;;;Suriname_2012
Suriname;2013;85,80207;93,83449;97,94663;;;;Suriname_2013
Suriname;2014;86,85054;94,22839;98,01405;;;;Suriname_2014
Suriname;2015;87,35076;94,43904;98,08147;;;;Suriname_2015
Suriname;2016;87,46136;94,5194;98,14888;;;;Suriname_2016
Suriname;2017;89,99594;95,42474;98,2163;;;;Suriname_2017
Sweden;2000;100,0;100,0;100,0;;99,94;;Sweden_2000
Sweden;2001;100,0;100,0;100,0;;99,94;;Sweden_2001
Sweden;2002;100,0;100,0;100,0;;99,94;;Sweden_2002
Sweden;2003;100,0;100,0;100,0;;99,94;;Sweden_2003
Sweden;2004;100,0;100,0;100,0;;99,94;;Sweden_2004
Sweden;2005;100,0;100,0;100,0;;99,93999;;Sweden_2005
Sweden;2006;100,0;100,0;100,0;;99,94;;Sweden_2006
Sweden;2007;100,0;100,0;100,0;;99,94;;Sweden_2007
Sweden;2008;100,0;100,0;100,0;;99,94;;Sweden_2008
Sweden;2009;100,0;100,0;100,0;;99,94;;Sweden_2009
Sweden;2010;100,0;100,0;100,0;;99,94;;Sweden_2010
Sweden;2011;100,0;100,0;100,0;;99,93999;;Sweden_2011
Sweden;2012;100,0;100,0;100,0;;99,93999;;Sweden_2012
Sweden;2013;100,0;100,0;100,0;;99,93999;;Sweden_2013
Sweden;2014;100,0;100,0;100,0;;99,93999;;Sweden_2014
Sweden;2015;100,0;100,0;100,0;;99,94;;Sweden_2015
Sweden;2016;100,0;100,0;100,0;;99,93999;;Sweden_2016
Sweden;2017;100,0;100,0;100,0;;99,94;;Sweden_2017
Switzerland;2000;100,0;100,0;100,0;;92,82433;;Switzerland_2000
Switzerland;2001;100,0;100,0;100,0;;92,82433;;Switzerland_2001
Switzerland;2002;100,0;100,0;100,0;;92,82433;;Switzerland_2002
Switzerland;2003;100,0;100,0;100,0;;92,82432;;Switzerland_2003
Switzerland;2004;100,0;100,0;100,0;;93,06351;;Switzerland_2004
Switzerland;2005;100,0;100,0;100,0;;93,3027;;Switzerland_2005
Switzerland;2006;100,0;100,0;100,0;;93,54189;;Switzerland_2006
Switzerland;2007;100,0;100,0;100,0;;93,78107;;Switzerland_2007
Switzerland;2008;100,0;100,0;100,0;;94,02027;;Switzerland_2008
Switzerland;2009;100,0;100,0;100,0;;94,25946;;Switzerland_2009
Switzerland;2010;100,0;100,0;100,0;;94,49865;;Switzerland_2010
Switzerland;2011;100,0;100,0;100,0;;94,73784;;Switzerland_2011
Switzerland;2012;100,0;100,0;100,0;;94,97703;;Switzerland_2012
Switzerland;2013;100,0;100,0;100,0;;95,21622;;Switzerland_2013
Switzerland;2014;100,0;100,0;100,0;;95,45541;;Switzerland_2014
Switzerland;2015;100,0;100,0;100,0;;95,45541;;Switzerland_2015
Switzerland;2016;100,0;100,0;100,0;;95,45541;;Switzerland_2016
Switzerland;2017;100,0;100,0;100,0;;95,45541;;Switzerland_2017
Syrian Arab Republic;2000;90,10829;94,86642;99,26787;;;;Syrian Arab Republic_2000
Syrian Arab Republic;2001;90,40588;95,03363;99,25198;;;;Syrian Arab Republic_2001
Syrian Arab Republic;2002;90,70345;95,19862;99,23609;;;;Syrian Arab Republic_2002
Syrian Arab Republic;2003;91,00103;95,36121;99,2202;;;;Syrian Arab Republic_2003
Syrian Arab Republic;2004;91,29861;95,5216;99,20431;;;;Syrian Arab Republic_2004
Syrian Arab Republic;2005;91,59618;95,67944;99,18842;;;;Syrian Arab Republic_2005
Syrian Arab Republic;2006;91,89376;95,83492;99,17253;;;;Syrian Arab Republic_2006
Syrian Arab Republic;2007;92,19135;95,9882;99,15664;;;;Syrian Arab Republic_2007
Syrian Arab Republic;2008;92,48892;96,13911;99,14075;;;;Syrian Arab Republic_2008
Syrian Arab Republic;2009;92,7865;96,28762;99,12486;;;;Syrian Arab Republic_2009
Syrian Arab Republic;2010;93,08408;96,43392;99,10897;;;;Syrian Arab Republic_2010
Syrian Arab Republic;2011;93,38165;96,49895;99,09309;;;;Syrian Arab Republic_2011
Syrian Arab Republic;2012;93,67923;96,57011;99,07719;;;;Syrian Arab Republic_2012
Syrian Arab Republic;2013;93,97681;96,64764;99,0613;;;;Syrian Arab Republic_2013
Syrian Arab Republic;2014;94,27439;96,73147;99,04542;;;;Syrian Arab Republic_2014
Syrian Arab Republic;2015;94,57197;96,89738;99,02953;;;;Syrian Arab Republic_2015
Syrian Arab Republic;2016;94,86954;97,05907;99,01363;;;;Syrian Arab Republic_2016
Syrian Arab Republic;2017;95,16712;97,21651;98,99774;;;;Syrian Arab Republic_2017
Tajikistan;2000;43,46983;55,90601;90,39703;;35,24668;;Tajikistan_2000
Tajikistan;2001;45,27232;57,32143;90,73552;;36,43213;;Tajikistan_2001
Tajikistan;2002;47,08603;58,74521;91,07464;;37,65243;;Tajikistan_2002
Tajikistan;2003;48,91096;60,17734;91,41439;;38,9076;;Tajikistan_2003
Tajikistan;2004;50,74711;61,61742;91,75477;;40,19707;;Tajikistan_2004
Tajikistan;2005;52,59449;63,06628;92,09578;;41,52198;;Tajikistan_2005
Tajikistan;2006;54,45309;64,52349;92,43741;;42,88173;;Tajikistan_2006
Tajikistan;2007;56,32291;65,98906;92,77968;;44,27634;;Tajikistan_2007
Tajikistan;2008;58,20396;67,46297;93,12257;;45,24455;;Tajikistan_2008
Tajikistan;2009;60,09622;68,94524;93,46609;;45,65298;;Tajikistan_2009
Tajikistan;2010;61,99971;70,43587;93,81024;;46,02968;;Tajikistan_2010
Tajikistan;2011;63,91442;71,93454;94,15502;;46,37447;;Tajikistan_2011
Tajikistan;2012;65,84036;73,44818;94,50043;;46,69177;;Tajikistan_2012
Tajikistan;2013;67,77752;74,97488;94,84647;;46,98115;;Tajikistan_2013
Tajikistan;2014;69,7259;76,51419;95,19314;;47,24315;;Tajikistan_2014
Tajikistan;2015;71,6855;78,06479;95,54044;;47,47783;;Tajikistan_2015
Tajikistan;2016;73,65633;79,62585;95,88836;;47,68568;;Tajikistan_2016
Tajikistan;2017;75,63838;81,19627;96,23692;;47,86705;;Tajikistan_2017
Thailand;2000;91,6601;93,62749;97,92845;;;;Thailand_2000
Thailand;2001;92,14872;94,07426;98,06474;;;;Thailand_2001
Thailand;2002;92,63734;94,5142;98,20104;;;;Thailand_2002
Thailand;2003;93,12596;94,94686;98,33733;;;;Thailand_2003
Thailand;2004;93,61458;95,37205;98,47363;;;;Thailand_2004
Thailand;2005;94,11828;95,79865;98,60992;;;;Thailand_2005
Thailand;2006;94,62213;96,21704;98,74622;;;;Thailand_2006
Thailand;2007;95,12614;96,61889;98,86267;;;;Thailand_2007
Thailand;2008;95,63031;97,00861;98,97228;;;;Thailand_2008
Thailand;2009;96,13463;97,38845;99,08182;;;;Thailand_2009
Thailand;2010;96,63911;97,75838;99,19128;;;;Thailand_2010
Thailand;2011;97,14375;98,10784;99,30066;;;;Thailand_2011
Thailand;2012;97,64854;98,44902;99,40997;;;;Thailand_2012
Thailand;2013;98,15349;98,78436;99,51921;;;;Thailand_2013
Thailand;2014;98,65859;99,11123;99,62282;;;;Thailand_2014
Thailand;2015;99,01855;99,29021;99,58817;;;;Thailand_2015
Thailand;2016;99,03191;99,3738;99,7376;;;;Thailand_2016
Thailand;2017;100,0;99,93071;99,85917;;;;Thailand_2017
Timor-Leste;2002;43,31006;50,61625;72,55939;;;;Timor-Leste_2002
Timor-Leste;2003;44,59648;52,13512;74,3429;;;;Timor-Leste_2003
Timor-Leste;2004;45,8829;53,6585;76,1264;;;;Timor-Leste_2004
Timor-Leste;2005;47,16933;55,17448;77,9099;;;;Timor-Leste_2005
Timor-Leste;2006;48,45575;56,69437;79,69341;;;;Timor-Leste_2006
Timor-Leste;2007;49,74217;58,2182;81,47691;;;;Timor-Leste_2007
Timor-Leste;2008;51,02859;59,74665;83,26041;;;;Timor-Leste_2008
Timor-Leste;2009;52,9731;61,78516;85,14681;;;;Timor-Leste_2009
Timor-Leste;2010;54,94997;63,8485;87,03754;;;;Timor-Leste_2010
Timor-Leste;2011;56,95921;65,93702;88,93258;;;;Timor-Leste_2011
Timor-Leste;2012;59,00082;68,04977;90,83194;;;;Timor-Leste_2012
Timor-Leste;2013;61,07478;70,18645;92,73562;;;;Timor-Leste_2013
Timor-Leste;2014;63,18112;72,34708;94,64361;;;;Timor-Leste_2014
Timor-Leste;2015;65,31982;74,53134;96,55592;;;;Timor-Leste_2015
Timor-Leste;2016;67,49088;76,65939;98,20617;;;;Timor-Leste_2016
Timor-Leste;2017;69,69431;78,34386;98,32387;;;;Timor-Leste_2017
Togo;2000;29,60045;45,88497;79,08694;;;;Togo_2000
Togo;2001;30,71327;47,04417;79,67269;;;;Togo_2001
Togo;2002;31,82515;48,19999;80,25852;;;;Togo_2002
Togo;2003;32,93608;49,35188;80,84444;;;;Togo_2003
Togo;2004;34,04606;50,49981;81,43044;;;;Togo_2004
Togo;2005;35,15509;51,64329;82,01652;;;;Togo_2005
Togo;2006;36,26318;52,78275;82,60269;;;;Togo_2006
Togo;2007;37,37032;53,91818;83,18895;;;;Togo_2007
Togo;2008;38,47652;55,04998;83,77529;;;;Togo_2008
Togo;2009;39,58177;56,17632;84,36172;;;;Togo_2009
Togo;2010;40,68607;57,29899;84,94823;;;;Togo_2010
Togo;2011;41,78942;58,42668;85,53484;;;;Togo_2011
Togo;2012;42,89183;59,55515;86,12152;;;;Togo_2012
Togo;2013;43,99329;60,6782;86,70829;;;;Togo_2013
Togo;2014;45,09381;61,79667;87,29515;;;;Togo_2014
Togo;2015;46,19337;62,91055;87,88209;;;;Togo_2015
Togo;2016;47,292;64,02144;88,46912;;;;Togo_2016
Togo;2017;48,38967;65,12884;89,05623;;;;Togo_2017
Tonga;2000;98,82884;98,492;97,3651;;;;Tonga_2000
Tonga;2001;98,82884;98,49158;97,3651;;;;Tonga_2001
Tonga;2002;98,82884;98,49117;97,3651;;;;Tonga_2002
Tonga;2003;98,82884;98,49075;97,3651;;;;Tonga_2003
Tonga;2004;98,82884;98,49032;97,3651;;;;Tonga_2004
Tonga;2005;98,94068;98,63161;97,60587;;;;Tonga_2005
Tonga;2006;99,05252;98,77295;97,84664;;;;Tonga_2006
Tonga;2007;99,16436;98,91422;98,08741;;;;Tonga_2007
Tonga;2008;99,2762;99,0555;98,32818;;;;Tonga_2008
Tonga;2009;99,38804;99,1969;98,56895;;;;Tonga_2009
Tonga;2010;99,49989;99,33846;98,80972;;;;Tonga_2010
Tonga;2011;99,61172;99,48015;99,05049;;;;Tonga_2011
Tonga;2012;99,72356;99,62225;99,29126;;;;Tonga_2012
Tonga;2013;99,8354;99,76447;99,53203;;;;Tonga_2013
Tonga;2014;99,94724;99,90655;99,7728;;;;Tonga_2014
Tonga;2015;99,94724;99,90665;99,7728;;;;Tonga_2015
Tonga;2016;99,94724;99,90674;99,7728;;;;Tonga_2016
Tonga;2017;99,94724;99,90683;99,7728;;;;Tonga_2017
Trinidad and Tobago;2000;;91,82783;;;;;Trinidad and Tobago_2000
Trinidad and Tobago;2001;;92,27776;;;;;Trinidad and Tobago_2001
Trinidad and Tobago;2002;;92,72746;;;;;Trinidad and Tobago_2002
Trinidad and Tobago;2003;;93,17691;;;;;Trinidad and Tobago_2003
Trinidad and Tobago;2004;;93,62612;;;;;Trinidad and Tobago_2004
Trinidad and Tobago;2005;;94,07509;;;;;Trinidad and Tobago_2005
Trinidad and Tobago;2006;;94,52381;;;;;Trinidad and Tobago_2006
Trinidad and Tobago;2007;;94,97229;;;;;Trinidad and Tobago_2007
Trinidad and Tobago;2008;;95,42052;;;;;Trinidad and Tobago_2008
Trinidad and Tobago;2009;;95,86852;;;;;Trinidad and Tobago_2009
Trinidad and Tobago;2010;;96,31626;;;;;Trinidad and Tobago_2010
Trinidad and Tobago;2011;;96,76377;;;;;Trinidad and Tobago_2011
Trinidad and Tobago;2012;;97,21104;;;;;Trinidad and Tobago_2012
Trinidad and Tobago;2013;;98,18496;;;;;Trinidad and Tobago_2013
Trinidad and Tobago;2014;;98,18496;;;;;Trinidad and Tobago_2014
Trinidad and Tobago;2015;;98,18496;;;;;Trinidad and Tobago_2015
Trinidad and Tobago;2016;;98,18496;;;;;Trinidad and Tobago_2016
Trinidad and Tobago;2017;;98,18496;;;;;Trinidad and Tobago_2017
Tunisia;2000;70,64274;87,89997;97,84862;;40,92445;;Tunisia_2000
Tunisia;2001;71,31419;88,33685;97,98795;;45,30992;;Tunisia_2001
Tunisia;2002;71,98565;88,76899;98,1271;;49,73199;;Tunisia_2002
Tunisia;2003;72,6571;89,19678;98,26626;;54,19005;;Tunisia_2003
Tunisia;2004;73,32855;89,61597;98,40542;;58,6819;;Tunisia_2004
Tunisia;2005;74,00001;90,01215;98,54458;;63,2012;;Tunisia_2005
Tunisia;2006;74,67146;90,40527;98,68374;;67,75428;;Tunisia_2006
Tunisia;2007;75,34291;90,79485;98,82289;;72,34045;;Tunisia_2007
Tunisia;2008;76,01437;91,18118;98,96205;;76,95932;;Tunisia_2008
Tunisia;2009;77,05086;91,687;99,1012;;81,61039;;Tunisia_2009
Tunisia;2010;78,90688;92,46056;99,24036;;86,29308;;Tunisia_2010
Tunisia;2011;80,78339;93,23127;99,37952;;90,85251;;Tunisia_2011
Tunisia;2012;82,68042;93,99876;99,51867;;91,21785;;Tunisia_2012
Tunisia;2013;84,59795;94,76262;99,65783;;91,57965;;Tunisia_2013
Tunisia;2014;86,536;95,45728;99,69966;;91,87399;;Tunisia_2014
Tunisia;2015;87,26192;95,72655;99,69966;;92,13805;;Tunisia_2015
Tunisia;2016;87,98785;95,9924;99,69966;;92,39928;;Tunisia_2016
Tunisia;2017;88,71376;96,25471;99,69966;;92,65752;;Tunisia_2017
Turkey;2000;89,30463;95,49076;98,85983;;;;Turkey_2000
Turkey;2001;89,30463;95,53819;98,84481;;;;Turkey_2001
Turkey;2002;90,04758;95,84155;98,82978;;;;Turkey_2002
Turkey;2003;90,79053;96,13482;98,81475;;;;Turkey_2003
Turkey;2004;91,53348;96,41821;98,79973;;;;Turkey_2004
Turkey;2005;92,27643;96,69164;98,7847;;;;Turkey_2005
Turkey;2006;93,01939;96,95546;98,76967;;;;Turkey_2006
Turkey;2007;93,76234;97,20967;98,75465;;;;Turkey_2007
Turkey;2008;94,50529;97,45454;98,73962;;;;Turkey_2008
Turkey;2009;95,24824;97,69006;98,72459;;;;Turkey_2009
Turkey;2010;95,99119;97,91648;98,70956;;;;Turkey_2010
Turkey;2011;96,73414;98,1339;98,69453;;;;Turkey_2011
Turkey;2012;97,47709;98,34251;98,6795;;;;Turkey_2012
Turkey;2013;98,22005;98,5424;98,66448;;;;Turkey_2013
Turkey;2014;98,963;98,73387;98,64945;;;;Turkey_2014
Turkey;2015;99,63028;98,89722;98,63443;;;;Turkey_2015
Turkey;2016;99,63028;98,88087;98,6194;;;;Turkey_2016
Turkey;2017;99,63028;98,87572;98,6194;;;;Turkey_2017
Turkmenistan;2000;79,15154;86,98167;96,20581;50,24136;65,94715;84,44909;Turkmenistan_2000
Turkmenistan;2001;80,4494;87,74287;96,25768;52,37652;67,19485;84,49462;Turkmenistan_2001
Turkmenistan;2002;81,74727;88,49863;96,30956;54,554;68,45618;84,54015;Turkmenistan_2002
Turkmenistan;2003;83,04513;89,24879;96,36143;56,77379;69,73052;84,58569;Turkmenistan_2003
Turkmenistan;2004;84,34299;89,99335;96,4133;59,0359;71,01758;84,63122;Turkmenistan_2004
Turkmenistan;2005;85,51352;90,77705;96,70015;61,34031;72,89149;85,89014;Turkmenistan_2005
Turkmenistan;2006;86,68019;91,55625;96,98725;63,68703;74,78707;87,15037;Turkmenistan_2006
Turkmenistan;2007;87,843;92,33065;97,2746;66,07607;76,70368;88,4119;Turkmenistan_2007
Turkmenistan;2008;89,00195;93,09957;97,56221;68,50742;78,63979;89,67474;Turkmenistan_2008
Turkmenistan;2009;90,15704;93,86292;97,85007;70,98107;80,59515;90,93888;Turkmenistan_2009
Turkmenistan;2010;91,30827;94,61871;98,13518;73,49704;82,56702;92,20152;Turkmenistan_2010
Turkmenistan;2011;92,45564;95,3599;98,40395;76,05532;84,5481;93,44963;Turkmenistan_2011
Turkmenistan;2012;93,59914;96,09415;98,67287;78,65591;86,54488;94,69856;Turkmenistan_2012
Turkmenistan;2013;94,7388;96,82558;98,95103;81,29882;88,56068;95,95711;Turkmenistan_2013
Turkmenistan;2014;95,87459;97,52812;99,18689;83,98403;90,23609;96,50794;Turkmenistan_2014
Turkmenistan;2015;97,00652;98,2223;99,42275;86,71156;91,7131;96,65162;Turkmenistan_2015
Turkmenistan;2016;97,72062;98,70372;99,65861;89,10392;93,0056;96,7953;Turkmenistan_2016
Turkmenistan;2017;97,57269;98,81433;100,0;90,72574;93,90399;96,93897;Turkmenistan_2017
Tuvalu;2001;97,52;97,89143;98,32;;;49,16;Tuvalu_2001
Tuvalu;2002;97,52;97,89473;98,32;;;49,16;Tuvalu_2002
Tuvalu;2003;97,52;97,90125;98,32;;;49,16;Tuvalu_2003
Tuvalu;2004;97,52;97,90942;98,32;;;49,16;Tuvalu_2004
Tuvalu;2005;97,52;97,91759;98,32;;;49,16;Tuvalu_2005
Tuvalu;2006;97,66;98,06577;98,46;;;49,23;Tuvalu_2006
Tuvalu;2007;97,8;98,21394;98,6;;;49,3;Tuvalu_2007
Tuvalu;2008;97,94;98,36212;98,74;;;49,37;Tuvalu_2008
Tuvalu;2009;98,08;98,51025;98,88;;;49,44;Tuvalu_2009
Tuvalu;2010;98,22;98,65837;99,02;;;49,51;Tuvalu_2010
Tuvalu;2011;98,36;98,80646;99,16;;;49,58;Tuvalu_2011
Tuvalu;2012;98,5;98,95452;99,3;;;49,65;Tuvalu_2012
Tuvalu;2013;98,64;99,10251;99,44;;;49,72;Tuvalu_2013
Tuvalu;2014;98,78;99,25029;99,58;;;49,79;Tuvalu_2014
Tuvalu;2015;98,78;99,25784;99,58;;;49,79;Tuvalu_2015
Tuvalu;2016;98,78;99,26516;99,58;;;49,79;Tuvalu_2016
Tuvalu;2017;98,78;99,27224;99,58;;;49,79;Tuvalu_2017
Uganda;2000;19,18054;26,75162;70,38492;1,13331;4,7746;25,75991;Uganda_2000
Uganda;2001;20,25067;27,91321;70,65884;1,28316;4,91586;25,18094;Uganda_2001
Uganda;2002;21,34931;29,0973;70,93324;1,43872;5,05796;24,6004;Uganda_2002
Uganda;2003;22,47648;30,30326;71,2081;1,59999;5,20059;24,01829;Uganda_2003
Uganda;2004;23,63216;31,53097;71,48343;1,76696;5,34364;23,43463;Uganda_2004
Uganda;2005;24,81636;32,77787;71,75923;1,93963;5,48593;22,84939;Uganda_2005
Uganda;2006;26,02908;34,0457;72,03551;2,11802;5,62821;22,26259;Uganda_2006
Uganda;2007;27,27032;35,33237;72,31226;2,3021;5,76952;21,67423;Uganda_2007
Uganda;2008;28,54007;36,63811;72,58947;2,4919;5,90992;21,0843;Uganda_2008
Uganda;2009;29,83834;37,96132;72,86715;2,68739;6,0487;20,4928;Uganda_2009
Uganda;2010;31,16513;39,30215;73,1453;2,8886;6,18587;19,89974;Uganda_2010
Uganda;2011;32,52044;40,65942;73,42393;3,09551;6,3209;19,30511;Uganda_2011
Uganda;2012;33,90427;42,03276;73,70303;3,30812;6,45358;18,70892;Uganda_2012
Uganda;2013;35,31661;43,42023;73,98259;3,52644;6,58311;18,11117;Uganda_2013
Uganda;2014;36,75748;44,82259;74,26263;3,75047;6,70972;17,51185;Uganda_2014
Uganda;2015;38,22686;46,23822;74,54313;3,9802;6,83273;16,91096;Uganda_2015
Uganda;2016;39,72475;47,66563;74,8241;4,21564;6,95153;16,30851;Uganda_2016
Uganda;2017;41,25117;49,10403;75,10555;4,45678;7,0658;15,70449;Uganda_2017
Ukraine;2000;94,6108;98,00832;99,67076;;65,75006;;Ukraine_2000
Ukraine;2001;94,87574;98,08895;99,65851;;65,78163;;Ukraine_2001
Ukraine;2002;95,07804;98,15168;99,64626;;65,86811;;Ukraine_2002
Ukraine;2003;95,27999;98,18068;99,58196;;65,99349;;Ukraine_2003
Ukraine;2004;95,48159;97,74651;98,83221;;68,70232;;Ukraine_2004
Ukraine;2005;95,68285;97,30968;98,08266;;71,41066;;Ukraine_2005
Ukraine;2006;95,88374;96,86897;97,33327;;74,08951;;Ukraine_2006
Ukraine;2007;96,0843;96,42488;96,58408;;76,74915;;Ukraine_2007
Ukraine;2008;96,28451;95,97742;95,83505;;79,39001;;Ukraine_2008
Ukraine;2009;96,48436;95,52661;95,08622;;82,01154;;Ukraine_2009
Ukraine;2010;96,68387;95,0744;94,33756;;84,59711;;Ukraine_2010
Ukraine;2011;96,88303;94,62045;93,58909;;87,1797;;Ukraine_2011
Ukraine;2012;97,08184;94,16476;92,8408;;89,7595;;Ukraine_2012
Ukraine;2013;98,31184;94,0284;92,09269;;92,11779;;Ukraine_2013
Ukraine;2014;98,57748;93,58921;91,34476;;91,81175;;Ukraine_2014
Ukraine;2015;98,84311;93,65691;91,33351;;91,87727;;Ukraine_2015
Ukraine;2016;99,10875;93,72408;91,32226;;91,94227;;Ukraine_2016
Ukraine;2017;99,37438;93,79082;91,31101;;92,00686;;Ukraine_2017
United Arab Emirates;2000;;95,67811;;;;;United Arab Emirates_2000
United Arab Emirates;2001;;95,67811;;;;;United Arab Emirates_2001
United Arab Emirates;2002;;95,69539;;;;;United Arab Emirates_2002
United Arab Emirates;2003;;95,71267;;;;;United Arab Emirates_2003
United Arab Emirates;2004;;95,72996;;;;;United Arab Emirates_2004
United Arab Emirates;2005;;95,74725;;;;;United Arab Emirates_2005
United Arab Emirates;2006;;95,76454;;;;;United Arab Emirates_2006
United Arab Emirates;2007;;95,78185;;;;;United Arab Emirates_2007
United Arab Emirates;2008;;95,79915;;;;;United Arab Emirates_2008
United Arab Emirates;2009;;95,81646;;;;;United Arab Emirates_2009
United Arab Emirates;2010;;95,83378;;;;;United Arab Emirates_2010
United Arab Emirates;2011;;95,8511;;;;;United Arab Emirates_2011
United Arab Emirates;2012;;95,86842;;;;;United Arab Emirates_2012
United Arab Emirates;2013;;95,88575;;;;;United Arab Emirates_2013
United Arab Emirates;2014;;96,13178;;;;;United Arab Emirates_2014
United Arab Emirates;2015;;96,76946;;;;;United Arab Emirates_2015
United Arab Emirates;2016;;97,40737;;;;;United Arab Emirates_2016
United Arab Emirates;2017;;98,04551;;;;;United Arab Emirates_2017
United Kingdom of Great Britain and Northern Ireland;2000;100,0;100,0;100,0;;99,96678;;United Kingdom of Great Britain and Northern Ireland_2000
United Kingdom of Great Britain and Northern Ireland;2001;100,0;100,0;100,0;;99,96677;;United Kingdom of Great Britain and Northern Ireland_2001
United Kingdom of Great Britain and Northern Ireland;2002;100,0;100,0;100,0;;99,96678;;United Kingdom of Great Britain and Northern Ireland_2002
United Kingdom of Great Britain and Northern Ireland;2003;100,0;100,0;100,0;;99,96678;;United Kingdom of Great Britain and Northern Ireland_2003
United Kingdom of Great Britain and Northern Ireland;2004;100,0;100,0;100,0;;99,96861;;United Kingdom of Great Britain and Northern Ireland_2004
United Kingdom of Great Britain and Northern Ireland;2005;100,0;100,0;100,0;;99,97044;;United Kingdom of Great Britain and Northern Ireland_2005
United Kingdom of Great Britain and Northern Ireland;2006;100,0;100,0;100,0;;99,97228;;United Kingdom of Great Britain and Northern Ireland_2006
United Kingdom of Great Britain and Northern Ireland;2007;100,0;100,0;100,0;;99,97411;;United Kingdom of Great Britain and Northern Ireland_2007
United Kingdom of Great Britain and Northern Ireland;2008;100,0;100,0;100,0;;99,97594;;United Kingdom of Great Britain and Northern Ireland_2008
United Kingdom of Great Britain and Northern Ireland;2009;100,0;100,0;100,0;;99,97778;;United Kingdom of Great Britain and Northern Ireland_2009
United Kingdom of Great Britain and Northern Ireland;2010;100,0;100,0;100,0;;99,97961;;United Kingdom of Great Britain and Northern Ireland_2010
United Kingdom of Great Britain and Northern Ireland;2011;100,0;100,0;100,0;;99,98145;;United Kingdom of Great Britain and Northern Ireland_2011
United Kingdom of Great Britain and Northern Ireland;2012;100,0;100,0;100,0;;99,98328;;United Kingdom of Great Britain and Northern Ireland_2012
United Kingdom of Great Britain and Northern Ireland;2013;100,0;100,0;100,0;;99,98511;;United Kingdom of Great Britain and Northern Ireland_2013
United Kingdom of Great Britain and Northern Ireland;2014;100,0;100,0;100,0;;99,98694;;United Kingdom of Great Britain and Northern Ireland_2014
United Kingdom of Great Britain and Northern Ireland;2015;100,0;100,0;100,0;;99,98878;;United Kingdom of Great Britain and Northern Ireland_2015
United Kingdom of Great Britain and Northern Ireland;2016;100,0;100,0;100,0;;99,98878;;United Kingdom of Great Britain and Northern Ireland_2016
United Kingdom of Great Britain and Northern Ireland;2017;100,0;100,0;100,0;;99,98878;;United Kingdom of Great Britain and Northern Ireland_2017
United Republic of Tanzania;2000;16,44015;27,25082;64,89894;;;3,71065;United Republic of Tanzania_2000
United Republic of Tanzania;2001;17,7631;28,66931;65,86317;;;3,76578;United Republic of Tanzania_2001
United Republic of Tanzania;2002;19,08605;30,08757;66,82742;;;3,82091;United Republic of Tanzania_2002
United Republic of Tanzania;2003;20,409;31,59652;67,79166;;;3,87604;United Republic of Tanzania_2003
United Republic of Tanzania;2004;21,87435;33,29262;69,01248;;;7,06441;United Republic of Tanzania_2004
United Republic of Tanzania;2005;23,35703;35,00523;70,24052;;;10,34067;United Republic of Tanzania_2005
United Republic of Tanzania;2006;24,85705;36,73456;71,47574;;;13,7048;United Republic of Tanzania_2006
United Republic of Tanzania;2007;26,37441;38,47986;72,71816;;;17,15682;United Republic of Tanzania_2007
United Republic of Tanzania;2008;27,90911;40,24178;73,96778;;;20,69672;United Republic of Tanzania_2008
United Republic of Tanzania;2009;29,46114;42,01817;75,2246;;;24,3245;United Republic of Tanzania_2009
United Republic of Tanzania;2010;31,03051;43,8106;76,48862;;;28,04016;United Republic of Tanzania_2010
United Republic of Tanzania;2011;32,61721;45,61738;77,75983;;;31,84371;United Republic of Tanzania_2011
United Republic of Tanzania;2012;34,22126;47,43913;79,03823;;;32,88961;United Republic of Tanzania_2012
United Republic of Tanzania;2013;35,84264;49,27418;80,32384;;;33,30433;United Republic of Tanzania_2013
United Republic of Tanzania;2014;37,48135;51,12092;81,61664;;;33,71905;United Republic of Tanzania_2014
United Republic of Tanzania;2015;39,13741;52,97909;82,91663;;;34,13377;United Republic of Tanzania_2015
United Republic of Tanzania;2016;40,8108;54,84754;84,22383;;;34,54848;United Republic of Tanzania_2016
United Republic of Tanzania;2017;42,50153;56,72645;85,53822;;;34,9632;United Republic of Tanzania_2017
United States of America;2000;;;99,77131;;;99,66609;United States of America_2000
United States of America;2001;;;99,77131;;;99,66609;United States of America_2001
United States of America;2002;;;99,77131;;;99,66609;United States of America_2002
United States of America;2003;;;99,77131;;;99,66609;United States of America_2003
United States of America;2004;;;99,77131;;;99,66609;United States of America_2004
United States of America;2005;96,97277;99,20959;99,77131;;98,94233;99,66609;United States of America_2005
United States of America;2006;96,97277;99,21437;99,77131;;98,94711;99,66609;United States of America_2006
United States of America;2007;96,97277;99,21913;99,77131;;98,95185;99,66609;United States of America_2007
United States of America;2008;96,97277;99,22386;99,77131;;98,95657;99,66609;United States of America_2008
United States of America;2009;96,97277;99,22856;99,77131;;98,96126;99,66609;United States of America_2009
United States of America;2010;96,97277;99,23321;99,77131;;98,96589;99,66609;United States of America_2010
United States of America;2011;96,97277;99,23801;99,77131;;98,97069;99,66609;United States of America_2011
United States of America;2012;96,97277;99,24291;99,77131;;98,97557;99,66609;United States of America_2012
United States of America;2013;96,97277;99,24796;99,77131;;98,9806;99,66609;United States of America_2013
United States of America;2014;96,97277;99,25311;99,77131;;98,98573;99,66609;United States of America_2014
United States of America;2015;96,97277;99,25836;99,77131;;98,99097;99,66609;United States of America_2015
United States of America;2016;96,97277;99,26371;99,77131;;98,99631;99,66609;United States of America_2016
United States of America;2017;96,97277;99,2692;99,77131;;99,00178;99,66609;United States of America_2017
Uruguay;2000;74,60713;96,98759;98,92632;;;93,87447;Uruguay_2000
Uruguay;2001;74,60713;97,05447;98,92632;;;93,87447;Uruguay_2001
Uruguay;2002;74,26374;97,08953;98,92188;;;93,87447;Uruguay_2002
Uruguay;2003;73,92036;97,12464;98,91743;;;93,87447;Uruguay_2003
Uruguay;2004;73,57697;97,15923;98,91299;;;93,87447;Uruguay_2004
Uruguay;2005;75,16456;97,37784;98,96815;;;93,93106;Uruguay_2005
Uruguay;2006;76,91224;97,59782;99,02332;;;93,98765;Uruguay_2006
Uruguay;2007;78,65993;97,80824;99,07848;;;94,04423;Uruguay_2007
Uruguay;2008;80,40761;98,0097;99,13364;;;94,10081;Uruguay_2008
Uruguay;2009;82,1553;98,20238;99,1888;;;94,1574;Uruguay_2009
Uruguay;2010;83,90298;98,38699;99,24394;;;94,21398;Uruguay_2010
Uruguay;2011;85,65067;98,56371;99,29908;;;94,27057;Uruguay_2011
Uruguay;2012;87,39835;98,72521;99,35422;;;94,32715;Uruguay_2012
Uruguay;2013;89,14603;98,88007;99,40935;;;94,38374;Uruguay_2013
Uruguay;2014;90,89371;99,03122;99,46447;;;94,44032;Uruguay_2014
Uruguay;2015;92,6414;99,17878;99,51959;;;94,4969;Uruguay_2015
Uruguay;2016;94,38908;99,32289;99,57471;;;94,55349;Uruguay_2016
Uruguay;2017;95,30083;99,40237;99,60735;;;94,58875;Uruguay_2017
Uzbekistan;2000;75,86189;84,7989;95,23711;32,46013;56,34099;84,23322;Uzbekistan_2000
Uzbekistan;2001;77,86362;86,16999;95,68616;32,159;56,48318;84,35009;Uzbekistan_2001
Uzbekistan;2002;79,88406;87,53682;96,13609;31,85178;56,62722;84,46696;Uzbekistan_2002
Uzbekistan;2003;81,92321;88,89888;96,58691;31,53848;56,77268;84,58382;Uzbekistan_2003
Uzbekistan;2004;83,98106;90,25573;97,0386;31,2191;56,91915;84,70069;Uzbekistan_2004
Uzbekistan;2005;86,05762;91,60712;97,49117;30,89364;57,06669;84,81756;Uzbekistan_2005
Uzbekistan;2006;88,15289;92,95289;97,94462;30,5621;57,21596;84,93443;Uzbekistan_2006
Uzbekistan;2007;90,26686;94,25614;98,3252;30,22448;57,3665;85,05129;Uzbekistan_2007
Uzbekistan;2008;92,34676;95,40286;98,4603;29,88077;57,51839;85,16816;Uzbekistan_2008
Uzbekistan;2009;92,88561;95,76746;98,59541;30,05513;57,93077;85,28503;Uzbekistan_2009
Uzbekistan;2010;93,42445;96,12821;98,73051;30,22948;58,34314;85,40189;Uzbekistan_2010
Uzbekistan;2011;93,96329;96,47084;98,86562;30,40384;58,59512;85,51876;Uzbekistan_2011
Uzbekistan;2012;94,50214;96,79867;99,00072;30,57819;58,68502;85,63563;Uzbekistan_2012
Uzbekistan;2013;95,04099;97,12731;99,13583;30,75255;58,77502;85,75249;Uzbekistan_2013
Uzbekistan;2014;95,42513;97,37537;99,26041;30,87685;58,83591;85,86026;Uzbekistan_2014
Uzbekistan;2015;95,6424;97,52858;99,35902;30,94715;58,85883;85,94555;Uzbekistan_2015
Uzbekistan;2016;95,8582;97,68127;99,45755;31,01698;58,88147;86,03078;Uzbekistan_2016
Uzbekistan;2017;96,07259;97,83345;99,55601;31,08634;58,9038;86,11594;Uzbekistan_2017
Vanuatu;2000;77,99229;81,8586;95,8316;;39,59291;;Vanuatu_2000
Vanuatu;2001;77,99229;81,90855;95,8316;;39,61595;;Vanuatu_2001
Vanuatu;2002;77,99229;81,95886;95,8316;;39,63916;;Vanuatu_2002
Vanuatu;2003;77,99229;82,00988;95,8316;;39,66269;;Vanuatu_2003
Vanuatu;2004;77,99229;82,06126;95,8316;;39,68639;;Vanuatu_2004
Vanuatu;2005;78,80918;82,8085;96,12304;;40,04713;;Vanuatu_2005
Vanuatu;2006;79,62607;83,55321;96,41447;;40,40662;;Vanuatu_2006
Vanuatu;2007;80,44296;84,29516;96,7059;;40,76475;;Vanuatu_2007
Vanuatu;2008;81,25984;85,03448;96,99733;;41,12159;;Vanuatu_2008
Vanuatu;2009;82,07673;85,77112;97,28876;;41,47712;;Vanuatu_2009
Vanuatu;2010;82,89362;86,48625;97,58019;;41,82274;;Vanuatu_2010
Vanuatu;2011;83,7105;87,18861;97,87163;;42,1625;;Vanuatu_2011
Vanuatu;2012;84,52739;87,89008;98,16306;;42,50182;;Vanuatu_2012
Vanuatu;2013;85,34428;88,59049;98,45449;;42,84062;;Vanuatu_2013
Vanuatu;2014;86,16116;89,28986;98,74593;;43,17892;;Vanuatu_2014
Vanuatu;2015;86,97805;89,98817;99,03735;;43,5167;;Vanuatu_2015
Vanuatu;2016;87,79494;90,66152;99,23293;;43,84248;;Vanuatu_2016
Vanuatu;2017;88,48513;91,25681;99,5;;44,13033;;Vanuatu_2017
Venezuela (Bolivarian Republic of);2000;;96,65285;;;;;Venezuela (Bolivarian Republic of)_2000
Venezuela (Bolivarian Republic of);2001;;96,5982;;;;;Venezuela (Bolivarian Republic of)_2001
Venezuela (Bolivarian Republic of);2002;;96,54354;;;;;Venezuela (Bolivarian Republic of)_2002
Venezuela (Bolivarian Republic of);2003;;96,48889;;;;;Venezuela (Bolivarian Republic of)_2003
Venezuela (Bolivarian Republic of);2004;;96,43423;;;;;Venezuela (Bolivarian Republic of)_2004
Venezuela (Bolivarian Republic of);2005;;96,37958;;;;;Venezuela (Bolivarian Republic of)_2005
Venezuela (Bolivarian Republic of);2006;;96,32492;;;;;Venezuela (Bolivarian Republic of)_2006
Venezuela (Bolivarian Republic of);2007;;96,27026;;;;;Venezuela (Bolivarian Republic of)_2007
Venezuela (Bolivarian Republic of);2008;;96,21561;;;;;Venezuela (Bolivarian Republic of)_2008
Venezuela (Bolivarian Republic of);2009;;96,16096;;;;;Venezuela (Bolivarian Republic of)_2009
Venezuela (Bolivarian Republic of);2010;;96,1063;;;;;Venezuela (Bolivarian Republic of)_2010
Venezuela (Bolivarian Republic of);2011;;96,05164;;;;;Venezuela (Bolivarian Republic of)_2011
Venezuela (Bolivarian Republic of);2012;;95,99699;;;;;Venezuela (Bolivarian Republic of)_2012
Venezuela (Bolivarian Republic of);2013;;95,94234;;;;;Venezuela (Bolivarian Republic of)_2013
Venezuela (Bolivarian Republic of);2014;;95,88768;;;;;Venezuela (Bolivarian Republic of)_2014
Venezuela (Bolivarian Republic of);2015;;95,83302;;;;;Venezuela (Bolivarian Republic of)_2015
Venezuela (Bolivarian Republic of);2016;;95,77837;;;;;Venezuela (Bolivarian Republic of)_2016
Venezuela (Bolivarian Republic of);2017;;95,72371;;;;;Venezuela (Bolivarian Republic of)_2017
Viet Nam;2000;75,5389;80,14247;94,42611;;;;Viet Nam_2000
Viet Nam;2001;76,51436;81,02645;94,60831;;;;Viet Nam_2001
Viet Nam;2002;77,49071;81,90405;94,79049;;;;Viet Nam_2002
Viet Nam;2003;78,46794;82,77435;94,97266;;;;Viet Nam_2003
Viet Nam;2004;79,44606;83,63763;95,15482;;;;Viet Nam_2004
Viet Nam;2005;80,42507;84,49319;95,33698;;;;Viet Nam_2005
Viet Nam;2006;81,40497;85,34113;95,51913;;;;Viet Nam_2006
Viet Nam;2007;82,38575;86,18121;95,70126;;;;Viet Nam_2007
Viet Nam;2008;83,36742;87,01307;95,88339;;;;Viet Nam_2008
Viet Nam;2009;84,34998;87,83675;96,06551;;;;Viet Nam_2009
Viet Nam;2010;85,33341;88,65319;96,24762;;;;Viet Nam_2010
Viet Nam;2011;86,31774;89,46055;96,42973;;;;Viet Nam_2011
Viet Nam;2012;87,30296;90,25871;96,61182;;;;Viet Nam_2012
Viet Nam;2013;88,28906;91,0471;96,7939;;;;Viet Nam_2013
Viet Nam;2014;89,78263;92,27634;97,3131;;;;Viet Nam_2014
Viet Nam;2015;90,73356;93,19887;98,02544;;;;Viet Nam_2015
Viet Nam;2016;91,68449;93,99012;98,36555;;;;Viet Nam_2016
Viet Nam;2017;92,63541;94,7188;98,55196;;;;Viet Nam_2017
Yemen;2000;25,64115;37,84694;72,1093;;;;Yemen_2000
Yemen;2001;25,64115;38,08858;72,1093;;;;Yemen_2001
Yemen;2002;25,64115;38,33393;72,1093;;;;Yemen_2002
Yemen;2003;27,87679;40,34536;72,64883;;;;Yemen_2003
Yemen;2004;30,11242;42,34168;73,18836;;;;Yemen_2004
Yemen;2005;32,34806;44,32173;73,7279;;;;Yemen_2005
Yemen;2006;34,58369;46,28643;74,26743;;;;Yemen_2006
Yemen;2007;36,81933;48,23499;74,80696;;;;Yemen_2007
Yemen;2008;39,05497;50,16707;75,3465;;;;Yemen_2008
Yemen;2009;41,2906;52,0823;75,88602;;;;Yemen_2009
Yemen;2010;43,52624;53,98032;76,42556;;;;Yemen_2010
Yemen;2011;45,76187;55,86049;76,9651;;;;Yemen_2011
Yemen;2012;47,99751;57,72246;77,50462;;;;Yemen_2012
Yemen;2013;50,23314;59,56624;78,04416;;;;Yemen_2013
Yemen;2014;52,46878;61,39094;78,58369;;;;Yemen_2014
Yemen;2015;54,70441;63,17181;79,0521;;;;Yemen_2015
Yemen;2016;54,70441;63,32203;79,0521;;;;Yemen_2016
Yemen;2017;54,70441;63,47347;79,0521;;;;Yemen_2017
Zambia;2000;30,90278;49,48884;84,30793;;;48,50162;Zambia_2000
Zambia;2001;31,59908;50,03706;84,276;;;48,3612;Zambia_2001
Zambia;2002;32,28814;50,71934;84,24358;;;48,22012;Zambia_2002
Zambia;2003;32,96998;51,39153;84,21067;;;48,07838;Zambia_2003
Zambia;2004;33,64459;52,05365;84,17728;;;47,936;Zambia_2004
Zambia;2005;34,31197;52,70524;84,14339;;;47,79295;Zambia_2005
Zambia;2006;34,97212;53,34686;84,109;;;47,64926;Zambia_2006
Zambia;2007;35,62504;53,97804;84,07413;;;47,50491;Zambia_2007
Zambia;2008;36,27073;54,5998;84,03876;;;47,3599;Zambia_2008
Zambia;2009;36,9092;55,21029;84,00291;;;47,21424;Zambia_2009
Zambia;2010;37,54043;55,81144;83,96658;;;47,06792;Zambia_2010
Zambia;2011;38,16444;56,40237;83,92974;;;46,92095;Zambia_2011
Zambia;2012;38,78121;56,98539;83,89241;;;46,77332;Zambia_2012
Zambia;2013;39,39076;57,56091;83,8546;;;46,62504;Zambia_2013
Zambia;2014;39,99308;58,128;83,81629;;;46,4761;Zambia_2014
Zambia;2015;40,58817;58,68752;83,7775;;;46,32652;Zambia_2015
Zambia;2016;41,17603;59,23856;83,7382;;;46,17627;Zambia_2016
Zambia;2017;41,95206;59,96376;83,86312;;;46,24515;Zambia_2017
Zimbabwe;2000;59,87815;71,72648;94,97598;;;;Zimbabwe_2000
Zimbabwe;2001;59,87815;71,87109;94,97598;;;;Zimbabwe_2001
Zimbabwe;2002;59,23113;71,57246;94,91518;;;;Zimbabwe_2002
Zimbabwe;2003;58,58644;71,09124;94,85433;;;;Zimbabwe_2003
Zimbabwe;2004;57,94406;70,58119;94,79344;;;;Zimbabwe_2004
Zimbabwe;2005;57,30401;70,07088;94,73251;;;;Zimbabwe_2005
Zimbabwe;2006;56,66629;69,55994;94,67152;;;;Zimbabwe_2006
Zimbabwe;2007;56,03089;69,04881;94,6105;;;;Zimbabwe_2007
Zimbabwe;2008;55,39782;68,53709;94,54942;;;;Zimbabwe_2008
Zimbabwe;2009;54,76707;68,02522;94,4883;;;;Zimbabwe_2009
Zimbabwe;2010;54,13864;67,51281;94,42713;;;;Zimbabwe_2010
Zimbabwe;2011;53,51254;67,00028;94,36591;;;;Zimbabwe_2011
Zimbabwe;2012;52,88877;66,48726;94,30466;;;;Zimbabwe_2012
Zimbabwe;2013;52,26732;65,97417;94,24335;;;;Zimbabwe_2013
Zimbabwe;2014;51,64819;65,47338;94,182;;;;Zimbabwe_2014
Zimbabwe;2015;51,03139;64,98583;94,12061;;;;Zimbabwe_2015
Zimbabwe;2016;50,41692;64,51162;94,05916;;;;Zimbabwe_2016
Zimbabwe;2017;49,80476;64,05123;93,99767;;;;Zimbabwe_2017
