country;year;political_stability;country_year
Afghanistan;2000;-2,44;Afghanistan_2000
Afghanistan;2002;-2,04;Afghanistan_2002
Afghanistan;2003;-2,2;Afghanistan_2003
Afghanistan;2004;-2,3;Afghanistan_2004
Afghanistan;2005;-2,07;Afghanistan_2005
Afghanistan;2006;-2,22;Afghanistan_2006
Afghanistan;2007;-2,41;Afghanistan_2007
Afghanistan;2008;-2,69;Afghanistan_2008
Afghanistan;2009;-2,71;Afghanistan_2009
Afghanistan;2010;-2,58;Afghanistan_2010
Afghanistan;2011;-2,5;Afghanistan_2011
Afghanistan;2012;-2,42;Afghanistan_2012
Afghanistan;2013;-2,52;Afghanistan_2013
Afghanistan;2014;-2,41;Afghanistan_2014
Afghanistan;2015;-2,57;Afghanistan_2015
Afghanistan;2016;-2,67;Afghanistan_2016
Afghanistan;2017;-2,8;Afghanistan_2017
Afghanistan;2018;-2,75;Afghanistan_2018
Albania;2000;-0,54;Albania_2000
Albania;2002;-0,29;Albania_2002
Albania;2003;-0,31;Albania_2003
Albania;2004;-0,43;Albania_2004
Albania;2005;-0,51;Albania_2005
Albania;2006;-0,51;Albania_2006
Albania;2007;-0,2;Albania_2007
Albania;2008;-0,03;Albania_2008
Albania;2009;-0,05;Albania_2009
Albania;2010;-0,19;Albania_2010
Albania;2011;-0,28;Albania_2011
Albania;2012;-0,14;Albania_2012
Albania;2013;0,09;Albania_2013
Albania;2014;0,49;Albania_2014
Albania;2015;0,35;Albania_2015
Albania;2016;0,34;Albania_2016
Albania;2017;0,38;Albania_2017
Albania;2018;0,38;Albania_2018
Algeria;2000;-1,43;Algeria_2000
Algeria;2002;-1,63;Algeria_2002
Algeria;2003;-1,75;Algeria_2003
Algeria;2004;-1,36;Algeria_2004
Algeria;2005;-0,92;Algeria_2005
Algeria;2006;-1,13;Algeria_2006
Algeria;2007;-1,15;Algeria_2007
Algeria;2008;-1,09;Algeria_2008
Algeria;2009;-1,2;Algeria_2009
Algeria;2010;-1,26;Algeria_2010
Algeria;2011;-1,36;Algeria_2011
Algeria;2012;-1,33;Algeria_2012
Algeria;2013;-1,2;Algeria_2013
Algeria;2014;-1,19;Algeria_2014
Algeria;2015;-1,09;Algeria_2015
Algeria;2016;-1,1;Algeria_2016
Algeria;2017;-0,92;Algeria_2017
Algeria;2018;-0,79;Algeria_2018
American Samoa;2004;0,74;American Samoa_2004
American Samoa;2005;0,75;American Samoa_2005
American Samoa;2006;0,7;American Samoa_2006
American Samoa;2007;0,97;American Samoa_2007
American Samoa;2008;0,98;American Samoa_2008
American Samoa;2009;0,95;American Samoa_2009
American Samoa;2010;0,92;American Samoa_2010
American Samoa;2011;0,93;American Samoa_2011
American Samoa;2012;0,95;American Samoa_2012
American Samoa;2013;0,93;American Samoa_2013
American Samoa;2014;1,08;American Samoa_2014
American Samoa;2015;1,18;American Samoa_2015
American Samoa;2016;1,19;American Samoa_2016
American Samoa;2017;1,22;American Samoa_2017
American Samoa;2018;1,21;American Samoa_2018
Andorra;2000;1,17;Andorra_2000
Andorra;2002;1,28;Andorra_2002
Andorra;2003;1,46;Andorra_2003
Andorra;2004;1,4;Andorra_2004
Andorra;2005;1,38;Andorra_2005
Andorra;2006;1,35;Andorra_2006
Andorra;2007;1,34;Andorra_2007
Andorra;2008;1,34;Andorra_2008
Andorra;2009;1,3;Andorra_2009
Andorra;2010;1,28;Andorra_2010
Andorra;2011;1,3;Andorra_2011
Andorra;2012;1,29;Andorra_2012
Andorra;2013;1,28;Andorra_2013
Andorra;2014;1,29;Andorra_2014
Andorra;2015;1,39;Andorra_2015
Andorra;2016;1,41;Andorra_2016
Andorra;2017;1,42;Andorra_2017
Andorra;2018;1,43;Andorra_2018
Angola;2000;-2,04;Angola_2000
Angola;2002;-1,58;Angola_2002
Angola;2003;-1,01;Angola_2003
Angola;2004;-1,06;Angola_2004
Angola;2005;-0,89;Angola_2005
Angola;2006;-0,54;Angola_2006
Angola;2007;-0,67;Angola_2007
Angola;2008;-0,36;Angola_2008
Angola;2009;-0,35;Angola_2009
Angola;2010;-0,23;Angola_2010
Angola;2011;-0,37;Angola_2011
Angola;2012;-0,39;Angola_2012
Angola;2013;-0,39;Angola_2013
Angola;2014;-0,33;Angola_2014
Angola;2015;-0,5;Angola_2015
Angola;2016;-0,32;Angola_2016
Angola;2017;-0,33;Angola_2017
Angola;2018;-0,32;Angola_2018
Antigua and Barbuda;2000;0,71;Antigua and Barbuda_2000
Antigua and Barbuda;2002;0,79;Antigua and Barbuda_2002
Antigua and Barbuda;2003;0,87;Antigua and Barbuda_2003
Antigua and Barbuda;2004;1,09;Antigua and Barbuda_2004
Antigua and Barbuda;2005;0,83;Antigua and Barbuda_2005
Antigua and Barbuda;2006;0,8;Antigua and Barbuda_2006
Antigua and Barbuda;2007;0,8;Antigua and Barbuda_2007
Antigua and Barbuda;2008;0,81;Antigua and Barbuda_2008
Antigua and Barbuda;2009;0,72;Antigua and Barbuda_2009
Antigua and Barbuda;2010;0,9;Antigua and Barbuda_2010
Antigua and Barbuda;2011;0,96;Antigua and Barbuda_2011
Antigua and Barbuda;2012;0,98;Antigua and Barbuda_2012
Antigua and Barbuda;2013;0,96;Antigua and Barbuda_2013
Antigua and Barbuda;2014;0,98;Antigua and Barbuda_2014
Antigua and Barbuda;2015;1,0;Antigua and Barbuda_2015
Antigua and Barbuda;2016;0,88;Antigua and Barbuda_2016
Antigua and Barbuda;2017;0,75;Antigua and Barbuda_2017
Antigua and Barbuda;2018;0,73;Antigua and Barbuda_2018
Argentina;2000;0,1;Argentina_2000
Argentina;2002;-0,78;Argentina_2002
Argentina;2003;-0,36;Argentina_2003
Argentina;2004;-0,61;Argentina_2004
Argentina;2005;-0,04;Argentina_2005
Argentina;2006;0,0;Argentina_2006
Argentina;2007;0,1;Argentina_2007
Argentina;2008;-0,09;Argentina_2008
Argentina;2009;-0,23;Argentina_2009
Argentina;2010;-0,08;Argentina_2010
Argentina;2011;0,16;Argentina_2011
Argentina;2012;0,1;Argentina_2012
Argentina;2013;0,07;Argentina_2013
Argentina;2014;-0,01;Argentina_2014
Argentina;2015;0,01;Argentina_2015
Argentina;2016;0,2;Argentina_2016
Argentina;2017;0,17;Argentina_2017
Argentina;2018;0,02;Argentina_2018
Armenia;2000;-0,68;Armenia_2000
Armenia;2002;-0,26;Armenia_2002
Armenia;2003;0,24;Armenia_2003
Armenia;2004;-0,12;Armenia_2004
Armenia;2005;-0,07;Armenia_2005
Armenia;2006;-0,26;Armenia_2006
Armenia;2007;0,15;Armenia_2007
Armenia;2008;-0,01;Armenia_2008
Armenia;2009;0,23;Armenia_2009
Armenia;2010;0,07;Armenia_2010
Armenia;2011;-0,06;Armenia_2011
Armenia;2012;0,15;Armenia_2012
Armenia;2013;0,11;Armenia_2013
Armenia;2014;-0,3;Armenia_2014
Armenia;2015;-0,25;Armenia_2015
Armenia;2016;-0,66;Armenia_2016
Armenia;2017;-0,62;Armenia_2017
Armenia;2018;-0,42;Armenia_2018
Australia;2000;1,33;Australia_2000
Australia;2002;1,19;Australia_2002
Australia;2003;0,88;Australia_2003
Australia;2004;0,94;Australia_2004
Australia;2005;0,89;Australia_2005
Australia;2006;0,94;Australia_2006
Australia;2007;0,93;Australia_2007
Australia;2008;0,96;Australia_2008
Australia;2009;0,86;Australia_2009
Australia;2010;0,89;Australia_2010
Australia;2011;0,94;Australia_2011
Australia;2012;1,0;Australia_2012
Australia;2013;1,03;Australia_2013
Australia;2014;1,03;Australia_2014
Australia;2015;0,88;Australia_2015
Australia;2016;1,05;Australia_2016
Australia;2017;0,89;Australia_2017
Australia;2018;0,98;Australia_2018
Austria;2000;0,82;Austria_2000
Austria;2002;1,36;Austria_2002
Austria;2003;0,96;Austria_2003
Austria;2004;1,09;Austria_2004
Austria;2005;1,11;Austria_2005
Austria;2006;1,08;Austria_2006
Austria;2007;1,28;Austria_2007
Austria;2008;1,34;Austria_2008
Austria;2009;1,19;Austria_2009
Austria;2010;1,15;Austria_2010
Austria;2011;1,19;Austria_2011
Austria;2012;1,34;Austria_2012
Austria;2013;1,36;Austria_2013
Austria;2014;1,27;Austria_2014
Austria;2015;1,14;Austria_2015
Austria;2016;0,91;Austria_2016
Austria;2017;1,05;Austria_2017
Austria;2018;0,92;Austria_2018
Azerbaijan;2000;-0,83;Azerbaijan_2000
Azerbaijan;2002;-1,19;Azerbaijan_2002
Azerbaijan;2003;-0,95;Azerbaijan_2003
Azerbaijan;2004;-1,06;Azerbaijan_2004
Azerbaijan;2005;-1,13;Azerbaijan_2005
Azerbaijan;2006;-1,09;Azerbaijan_2006
Azerbaijan;2007;-0,63;Azerbaijan_2007
Azerbaijan;2008;-0,33;Azerbaijan_2008
Azerbaijan;2009;-0,28;Azerbaijan_2009
Azerbaijan;2010;-0,24;Azerbaijan_2010
Azerbaijan;2011;-0,53;Azerbaijan_2011
Azerbaijan;2012;-0,72;Azerbaijan_2012
Azerbaijan;2013;-0,41;Azerbaijan_2013
Azerbaijan;2014;-0,56;Azerbaijan_2014
Azerbaijan;2015;-0,73;Azerbaijan_2015
Azerbaijan;2016;-0,8;Azerbaijan_2016
Azerbaijan;2017;-0,75;Azerbaijan_2017
Azerbaijan;2018;-0,7;Azerbaijan_2018
Bahamas;2000;1,28;Bahamas_2000
Bahamas;2002;0,96;Bahamas_2002
Bahamas;2003;0,83;Bahamas_2003
Bahamas;2004;0,89;Bahamas_2004
Bahamas;2005;0,94;Bahamas_2005
Bahamas;2006;0,81;Bahamas_2006
Bahamas;2007;0,73;Bahamas_2007
Bahamas;2008;0,77;Bahamas_2008
Bahamas;2009;0,86;Bahamas_2009
Bahamas;2010;0,99;Bahamas_2010
Bahamas;2011;1,1;Bahamas_2011
Bahamas;2012;1,18;Bahamas_2012
Bahamas;2013;1,13;Bahamas_2013
Bahamas;2014;0,96;Bahamas_2014
Bahamas;2015;0,91;Bahamas_2015
Bahamas;2016;0,98;Bahamas_2016
Bahamas;2017;0,99;Bahamas_2017
Bahamas;2018;0,87;Bahamas_2018
Bahrain;2000;0,06;Bahrain_2000
Bahrain;2002;0,28;Bahrain_2002
Bahrain;2003;0,48;Bahrain_2003
Bahrain;2004;0,31;Bahrain_2004
Bahrain;2005;0,01;Bahrain_2005
Bahrain;2006;-0,37;Bahrain_2006
Bahrain;2007;-0,25;Bahrain_2007
Bahrain;2008;-0,24;Bahrain_2008
Bahrain;2009;-0,14;Bahrain_2009
Bahrain;2010;-0,49;Bahrain_2010
Bahrain;2011;-0,95;Bahrain_2011
Bahrain;2012;-1,13;Bahrain_2012
Bahrain;2013;-1,34;Bahrain_2013
Bahrain;2014;-0,91;Bahrain_2014
Bahrain;2015;-1,07;Bahrain_2015
Bahrain;2016;-0,79;Bahrain_2016
Bahrain;2017;-0,96;Bahrain_2017
Bahrain;2018;-0,84;Bahrain_2018
Bangladesh;2000;-0,72;Bangladesh_2000
Bangladesh;2002;-1,03;Bangladesh_2002
Bangladesh;2003;-1,12;Bangladesh_2003
Bangladesh;2004;-1,36;Bangladesh_2004
Bangladesh;2005;-1,86;Bangladesh_2005
Bangladesh;2006;-1,51;Bangladesh_2006
Bangladesh;2007;-1,54;Bangladesh_2007
Bangladesh;2008;-1,51;Bangladesh_2008
Bangladesh;2009;-1,54;Bangladesh_2009
Bangladesh;2010;-1,43;Bangladesh_2010
Bangladesh;2011;-1,4;Bangladesh_2011
Bangladesh;2012;-1,38;Bangladesh_2012
Bangladesh;2013;-1,63;Bangladesh_2013
Bangladesh;2014;-0,9;Bangladesh_2014
Bangladesh;2015;-1,21;Bangladesh_2015
Bangladesh;2016;-1,26;Bangladesh_2016
Bangladesh;2017;-1,26;Bangladesh_2017
Bangladesh;2018;-1,03;Bangladesh_2018
Barbados;2000;1,15;Barbados_2000
Barbados;2002;1,1;Barbados_2002
Barbados;2003;0,92;Barbados_2003
Barbados;2004;1,1;Barbados_2004
Barbados;2005;1,12;Barbados_2005
Barbados;2006;0,91;Barbados_2006
Barbados;2007;1,04;Barbados_2007
Barbados;2008;1,07;Barbados_2008
Barbados;2009;1,05;Barbados_2009
Barbados;2010;1,06;Barbados_2010
Barbados;2011;1,25;Barbados_2011
Barbados;2012;1,19;Barbados_2012
Barbados;2013;1,27;Barbados_2013
Barbados;2014;1,28;Barbados_2014
Barbados;2015;1,14;Barbados_2015
Barbados;2016;0,98;Barbados_2016
Barbados;2017;0,97;Barbados_2017
Barbados;2018;0,92;Barbados_2018
Belarus;2000;0,14;Belarus_2000
Belarus;2002;0,3;Belarus_2002
Belarus;2003;0,69;Belarus_2003
Belarus;2004;0,16;Belarus_2004
Belarus;2005;0,36;Belarus_2005
Belarus;2006;0,15;Belarus_2006
Belarus;2007;0,34;Belarus_2007
Belarus;2008;0,52;Belarus_2008
Belarus;2009;0,49;Belarus_2009
Belarus;2010;-0,09;Belarus_2010
Belarus;2011;-0,09;Belarus_2011
Belarus;2012;0,07;Belarus_2012
Belarus;2013;0,01;Belarus_2013
Belarus;2014;0,18;Belarus_2014
Belarus;2015;0,11;Belarus_2015
Belarus;2016;0,14;Belarus_2016
Belarus;2017;-0,05;Belarus_2017
Belarus;2018;0,35;Belarus_2018
Belgium;2000;1,13;Belgium_2000
Belgium;2002;1,26;Belgium_2002
Belgium;2003;0,86;Belgium_2003
Belgium;2004;0,71;Belgium_2004
Belgium;2005;0,8;Belgium_2005
Belgium;2006;0,86;Belgium_2006
Belgium;2007;0,76;Belgium_2007
Belgium;2008;0,62;Belgium_2008
Belgium;2009;0,82;Belgium_2009
Belgium;2010;0,81;Belgium_2010
Belgium;2011;0,95;Belgium_2011
Belgium;2012;0,92;Belgium_2012
Belgium;2013;0,94;Belgium_2013
Belgium;2014;0,7;Belgium_2014
Belgium;2015;0,59;Belgium_2015
Belgium;2016;0,44;Belgium_2016
Belgium;2017;0,43;Belgium_2017
Belgium;2018;0,41;Belgium_2018
Belize;2000;0,18;Belize_2000
Belize;2002;0,42;Belize_2002
Belize;2003;0,49;Belize_2003
Belize;2004;0,4;Belize_2004
Belize;2005;0,1;Belize_2005
Belize;2006;0,08;Belize_2006
Belize;2007;0,19;Belize_2007
Belize;2008;0,19;Belize_2008
Belize;2009;0,03;Belize_2009
Belize;2010;0,07;Belize_2010
Belize;2011;0,15;Belize_2011
Belize;2012;0,18;Belize_2012
Belize;2013;0,18;Belize_2013
Belize;2014;0,05;Belize_2014
Belize;2015;0,04;Belize_2015
Belize;2016;0,06;Belize_2016
Belize;2017;0,04;Belize_2017
Belize;2018;0,02;Belize_2018
Benin;2000;0,8;Benin_2000
Benin;2002;0,82;Benin_2002
Benin;2003;0,68;Benin_2003
Benin;2004;0,27;Benin_2004
Benin;2005;0,45;Benin_2005
Benin;2006;0,55;Benin_2006
Benin;2007;0,39;Benin_2007
Benin;2008;0,37;Benin_2008
Benin;2009;0,4;Benin_2009
Benin;2010;0,26;Benin_2010
Benin;2011;0,32;Benin_2011
Benin;2012;0,36;Benin_2012
Benin;2013;0,3;Benin_2013
Benin;2014;0,03;Benin_2014
Benin;2015;-0,01;Benin_2015
Benin;2016;0,0;Benin_2016
Benin;2017;0,03;Benin_2017
Benin;2018;-0,13;Benin_2018
Bermuda;2000;0,71;Bermuda_2000
Bermuda;2002;0,79;Bermuda_2002
Bermuda;2003;0,85;Bermuda_2003
Bermuda;2004;0,89;Bermuda_2004
Bermuda;2005;0,82;Bermuda_2005
Bermuda;2006;0,78;Bermuda_2006
Bermuda;2007;0,77;Bermuda_2007
Bermuda;2008;0,8;Bermuda_2008
Bermuda;2009;0,69;Bermuda_2009
Bermuda;2010;0,91;Bermuda_2010
Bermuda;2011;0,96;Bermuda_2011
Bermuda;2012;0,98;Bermuda_2012
Bermuda;2013;0,97;Bermuda_2013
Bermuda;2014;0,91;Bermuda_2014
Bermuda;2015;0,98;Bermuda_2015
Bermuda;2016;1,0;Bermuda_2016
Bermuda;2017;1,0;Bermuda_2017
Bermuda;2018;1,16;Bermuda_2018
Bhutan;2000;0,49;Bhutan_2000
Bhutan;2002;0,69;Bhutan_2002
Bhutan;2003;0,92;Bhutan_2003
Bhutan;2004;1,17;Bhutan_2004
Bhutan;2005;1,28;Bhutan_2005
Bhutan;2006;1,26;Bhutan_2006
Bhutan;2007;0,57;Bhutan_2007
Bhutan;2008;0,72;Bhutan_2008
Bhutan;2009;0,8;Bhutan_2009
Bhutan;2010;0,74;Bhutan_2010
Bhutan;2011;0,83;Bhutan_2011
Bhutan;2012;0,78;Bhutan_2012
Bhutan;2013;0,78;Bhutan_2013
Bhutan;2014;1,07;Bhutan_2014
Bhutan;2015;0,97;Bhutan_2015
Bhutan;2016;1,12;Bhutan_2016
Bhutan;2017;1,12;Bhutan_2017
Bhutan;2018;1,1;Bhutan_2018
Bolivia (Plurinational State of);2000;-0,24;Bolivia (Plurinational State of)_2000
Bolivia (Plurinational State of);2002;-0,29;Bolivia (Plurinational State of)_2002
Bolivia (Plurinational State of);2003;-0,83;Bolivia (Plurinational State of)_2003
Bolivia (Plurinational State of);2004;-0,68;Bolivia (Plurinational State of)_2004
Bolivia (Plurinational State of);2005;-0,97;Bolivia (Plurinational State of)_2005
Bolivia (Plurinational State of);2006;-0,8;Bolivia (Plurinational State of)_2006
Bolivia (Plurinational State of);2007;-0,85;Bolivia (Plurinational State of)_2007
Bolivia (Plurinational State of);2008;-0,7;Bolivia (Plurinational State of)_2008
Bolivia (Plurinational State of);2009;-0,51;Bolivia (Plurinational State of)_2009
Bolivia (Plurinational State of);2010;-0,42;Bolivia (Plurinational State of)_2010
Bolivia (Plurinational State of);2011;-0,42;Bolivia (Plurinational State of)_2011
Bolivia (Plurinational State of);2012;-0,46;Bolivia (Plurinational State of)_2012
Bolivia (Plurinational State of);2013;-0,33;Bolivia (Plurinational State of)_2013
Bolivia (Plurinational State of);2014;-0,33;Bolivia (Plurinational State of)_2014
Bolivia (Plurinational State of);2015;-0,27;Bolivia (Plurinational State of)_2015
Bolivia (Plurinational State of);2016;-0,25;Bolivia (Plurinational State of)_2016
Bolivia (Plurinational State of);2017;-0,28;Bolivia (Plurinational State of)_2017
Bolivia (Plurinational State of);2018;-0,24;Bolivia (Plurinational State of)_2018
Bosnia and Herzegovina;2000;-0,53;Bosnia and Herzegovina_2000
Bosnia and Herzegovina;2002;-0,16;Bosnia and Herzegovina_2002
Bosnia and Herzegovina;2003;-0,4;Bosnia and Herzegovina_2003
Bosnia and Herzegovina;2004;0,02;Bosnia and Herzegovina_2004
Bosnia and Herzegovina;2005;-0,5;Bosnia and Herzegovina_2005
Bosnia and Herzegovina;2006;-0,44;Bosnia and Herzegovina_2006
Bosnia and Herzegovina;2007;-0,63;Bosnia and Herzegovina_2007
Bosnia and Herzegovina;2008;-0,54;Bosnia and Herzegovina_2008
Bosnia and Herzegovina;2009;-0,67;Bosnia and Herzegovina_2009
Bosnia and Herzegovina;2010;-0,69;Bosnia and Herzegovina_2010
Bosnia and Herzegovina;2011;-0,82;Bosnia and Herzegovina_2011
Bosnia and Herzegovina;2012;-0,54;Bosnia and Herzegovina_2012
Bosnia and Herzegovina;2013;-0,4;Bosnia and Herzegovina_2013
Bosnia and Herzegovina;2014;-0,02;Bosnia and Herzegovina_2014
Bosnia and Herzegovina;2015;-0,4;Bosnia and Herzegovina_2015
Bosnia and Herzegovina;2016;-0,4;Bosnia and Herzegovina_2016
Bosnia and Herzegovina;2017;-0,35;Bosnia and Herzegovina_2017
Bosnia and Herzegovina;2018;-0,39;Bosnia and Herzegovina_2018
Botswana;2000;1,07;Botswana_2000
Botswana;2002;0,87;Botswana_2002
Botswana;2003;1,11;Botswana_2003
Botswana;2004;0,92;Botswana_2004
Botswana;2005;1,06;Botswana_2005
Botswana;2006;1,02;Botswana_2006
Botswana;2007;1,06;Botswana_2007
Botswana;2008;1,03;Botswana_2008
Botswana;2009;0,95;Botswana_2009
Botswana;2010;0,99;Botswana_2010
Botswana;2011;1,06;Botswana_2011
Botswana;2012;1,1;Botswana_2012
Botswana;2013;1,1;Botswana_2013
Botswana;2014;1,01;Botswana_2014
Botswana;2015;1,04;Botswana_2015
Botswana;2016;0,99;Botswana_2016
Botswana;2017;1,02;Botswana_2017
Botswana;2018;0,98;Botswana_2018
Brazil;2000;0,19;Brazil_2000
Brazil;2002;0,33;Brazil_2002
Brazil;2003;0,01;Brazil_2003
Brazil;2004;-0,28;Brazil_2004
Brazil;2005;-0,26;Brazil_2005
Brazil;2006;-0,29;Brazil_2006
Brazil;2007;-0,36;Brazil_2007
Brazil;2008;-0,31;Brazil_2008
Brazil;2009;0,17;Brazil_2009
Brazil;2010;0,01;Brazil_2010
Brazil;2011;-0,13;Brazil_2011
Brazil;2012;0,05;Brazil_2012
Brazil;2013;-0,26;Brazil_2013
Brazil;2014;-0,07;Brazil_2014
Brazil;2015;-0,33;Brazil_2015
Brazil;2016;-0,38;Brazil_2016
Brazil;2017;-0,42;Brazil_2017
Brazil;2018;-0,36;Brazil_2018
Brunei Darussalam;2000;1,3;Brunei Darussalam_2000
Brunei Darussalam;2002;1,16;Brunei Darussalam_2002
Brunei Darussalam;2003;1,15;Brunei Darussalam_2003
Brunei Darussalam;2004;1,37;Brunei Darussalam_2004
Brunei Darussalam;2005;1,21;Brunei Darussalam_2005
Brunei Darussalam;2006;1,12;Brunei Darussalam_2006
Brunei Darussalam;2007;1,11;Brunei Darussalam_2007
Brunei Darussalam;2008;1,13;Brunei Darussalam_2008
Brunei Darussalam;2009;1,39;Brunei Darussalam_2009
Brunei Darussalam;2010;1,28;Brunei Darussalam_2010
Brunei Darussalam;2011;1,09;Brunei Darussalam_2011
Brunei Darussalam;2012;0,91;Brunei Darussalam_2012
Brunei Darussalam;2013;1,07;Brunei Darussalam_2013
Brunei Darussalam;2014;1,26;Brunei Darussalam_2014
Brunei Darussalam;2015;1,24;Brunei Darussalam_2015
Brunei Darussalam;2016;1,15;Brunei Darussalam_2016
Brunei Darussalam;2017;1,16;Brunei Darussalam_2017
Brunei Darussalam;2018;1,2;Brunei Darussalam_2018
Bulgaria;2000;0,38;Bulgaria_2000
Bulgaria;2002;0,47;Bulgaria_2002
Bulgaria;2003;0,17;Bulgaria_2003
Bulgaria;2004;0,0;Bulgaria_2004
Bulgaria;2005;0,15;Bulgaria_2005
Bulgaria;2006;0,4;Bulgaria_2006
Bulgaria;2007;0,36;Bulgaria_2007
Bulgaria;2008;0,37;Bulgaria_2008
Bulgaria;2009;0,35;Bulgaria_2009
Bulgaria;2010;0,36;Bulgaria_2010
Bulgaria;2011;0,3;Bulgaria_2011
Bulgaria;2012;0,38;Bulgaria_2012
Bulgaria;2013;0,17;Bulgaria_2013
Bulgaria;2014;0,08;Bulgaria_2014
Bulgaria;2015;0,02;Bulgaria_2015
Bulgaria;2016;0,08;Bulgaria_2016
Bulgaria;2017;0,33;Bulgaria_2017
Bulgaria;2018;0,42;Bulgaria_2018
Burkina Faso;2000;0,06;Burkina Faso_2000
Burkina Faso;2002;-0,31;Burkina Faso_2002
Burkina Faso;2003;0,07;Burkina Faso_2003
Burkina Faso;2004;-0,08;Burkina Faso_2004
Burkina Faso;2005;-0,06;Burkina Faso_2005
Burkina Faso;2006;0,16;Burkina Faso_2006
Burkina Faso;2007;0,31;Burkina Faso_2007
Burkina Faso;2008;0,12;Burkina Faso_2008
Burkina Faso;2009;0,03;Burkina Faso_2009
Burkina Faso;2010;-0,12;Burkina Faso_2010
Burkina Faso;2011;-0,56;Burkina Faso_2011
Burkina Faso;2012;-0,57;Burkina Faso_2012
Burkina Faso;2013;-0,76;Burkina Faso_2013
Burkina Faso;2014;-0,79;Burkina Faso_2014
Burkina Faso;2015;-0,61;Burkina Faso_2015
Burkina Faso;2016;-0,87;Burkina Faso_2016
Burkina Faso;2017;-0,93;Burkina Faso_2017
Burkina Faso;2018;-1,04;Burkina Faso_2018
Burundi;2000;-2,02;Burundi_2000
Burundi;2002;-2,29;Burundi_2002
Burundi;2003;-2,24;Burundi_2003
Burundi;2004;-2,52;Burundi_2004
Burundi;2005;-1,52;Burundi_2005
Burundi;2006;-1,43;Burundi_2006
Burundi;2007;-1,38;Burundi_2007
Burundi;2008;-1,64;Burundi_2008
Burundi;2009;-1,27;Burundi_2009
Burundi;2010;-1,63;Burundi_2010
Burundi;2011;-1,81;Burundi_2011
Burundi;2012;-1,7;Burundi_2012
Burundi;2013;-1,35;Burundi_2013
Burundi;2014;-0,78;Burundi_2014
Burundi;2015;-1,94;Burundi_2015
Burundi;2016;-1,97;Burundi_2016
Burundi;2017;-2,01;Burundi_2017
Burundi;2018;-1,6;Burundi_2018
Cabo Verde;2000;1,22;Cabo Verde_2000
Cabo Verde;2002;0,73;Cabo Verde_2002
Cabo Verde;2003;0,92;Cabo Verde_2003
Cabo Verde;2004;1,04;Cabo Verde_2004
Cabo Verde;2005;0,75;Cabo Verde_2005
Cabo Verde;2006;0,96;Cabo Verde_2006
Cabo Verde;2007;0,88;Cabo Verde_2007
Cabo Verde;2008;0,81;Cabo Verde_2008
Cabo Verde;2009;0,82;Cabo Verde_2009
Cabo Verde;2010;0,84;Cabo Verde_2010
Cabo Verde;2011;0,72;Cabo Verde_2011
Cabo Verde;2012;0,81;Cabo Verde_2012
Cabo Verde;2013;0,78;Cabo Verde_2013
Cabo Verde;2014;0,35;Cabo Verde_2014
Cabo Verde;2015;0,87;Cabo Verde_2015
Cabo Verde;2016;0,89;Cabo Verde_2016
Cabo Verde;2017;0,77;Cabo Verde_2017
Cabo Verde;2018;0,75;Cabo Verde_2018
Cambodia;2000;-0,78;Cambodia_2000
Cambodia;2002;-0,73;Cambodia_2002
Cambodia;2003;-0,65;Cambodia_2003
Cambodia;2004;-0,41;Cambodia_2004
Cambodia;2005;-0,4;Cambodia_2005
Cambodia;2006;-0,35;Cambodia_2006
Cambodia;2007;-0,36;Cambodia_2007
Cambodia;2008;-0,3;Cambodia_2008
Cambodia;2009;-0,56;Cambodia_2009
Cambodia;2010;-0,5;Cambodia_2010
Cambodia;2011;-0,3;Cambodia_2011
Cambodia;2012;-0,1;Cambodia_2012
Cambodia;2013;-0,14;Cambodia_2013
Cambodia;2014;0,02;Cambodia_2014
Cambodia;2015;0,06;Cambodia_2015
Cambodia;2016;0,21;Cambodia_2016
Cambodia;2017;0,09;Cambodia_2017
Cambodia;2018;0,11;Cambodia_2018
Cameroon;2000;-0,56;Cameroon_2000
Cameroon;2002;-0,68;Cameroon_2002
Cameroon;2003;-0,43;Cameroon_2003
Cameroon;2004;-0,36;Cameroon_2004
Cameroon;2005;-0,18;Cameroon_2005
Cameroon;2006;-0,25;Cameroon_2006
Cameroon;2007;-0,33;Cameroon_2007
Cameroon;2008;-0,55;Cameroon_2008
Cameroon;2009;-0,47;Cameroon_2009
Cameroon;2010;-0,74;Cameroon_2010
Cameroon;2011;-0,66;Cameroon_2011
Cameroon;2012;-0,59;Cameroon_2012
Cameroon;2013;-0,53;Cameroon_2013
Cameroon;2014;-1,06;Cameroon_2014
Cameroon;2015;-0,99;Cameroon_2015
Cameroon;2016;-1,06;Cameroon_2016
Cameroon;2017;-1,1;Cameroon_2017
Cameroon;2018;-1,38;Cameroon_2018
Canada;2000;1,17;Canada_2000
Canada;2002;1,22;Canada_2002
Canada;2003;1,05;Canada_2003
Canada;2004;0,88;Canada_2004
Canada;2005;0,83;Canada_2005
Canada;2006;1,04;Canada_2006
Canada;2007;1,01;Canada_2007
Canada;2008;1,04;Canada_2008
Canada;2009;1,13;Canada_2009
Canada;2010;0,94;Canada_2010
Canada;2011;1,08;Canada_2011
Canada;2012;1,11;Canada_2012
Canada;2013;1,06;Canada_2013
Canada;2014;1,18;Canada_2014
Canada;2015;1,27;Canada_2015
Canada;2016;1,26;Canada_2016
Canada;2017;1,1;Canada_2017
Canada;2018;0,99;Canada_2018
Central African Republic;2000;-1,12;Central African Republic_2000
Central African Republic;2002;-1,73;Central African Republic_2002
Central African Republic;2003;-1,54;Central African Republic_2003
Central African Republic;2004;-1,42;Central African Republic_2004
Central African Republic;2005;-1,43;Central African Republic_2005
Central African Republic;2006;-1,85;Central African Republic_2006
Central African Republic;2007;-1,85;Central African Republic_2007
Central African Republic;2008;-1,84;Central African Republic_2008
Central African Republic;2009;-1,91;Central African Republic_2009
Central African Republic;2010;-2,02;Central African Republic_2010
Central African Republic;2011;-1,79;Central African Republic_2011
Central African Republic;2012;-1,85;Central African Republic_2012
Central African Republic;2013;-2,15;Central African Republic_2013
Central African Republic;2014;-2,7;Central African Republic_2014
Central African Republic;2015;-1,9;Central African Republic_2015
Central African Republic;2016;-1,79;Central African Republic_2016
Central African Republic;2017;-2,01;Central African Republic_2017
Central African Republic;2018;-2,28;Central African Republic_2018
Chad;2000;-1,14;Chad_2000
Chad;2002;-1,56;Chad_2002
Chad;2003;-1,37;Chad_2003
Chad;2004;-1,54;Chad_2004
Chad;2005;-1,44;Chad_2005
Chad;2006;-1,83;Chad_2006
Chad;2007;-1,87;Chad_2007
Chad;2008;-1,97;Chad_2008
Chad;2009;-1,73;Chad_2009
Chad;2010;-1,52;Chad_2010
Chad;2011;-1,32;Chad_2011
Chad;2012;-1,04;Chad_2012
Chad;2013;-1,09;Chad_2013
Chad;2014;-1,57;Chad_2014
Chad;2015;-0,97;Chad_2015
Chad;2016;-1,3;Chad_2016
Chad;2017;-1,29;Chad_2017
Chad;2018;-1,48;Chad_2018
Chile;2000;0,49;Chile_2000
Chile;2002;1,09;Chile_2002
Chile;2003;0,76;Chile_2003
Chile;2004;0,69;Chile_2004
Chile;2005;0,84;Chile_2005
Chile;2006;0,61;Chile_2006
Chile;2007;0,41;Chile_2007
Chile;2008;0,43;Chile_2008
Chile;2009;0,6;Chile_2009
Chile;2010;0,68;Chile_2010
Chile;2011;0,45;Chile_2011
Chile;2012;0,33;Chile_2012
Chile;2013;0,36;Chile_2013
Chile;2014;0,45;Chile_2014
Chile;2015;0,43;Chile_2015
Chile;2016;0,41;Chile_2016
Chile;2017;0,42;Chile_2017
Chile;2018;0,43;Chile_2018
China, Hong Kong SAR;2000;0,93;China, Hong Kong SAR_2000
China, Hong Kong SAR;2002;0,91;China, Hong Kong SAR_2002
China, Hong Kong SAR;2003;0,95;China, Hong Kong SAR_2003
China, Hong Kong SAR;2004;1,15;China, Hong Kong SAR_2004
China, Hong Kong SAR;2005;1,34;China, Hong Kong SAR_2005
China, Hong Kong SAR;2006;1,19;China, Hong Kong SAR_2006
China, Hong Kong SAR;2007;1,1;China, Hong Kong SAR_2007
China, Hong Kong SAR;2008;1,13;China, Hong Kong SAR_2008
China, Hong Kong SAR;2009;0,97;China, Hong Kong SAR_2009
China, Hong Kong SAR;2010;0,94;China, Hong Kong SAR_2010
China, Hong Kong SAR;2011;0,95;China, Hong Kong SAR_2011
China, Hong Kong SAR;2012;1,01;China, Hong Kong SAR_2012
China, Hong Kong SAR;2013;0,92;China, Hong Kong SAR_2013
China, Hong Kong SAR;2014;1,15;China, Hong Kong SAR_2014
China, Hong Kong SAR;2015;1,05;China, Hong Kong SAR_2015
China, Hong Kong SAR;2016;0,75;China, Hong Kong SAR_2016
China, Hong Kong SAR;2017;0,83;China, Hong Kong SAR_2017
China, Hong Kong SAR;2018;0,79;China, Hong Kong SAR_2018
China, Macao SAR;2000;0,49;China, Macao SAR_2000
China, Macao SAR;2002;0,55;China, Macao SAR_2002
China, Macao SAR;2003;1,12;China, Macao SAR_2003
China, Macao SAR;2004;1,35;China, Macao SAR_2004
China, Macao SAR;2005;1,29;China, Macao SAR_2005
China, Macao SAR;2006;0,97;China, Macao SAR_2006
China, Macao SAR;2007;0,46;China, Macao SAR_2007
China, Macao SAR;2008;0,48;China, Macao SAR_2008
China, Macao SAR;2009;0,61;China, Macao SAR_2009
China, Macao SAR;2010;0,57;China, Macao SAR_2010
China, Macao SAR;2011;0,61;China, Macao SAR_2011
China, Macao SAR;2012;0,63;China, Macao SAR_2012
China, Macao SAR;2013;0,76;China, Macao SAR_2013
China, Macao SAR;2014;1,21;China, Macao SAR_2014
China, Macao SAR;2015;1,2;China, Macao SAR_2015
China, Macao SAR;2016;1,42;China, Macao SAR_2016
China, Macao SAR;2017;1,43;China, Macao SAR_2017
China, Macao SAR;2018;1,26;China, Macao SAR_2018
China, mainland;2000;-0,21;China, mainland_2000
China, mainland;2002;-0,33;China, mainland_2002
China, mainland;2003;-0,56;China, mainland_2003
China, mainland;2004;-0,39;China, mainland_2004
China, mainland;2005;-0,5;China, mainland_2005
China, mainland;2006;-0,54;China, mainland_2006
China, mainland;2007;-0,5;China, mainland_2007
China, mainland;2008;-0,49;China, mainland_2008
China, mainland;2009;-0,45;China, mainland_2009
China, mainland;2010;-0,66;China, mainland_2010
China, mainland;2011;-0,6;China, mainland_2011
China, mainland;2012;-0,54;China, mainland_2012
China, mainland;2013;-0,54;China, mainland_2013
China, mainland;2014;-0,52;China, mainland_2014
China, mainland;2015;-0,55;China, mainland_2015
China, mainland;2016;-0,5;China, mainland_2016
China, mainland;2017;-0,23;China, mainland_2017
China, mainland;2018;-0,26;China, mainland_2018
China, Taiwan Province of;2000;0,54;China, Taiwan Province of_2000
China, Taiwan Province of;2002;0,7;China, Taiwan Province of_2002
China, Taiwan Province of;2003;0,64;China, Taiwan Province of_2003
China, Taiwan Province of;2004;0,61;China, Taiwan Province of_2004
China, Taiwan Province of;2005;0,67;China, Taiwan Province of_2005
China, Taiwan Province of;2006;0,68;China, Taiwan Province of_2006
China, Taiwan Province of;2007;0,55;China, Taiwan Province of_2007
China, Taiwan Province of;2008;0,84;China, Taiwan Province of_2008
China, Taiwan Province of;2009;0,57;China, Taiwan Province of_2009
China, Taiwan Province of;2010;0,86;China, Taiwan Province of_2010
China, Taiwan Province of;2011;0,95;China, Taiwan Province of_2011
China, Taiwan Province of;2012;0,89;China, Taiwan Province of_2012
China, Taiwan Province of;2013;0,87;China, Taiwan Province of_2013
China, Taiwan Province of;2014;0,77;China, Taiwan Province of_2014
China, Taiwan Province of;2015;0,92;China, Taiwan Province of_2015
China, Taiwan Province of;2016;0,93;China, Taiwan Province of_2016
China, Taiwan Province of;2017;0,86;China, Taiwan Province of_2017
China, Taiwan Province of;2018;0,85;China, Taiwan Province of_2018
Colombia;2000;-1,6;Colombia_2000
Colombia;2002;-1,95;Colombia_2002
Colombia;2003;-2,37;Colombia_2003
Colombia;2004;-2,27;Colombia_2004
Colombia;2005;-2,06;Colombia_2005
Colombia;2006;-1,9;Colombia_2006
Colombia;2007;-1,8;Colombia_2007
Colombia;2008;-1,85;Colombia_2008
Colombia;2009;-1,83;Colombia_2009
Colombia;2010;-1,54;Colombia_2010
Colombia;2011;-1,28;Colombia_2011
Colombia;2012;-1,4;Colombia_2012
Colombia;2013;-1,29;Colombia_2013
Colombia;2014;-1,11;Colombia_2014
Colombia;2015;-1,07;Colombia_2015
Colombia;2016;-0,88;Colombia_2016
Colombia;2017;-0,77;Colombia_2017
Colombia;2018;-0,81;Colombia_2018
Comoros;2000;0,02;Comoros_2000
Comoros;2002;0,4;Comoros_2002
Comoros;2003;-0,67;Comoros_2003
Comoros;2004;-0,16;Comoros_2004
Comoros;2005;-0,44;Comoros_2005
Comoros;2006;-0,36;Comoros_2006
Comoros;2007;-1,09;Comoros_2007
Comoros;2008;-1,11;Comoros_2008
Comoros;2009;-0,77;Comoros_2009
Comoros;2010;-0,56;Comoros_2010
Comoros;2011;-0,55;Comoros_2011
Comoros;2012;-0,45;Comoros_2012
Comoros;2013;-0,26;Comoros_2013
Comoros;2014;-0,19;Comoros_2014
Comoros;2015;-0,23;Comoros_2015
Comoros;2016;0,04;Comoros_2016
Comoros;2017;0,04;Comoros_2017
Comoros;2018;-0,2;Comoros_2018
Congo;2000;-0,92;Congo_2000
Congo;2002;-1,58;Congo_2002
Congo;2003;-1,17;Congo_2003
Congo;2004;-1,19;Congo_2004
Congo;2005;-1,17;Congo_2005
Congo;2006;-0,92;Congo_2006
Congo;2007;-0,77;Congo_2007
Congo;2008;-0,72;Congo_2008
Congo;2009;-0,25;Congo_2009
Congo;2010;-0,32;Congo_2010
Congo;2011;-0,35;Congo_2011
Congo;2012;-0,49;Congo_2012
Congo;2013;-0,48;Congo_2013
Congo;2014;-0,36;Congo_2014
Congo;2015;-0,53;Congo_2015
Congo;2016;-0,52;Congo_2016
Congo;2017;-0,53;Congo_2017
Congo;2018;-0,44;Congo_2018
Cook Islands;2009;1,14;Cook Islands_2009
Cook Islands;2010;1,32;Cook Islands_2010
Costa Rica;2000;0,87;Costa Rica_2000
Costa Rica;2002;1,07;Costa Rica_2002
Costa Rica;2003;0,6;Costa Rica_2003
Costa Rica;2004;0,63;Costa Rica_2004
Costa Rica;2005;0,71;Costa Rica_2005
Costa Rica;2006;0,74;Costa Rica_2006
Costa Rica;2007;0,58;Costa Rica_2007
Costa Rica;2008;0,36;Costa Rica_2008
Costa Rica;2009;0,59;Costa Rica_2009
Costa Rica;2010;0,69;Costa Rica_2010
Costa Rica;2011;0,51;Costa Rica_2011
Costa Rica;2012;0,64;Costa Rica_2012
Costa Rica;2013;0,68;Costa Rica_2013
Costa Rica;2014;0,58;Costa Rica_2014
Costa Rica;2015;0,68;Costa Rica_2015
Costa Rica;2016;0,66;Costa Rica_2016
Costa Rica;2017;0,61;Costa Rica_2017
Costa Rica;2018;0,49;Costa Rica_2018
Côte d'Ivoire;2000;-1,24;Côte d'Ivoire_2000
Côte d'Ivoire;2002;-1,92;Côte d'Ivoire_2002
Côte d'Ivoire;2003;-1,8;Côte d'Ivoire_2003
Côte d'Ivoire;2004;-2,12;Côte d'Ivoire_2004
Côte d'Ivoire;2005;-2,26;Côte d'Ivoire_2005
Côte d'Ivoire;2006;-1,87;Côte d'Ivoire_2006
Côte d'Ivoire;2007;-1,84;Côte d'Ivoire_2007
Côte d'Ivoire;2008;-1,81;Côte d'Ivoire_2008
Côte d'Ivoire;2009;-1,32;Côte d'Ivoire_2009
Côte d'Ivoire;2010;-1,58;Côte d'Ivoire_2010
Côte d'Ivoire;2011;-1,41;Côte d'Ivoire_2011
Côte d'Ivoire;2012;-1,26;Côte d'Ivoire_2012
Côte d'Ivoire;2013;-1,05;Côte d'Ivoire_2013
Côte d'Ivoire;2014;-1,04;Côte d'Ivoire_2014
Côte d'Ivoire;2015;-0,83;Côte d'Ivoire_2015
Côte d'Ivoire;2016;-0,91;Côte d'Ivoire_2016
Côte d'Ivoire;2017;-1,09;Côte d'Ivoire_2017
Côte d'Ivoire;2018;-0,93;Côte d'Ivoire_2018
Croatia;2000;0,28;Croatia_2000
Croatia;2002;0,63;Croatia_2002
Croatia;2003;0,56;Croatia_2003
Croatia;2004;0,69;Croatia_2004
Croatia;2005;0,43;Croatia_2005
Croatia;2006;0,56;Croatia_2006
Croatia;2007;0,6;Croatia_2007
Croatia;2008;0,57;Croatia_2008
Croatia;2009;0,61;Croatia_2009
Croatia;2010;0,61;Croatia_2010
Croatia;2011;0,62;Croatia_2011
Croatia;2012;0,61;Croatia_2012
Croatia;2013;0,64;Croatia_2013
Croatia;2014;0,62;Croatia_2014
Croatia;2015;0,59;Croatia_2015
Croatia;2016;0,66;Croatia_2016
Croatia;2017;0,69;Croatia_2017
Croatia;2018;0,77;Croatia_2018
Cuba;2000;0,25;Cuba_2000
Cuba;2002;0,26;Cuba_2002
Cuba;2003;0,32;Cuba_2003
Cuba;2004;0,36;Cuba_2004
Cuba;2005;0,42;Cuba_2005
Cuba;2006;0,47;Cuba_2006
Cuba;2007;0,45;Cuba_2007
Cuba;2008;0,52;Cuba_2008
Cuba;2009;0,36;Cuba_2009
Cuba;2010;0,35;Cuba_2010
Cuba;2011;0,28;Cuba_2011
Cuba;2012;0,31;Cuba_2012
Cuba;2013;0,37;Cuba_2013
Cuba;2014;0,54;Cuba_2014
Cuba;2015;0,64;Cuba_2015
Cuba;2016;0,69;Cuba_2016
Cuba;2017;0,65;Cuba_2017
Cuba;2018;0,65;Cuba_2018
Cyprus;2000;0,52;Cyprus_2000
Cyprus;2002;0,19;Cyprus_2002
Cyprus;2003;0,53;Cyprus_2003
Cyprus;2004;0,38;Cyprus_2004
Cyprus;2005;0,52;Cyprus_2005
Cyprus;2006;0,54;Cyprus_2006
Cyprus;2007;0,54;Cyprus_2007
Cyprus;2008;0,64;Cyprus_2008
Cyprus;2009;0,39;Cyprus_2009
Cyprus;2010;0,45;Cyprus_2010
Cyprus;2011;0,61;Cyprus_2011
Cyprus;2012;0,64;Cyprus_2012
Cyprus;2013;0,56;Cyprus_2013
Cyprus;2014;0,55;Cyprus_2014
Cyprus;2015;0,55;Cyprus_2015
Cyprus;2016;0,6;Cyprus_2016
Cyprus;2017;0,54;Cyprus_2017
Cyprus;2018;0,54;Cyprus_2018
Czechia;2000;0,33;Czechia_2000
Czechia;2002;1,05;Czechia_2002
Czechia;2003;0,89;Czechia_2003
Czechia;2004;0,65;Czechia_2004
Czechia;2005;0,94;Czechia_2005
Czechia;2006;1,05;Czechia_2006
Czechia;2007;1,02;Czechia_2007
Czechia;2008;1,05;Czechia_2008
Czechia;2009;0,91;Czechia_2009
Czechia;2010;0,99;Czechia_2010
Czechia;2011;1,11;Czechia_2011
Czechia;2012;1,05;Czechia_2012
Czechia;2013;1,08;Czechia_2013
Czechia;2014;0,99;Czechia_2014
Czechia;2015;0,98;Czechia_2015
Czechia;2016;0,98;Czechia_2016
Czechia;2017;1,0;Czechia_2017
Czechia;2018;1,04;Czechia_2018
Democratic People's Republic of Korea;2000;-0,01;Democratic People's Republic of Korea_2000
Democratic People's Republic of Korea;2002;0,18;Democratic People's Republic of Korea_2002
Democratic People's Republic of Korea;2003;0,22;Democratic People's Republic of Korea_2003
Democratic People's Republic of Korea;2004;0,22;Democratic People's Republic of Korea_2004
Democratic People's Republic of Korea;2005;0,02;Democratic People's Republic of Korea_2005
Democratic People's Republic of Korea;2006;-0,03;Democratic People's Republic of Korea_2006
Democratic People's Republic of Korea;2007;0,54;Democratic People's Republic of Korea_2007
Democratic People's Republic of Korea;2008;0,52;Democratic People's Republic of Korea_2008
Democratic People's Republic of Korea;2009;-0,03;Democratic People's Republic of Korea_2009
Democratic People's Republic of Korea;2010;-0,3;Democratic People's Republic of Korea_2010
Democratic People's Republic of Korea;2011;-0,25;Democratic People's Republic of Korea_2011
Democratic People's Republic of Korea;2012;-0,01;Democratic People's Republic of Korea_2012
Democratic People's Republic of Korea;2013;-0,44;Democratic People's Republic of Korea_2013
Democratic People's Republic of Korea;2014;-1,13;Democratic People's Republic of Korea_2014
Democratic People's Republic of Korea;2015;-1,15;Democratic People's Republic of Korea_2015
Democratic People's Republic of Korea;2016;-0,68;Democratic People's Republic of Korea_2016
Democratic People's Republic of Korea;2017;-0,5;Democratic People's Republic of Korea_2017
Democratic People's Republic of Korea;2018;-0,35;Democratic People's Republic of Korea_2018
Democratic Republic of the Congo;2000;-2,48;Democratic Republic of the Congo_2000
Democratic Republic of the Congo;2002;-1,98;Democratic Republic of the Congo_2002
Democratic Republic of the Congo;2003;-2,03;Democratic Republic of the Congo_2003
Democratic Republic of the Congo;2004;-2,39;Democratic Republic of the Congo_2004
Democratic Republic of the Congo;2005;-2,13;Democratic Republic of the Congo_2005
Democratic Republic of the Congo;2006;-2,25;Democratic Republic of the Congo_2006
Democratic Republic of the Congo;2007;-2,18;Democratic Republic of the Congo_2007
Democratic Republic of the Congo;2008;-2,01;Democratic Republic of the Congo_2008
Democratic Republic of the Congo;2009;-2,0;Democratic Republic of the Congo_2009
Democratic Republic of the Congo;2010;-2,2;Democratic Republic of the Congo_2010
Democratic Republic of the Congo;2011;-2,21;Democratic Republic of the Congo_2011
Democratic Republic of the Congo;2012;-2,09;Democratic Republic of the Congo_2012
Democratic Republic of the Congo;2013;-2,19;Democratic Republic of the Congo_2013
Democratic Republic of the Congo;2014;-2,17;Democratic Republic of the Congo_2014
Democratic Republic of the Congo;2015;-2,15;Democratic Republic of the Congo_2015
Democratic Republic of the Congo;2016;-2,23;Democratic Republic of the Congo_2016
Democratic Republic of the Congo;2017;-2,35;Democratic Republic of the Congo_2017
Democratic Republic of the Congo;2018;-2,12;Democratic Republic of the Congo_2018
Denmark;2000;1,5;Denmark_2000
Denmark;2002;1,53;Denmark_2002
Denmark;2003;1,2;Denmark_2003
Denmark;2004;1,09;Denmark_2004
Denmark;2005;1,07;Denmark_2005
Denmark;2006;1,05;Denmark_2006
Denmark;2007;1,12;Denmark_2007
Denmark;2008;1,07;Denmark_2008
Denmark;2009;1,0;Denmark_2009
Denmark;2010;1,04;Denmark_2010
Denmark;2011;1,1;Denmark_2011
Denmark;2012;0,91;Denmark_2012
Denmark;2013;0,96;Denmark_2013
Denmark;2014;0,95;Denmark_2014
Denmark;2015;0,9;Denmark_2015
Denmark;2016;0,87;Denmark_2016
Denmark;2017;0,87;Denmark_2017
Denmark;2018;0,96;Denmark_2018
Djibouti;2000;-0,24;Djibouti_2000
Djibouti;2002;-0,31;Djibouti_2002
Djibouti;2003;-0,91;Djibouti_2003
Djibouti;2004;-0,34;Djibouti_2004
Djibouti;2005;-0,81;Djibouti_2005
Djibouti;2006;-0,26;Djibouti_2006
Djibouti;2007;-0,12;Djibouti_2007
Djibouti;2008;0,27;Djibouti_2008
Djibouti;2009;0,49;Djibouti_2009
Djibouti;2010;0,25;Djibouti_2010
Djibouti;2011;0,18;Djibouti_2011
Djibouti;2012;0,16;Djibouti_2012
Djibouti;2013;-0,1;Djibouti_2013
Djibouti;2014;-0,77;Djibouti_2014
Djibouti;2015;-0,44;Djibouti_2015
Djibouti;2016;-0,63;Djibouti_2016
Djibouti;2017;-0,74;Djibouti_2017
Djibouti;2018;-0,13;Djibouti_2018
Dominica;2000;0,49;Dominica_2000
Dominica;2002;0,55;Dominica_2002
Dominica;2003;0,67;Dominica_2003
Dominica;2004;0,95;Dominica_2004
Dominica;2005;0,83;Dominica_2005
Dominica;2006;0,91;Dominica_2006
Dominica;2007;0,79;Dominica_2007
Dominica;2008;0,92;Dominica_2008
Dominica;2009;0,67;Dominica_2009
Dominica;2010;0,9;Dominica_2010
Dominica;2011;1,14;Dominica_2011
Dominica;2012;0,98;Dominica_2012
Dominica;2013;1,12;Dominica_2013
Dominica;2014;1,06;Dominica_2014
Dominica;2015;1,08;Dominica_2015
Dominica;2016;1,0;Dominica_2016
Dominica;2017;1,2;Dominica_2017
Dominica;2018;1,11;Dominica_2018
Dominican Republic;2000;0,02;Dominican Republic_2000
Dominican Republic;2002;0,12;Dominican Republic_2002
Dominican Republic;2003;-0,42;Dominican Republic_2003
Dominican Republic;2004;-0,34;Dominican Republic_2004
Dominican Republic;2005;-0,26;Dominican Republic_2005
Dominican Republic;2006;-0,11;Dominican Republic_2006
Dominican Republic;2007;-0,08;Dominican Republic_2007
Dominican Republic;2008;-0,04;Dominican Republic_2008
Dominican Republic;2009;0,0;Dominican Republic_2009
Dominican Republic;2010;-0,04;Dominican Republic_2010
Dominican Republic;2011;0,0;Dominican Republic_2011
Dominican Republic;2012;0,25;Dominican Republic_2012
Dominican Republic;2013;0,21;Dominican Republic_2013
Dominican Republic;2014;0,15;Dominican Republic_2014
Dominican Republic;2015;0,24;Dominican Republic_2015
Dominican Republic;2016;0,25;Dominican Republic_2016
Dominican Republic;2017;0,16;Dominican Republic_2017
Dominican Republic;2018;0,03;Dominican Republic_2018
Ecuador;2000;-0,57;Ecuador_2000
Ecuador;2002;-0,76;Ecuador_2002
Ecuador;2003;-0,96;Ecuador_2003
Ecuador;2004;-0,84;Ecuador_2004
Ecuador;2005;-0,79;Ecuador_2005
Ecuador;2006;-0,85;Ecuador_2006
Ecuador;2007;-0,81;Ecuador_2007
Ecuador;2008;-0,73;Ecuador_2008
Ecuador;2009;-0,67;Ecuador_2009
Ecuador;2010;-0,59;Ecuador_2010
Ecuador;2011;-0,69;Ecuador_2011
Ecuador;2012;-0,57;Ecuador_2012
Ecuador;2013;-0,18;Ecuador_2013
Ecuador;2014;-0,02;Ecuador_2014
Ecuador;2015;-0,14;Ecuador_2015
Ecuador;2016;-0,09;Ecuador_2016
Ecuador;2017;-0,07;Ecuador_2017
Ecuador;2018;-0,07;Ecuador_2018
Egypt;2000;0,05;Egypt_2000
Egypt;2002;-0,41;Egypt_2002
Egypt;2003;-0,64;Egypt_2003
Egypt;2004;-0,82;Egypt_2004
Egypt;2005;-0,63;Egypt_2005
Egypt;2006;-0,84;Egypt_2006
Egypt;2007;-0,55;Egypt_2007
Egypt;2008;-0,51;Egypt_2008
Egypt;2009;-0,61;Egypt_2009
Egypt;2010;-0,9;Egypt_2010
Egypt;2011;-1,44;Egypt_2011
Egypt;2012;-1,44;Egypt_2012
Egypt;2013;-1,64;Egypt_2013
Egypt;2014;-1,63;Egypt_2014
Egypt;2015;-1,5;Egypt_2015
Egypt;2016;-1,44;Egypt_2016
Egypt;2017;-1,42;Egypt_2017
Egypt;2018;-1,16;Egypt_2018
El Salvador;2000;0,33;El Salvador_2000
El Salvador;2002;0,3;El Salvador_2002
El Salvador;2003;-0,18;El Salvador_2003
El Salvador;2004;-0,07;El Salvador_2004
El Salvador;2005;-0,03;El Salvador_2005
El Salvador;2006;-0,17;El Salvador_2006
El Salvador;2007;-0,01;El Salvador_2007
El Salvador;2008;0,04;El Salvador_2008
El Salvador;2009;-0,01;El Salvador_2009
El Salvador;2010;0,06;El Salvador_2010
El Salvador;2011;0,11;El Salvador_2011
El Salvador;2012;0,23;El Salvador_2012
El Salvador;2013;-0,03;El Salvador_2013
El Salvador;2014;-0,02;El Salvador_2014
El Salvador;2015;-0,02;El Salvador_2015
El Salvador;2016;-0,1;El Salvador_2016
El Salvador;2017;-0,26;El Salvador_2017
El Salvador;2018;-0,33;El Salvador_2018
Equatorial Guinea;2000;-0,04;Equatorial Guinea_2000
Equatorial Guinea;2002;-0,52;Equatorial Guinea_2002
Equatorial Guinea;2003;0,11;Equatorial Guinea_2003
Equatorial Guinea;2004;-0,06;Equatorial Guinea_2004
Equatorial Guinea;2005;-0,39;Equatorial Guinea_2005
Equatorial Guinea;2006;0,17;Equatorial Guinea_2006
Equatorial Guinea;2007;0,26;Equatorial Guinea_2007
Equatorial Guinea;2008;0,2;Equatorial Guinea_2008
Equatorial Guinea;2009;0,37;Equatorial Guinea_2009
Equatorial Guinea;2010;0,24;Equatorial Guinea_2010
Equatorial Guinea;2011;0,15;Equatorial Guinea_2011
Equatorial Guinea;2012;0,23;Equatorial Guinea_2012
Equatorial Guinea;2013;0,12;Equatorial Guinea_2013
Equatorial Guinea;2014;-0,37;Equatorial Guinea_2014
Equatorial Guinea;2015;-0,21;Equatorial Guinea_2015
Equatorial Guinea;2016;-0,14;Equatorial Guinea_2016
Equatorial Guinea;2017;-0,17;Equatorial Guinea_2017
Equatorial Guinea;2018;-0,05;Equatorial Guinea_2018
Eritrea;2000;-0,77;Eritrea_2000
Eritrea;2002;-0,27;Eritrea_2002
Eritrea;2003;-0,72;Eritrea_2003
Eritrea;2004;-0,64;Eritrea_2004
Eritrea;2005;-0,8;Eritrea_2005
Eritrea;2006;-0,9;Eritrea_2006
Eritrea;2007;-1,05;Eritrea_2007
Eritrea;2008;-0,71;Eritrea_2008
Eritrea;2009;-0,68;Eritrea_2009
Eritrea;2010;-0,88;Eritrea_2010
Eritrea;2011;-0,77;Eritrea_2011
Eritrea;2012;-0,7;Eritrea_2012
Eritrea;2013;-0,77;Eritrea_2013
Eritrea;2014;-0,81;Eritrea_2014
Eritrea;2015;-0,88;Eritrea_2015
Eritrea;2016;-0,66;Eritrea_2016
Eritrea;2017;-0,73;Eritrea_2017
Eritrea;2018;-0,61;Eritrea_2018
Estonia;2000;0,9;Estonia_2000
Estonia;2002;0,93;Estonia_2002
Estonia;2003;0,9;Estonia_2003
Estonia;2004;0,7;Estonia_2004
Estonia;2005;0,6;Estonia_2005
Estonia;2006;0,74;Estonia_2006
Estonia;2007;0,63;Estonia_2007
Estonia;2008;0,57;Estonia_2008
Estonia;2009;0,57;Estonia_2009
Estonia;2010;0,66;Estonia_2010
Estonia;2011;0,61;Estonia_2011
Estonia;2012;0,64;Estonia_2012
Estonia;2013;0,75;Estonia_2013
Estonia;2014;0,78;Estonia_2014
Estonia;2015;0,62;Estonia_2015
Estonia;2016;0,67;Estonia_2016
Estonia;2017;0,65;Estonia_2017
Estonia;2018;0,6;Estonia_2018
Eswatini;2000;0,04;Eswatini_2000
Eswatini;2002;0,13;Eswatini_2002
Eswatini;2003;0,07;Eswatini_2003
Eswatini;2004;-0,01;Eswatini_2004
Eswatini;2005;-0,4;Eswatini_2005
Eswatini;2006;-0,27;Eswatini_2006
Eswatini;2007;0,05;Eswatini_2007
Eswatini;2008;-0,08;Eswatini_2008
Eswatini;2009;-0,01;Eswatini_2009
Eswatini;2010;-0,08;Eswatini_2010
Eswatini;2011;-0,48;Eswatini_2011
Eswatini;2012;-0,41;Eswatini_2012
Eswatini;2013;-0,43;Eswatini_2013
Eswatini;2014;-0,5;Eswatini_2014
Eswatini;2015;-0,48;Eswatini_2015
Eswatini;2016;-0,49;Eswatini_2016
Eswatini;2017;-0,27;Eswatini_2017
Eswatini;2018;-0,31;Eswatini_2018
Ethiopia;2000;-0,94;Ethiopia_2000
Ethiopia;2002;-1,22;Ethiopia_2002
Ethiopia;2003;-1,41;Ethiopia_2003
Ethiopia;2004;-1,31;Ethiopia_2004
Ethiopia;2005;-1,69;Ethiopia_2005
Ethiopia;2006;-1,74;Ethiopia_2006
Ethiopia;2007;-1,8;Ethiopia_2007
Ethiopia;2008;-1,73;Ethiopia_2008
Ethiopia;2009;-1,64;Ethiopia_2009
Ethiopia;2010;-1,64;Ethiopia_2010
Ethiopia;2011;-1,51;Ethiopia_2011
Ethiopia;2012;-1,56;Ethiopia_2012
Ethiopia;2013;-1,41;Ethiopia_2013
Ethiopia;2014;-1,34;Ethiopia_2014
Ethiopia;2015;-1,5;Ethiopia_2015
Ethiopia;2016;-1,62;Ethiopia_2016
Ethiopia;2017;-1,68;Ethiopia_2017
Ethiopia;2018;-1,34;Ethiopia_2018
Fiji;2000;0,3;Fiji_2000
Fiji;2002;0,47;Fiji_2002
Fiji;2003;0,45;Fiji_2003
Fiji;2004;0,39;Fiji_2004
Fiji;2005;0,38;Fiji_2005
Fiji;2006;-0,04;Fiji_2006
Fiji;2007;0,06;Fiji_2007
Fiji;2008;-0,07;Fiji_2008
Fiji;2009;-0,27;Fiji_2009
Fiji;2010;-0,19;Fiji_2010
Fiji;2011;-0,07;Fiji_2011
Fiji;2012;-0,07;Fiji_2012
Fiji;2013;-0,05;Fiji_2013
Fiji;2014;0,55;Fiji_2014
Fiji;2015;0,58;Fiji_2015
Fiji;2016;0,92;Fiji_2016
Fiji;2017;0,64;Fiji_2017
Fiji;2018;0,74;Fiji_2018
Finland;2000;1,72;Finland_2000
Finland;2002;1,76;Finland_2002
Finland;2003;1,69;Finland_2003
Finland;2004;1,62;Finland_2004
Finland;2005;1,6;Finland_2005
Finland;2006;1,5;Finland_2006
Finland;2007;1,49;Finland_2007
Finland;2008;1,45;Finland_2008
Finland;2009;1,46;Finland_2009
Finland;2010;1,42;Finland_2010
Finland;2011;1,39;Finland_2011
Finland;2012;1,4;Finland_2012
Finland;2013;1,39;Finland_2013
Finland;2014;1,28;Finland_2014
Finland;2015;1,04;Finland_2015
Finland;2016;1,0;Finland_2016
Finland;2017;1,08;Finland_2017
Finland;2018;0,92;Finland_2018
France;2000;0,79;France_2000
France;2002;0,93;France_2002
France;2003;0,18;France_2003
France;2004;0,35;France_2004
France;2005;0,4;France_2005
France;2006;0,6;France_2006
France;2007;0,56;France_2007
France;2008;0,55;France_2008
France;2009;0,51;France_2009
France;2010;0,68;France_2010
France;2011;0,6;France_2011
France;2012;0,55;France_2012
France;2013;0,45;France_2013
France;2014;0,3;France_2014
France;2015;0,11;France_2015
France;2016;-0,1;France_2016
France;2017;0,28;France_2017
France;2018;0,11;France_2018
Gabon;2000;0,64;Gabon_2000
Gabon;2002;0,41;Gabon_2002
Gabon;2003;0,3;Gabon_2003
Gabon;2004;0,41;Gabon_2004
Gabon;2005;0,33;Gabon_2005
Gabon;2006;0,22;Gabon_2006
Gabon;2007;0,3;Gabon_2007
Gabon;2008;0,26;Gabon_2008
Gabon;2009;0,14;Gabon_2009
Gabon;2010;0,3;Gabon_2010
Gabon;2011;0,38;Gabon_2011
Gabon;2012;0,29;Gabon_2012
Gabon;2013;0,33;Gabon_2013
Gabon;2014;0,15;Gabon_2014
Gabon;2015;0,02;Gabon_2015
Gabon;2016;-0,1;Gabon_2016
Gabon;2017;-0,1;Gabon_2017
Gabon;2018;-0,25;Gabon_2018
Gambia;2000;0,53;Gambia_2000
Gambia;2002;0,83;Gambia_2002
Gambia;2003;0,32;Gambia_2003
Gambia;2004;0,17;Gambia_2004
Gambia;2005;0,2;Gambia_2005
Gambia;2006;-0,03;Gambia_2006
Gambia;2007;0,05;Gambia_2007
Gambia;2008;0,07;Gambia_2008
Gambia;2009;0,12;Gambia_2009
Gambia;2010;0,07;Gambia_2010
Gambia;2011;0,0;Gambia_2011
Gambia;2012;0,0;Gambia_2012
Gambia;2013;-0,05;Gambia_2013
Gambia;2014;-0,15;Gambia_2014
Gambia;2015;0,02;Gambia_2015
Gambia;2016;-0,43;Gambia_2016
Gambia;2017;-0,08;Gambia_2017
Gambia;2018;-0,03;Gambia_2018
Georgia;2000;-0,81;Georgia_2000
Georgia;2002;-1,19;Georgia_2002
Georgia;2003;-1,3;Georgia_2003
Georgia;2004;-0,87;Georgia_2004
Georgia;2005;-0,75;Georgia_2005
Georgia;2006;-0,96;Georgia_2006
Georgia;2007;-0,64;Georgia_2007
Georgia;2008;-0,92;Georgia_2008
Georgia;2009;-0,97;Georgia_2009
Georgia;2010;-0,72;Georgia_2010
Georgia;2011;-0,66;Georgia_2011
Georgia;2012;-0,68;Georgia_2012
Georgia;2013;-0,44;Georgia_2013
Georgia;2014;-0,32;Georgia_2014
Georgia;2015;-0,47;Georgia_2015
Georgia;2016;-0,31;Georgia_2016
Georgia;2017;-0,37;Georgia_2017
Georgia;2018;-0,43;Georgia_2018
Germany;2000;1,41;Germany_2000
Germany;2002;1,1;Germany_2002
Germany;2003;0,58;Germany_2003
Germany;2004;0,64;Germany_2004
Germany;2005;0,89;Germany_2005
Germany;2006;1,03;Germany_2006
Germany;2007;1,0;Germany_2007
Germany;2008;0,95;Germany_2008
Germany;2009;0,86;Germany_2009
Germany;2010;0,8;Germany_2010
Germany;2011;0,84;Germany_2011
Germany;2012;0,78;Germany_2012
Germany;2013;0,93;Germany_2013
Germany;2014;0,93;Germany_2014
Germany;2015;0,7;Germany_2015
Germany;2016;0,68;Germany_2016
Germany;2017;0,59;Germany_2017
Germany;2018;0,6;Germany_2018
Ghana;2000;-0,36;Ghana_2000
Ghana;2002;-0,16;Ghana_2002
Ghana;2003;0,03;Ghana_2003
Ghana;2004;0,04;Ghana_2004
Ghana;2005;0,17;Ghana_2005
Ghana;2006;0,01;Ghana_2006
Ghana;2007;-0,07;Ghana_2007
Ghana;2008;-0,03;Ghana_2008
Ghana;2009;0,03;Ghana_2009
Ghana;2010;0,03;Ghana_2010
Ghana;2011;0,17;Ghana_2011
Ghana;2012;0,13;Ghana_2012
Ghana;2013;0,06;Ghana_2013
Ghana;2014;-0,11;Ghana_2014
Ghana;2015;-0,03;Ghana_2015
Ghana;2016;-0,13;Ghana_2016
Ghana;2017;0,09;Ghana_2017
Ghana;2018;0,03;Ghana_2018
Greece;2000;0,81;Greece_2000
Greece;2002;0,88;Greece_2002
Greece;2003;0,48;Greece_2003
Greece;2004;0,49;Greece_2004
Greece;2005;0,51;Greece_2005
Greece;2006;0,63;Greece_2006
Greece;2007;0,52;Greece_2007
Greece;2008;0,27;Greece_2008
Greece;2009;-0,21;Greece_2009
Greece;2010;-0,13;Greece_2010
Greece;2011;-0,1;Greece_2011
Greece;2012;-0,22;Greece_2012
Greece;2013;-0,17;Greece_2013
Greece;2014;-0,14;Greece_2014
Greece;2015;-0,23;Greece_2015
Greece;2016;-0,12;Greece_2016
Greece;2017;-0,07;Greece_2017
Greece;2018;0,09;Greece_2018
Greenland;2009;1,52;Greenland_2009
Greenland;2010;1,65;Greenland_2010
Greenland;2011;1,94;Greenland_2011
Greenland;2012;1,93;Greenland_2012
Greenland;2013;1,93;Greenland_2013
Greenland;2014;1,92;Greenland_2014
Greenland;2015;1,94;Greenland_2015
Greenland;2016;1,97;Greenland_2016
Greenland;2017;1,92;Greenland_2017
Greenland;2018;1,94;Greenland_2018
Grenada;2000;1,02;Grenada_2000
Grenada;2002;0,92;Grenada_2002
Grenada;2003;0,89;Grenada_2003
Grenada;2004;0,88;Grenada_2004
Grenada;2005;0,41;Grenada_2005
Grenada;2006;0,39;Grenada_2006
Grenada;2007;0,38;Grenada_2007
Grenada;2008;0,39;Grenada_2008
Grenada;2009;0,39;Grenada_2009
Grenada;2010;0,52;Grenada_2010
Grenada;2011;0,36;Grenada_2011
Grenada;2012;0,49;Grenada_2012
Grenada;2013;0,43;Grenada_2013
Grenada;2014;0,77;Grenada_2014
Grenada;2015;0,79;Grenada_2015
Grenada;2016;1,02;Grenada_2016
Grenada;2017;1,01;Grenada_2017
Grenada;2018;1,0;Grenada_2018
Guatemala;2000;-0,77;Guatemala_2000
Guatemala;2002;-0,84;Guatemala_2002
Guatemala;2003;-0,78;Guatemala_2003
Guatemala;2004;-0,81;Guatemala_2004
Guatemala;2005;-0,84;Guatemala_2005
Guatemala;2006;-0,74;Guatemala_2006
Guatemala;2007;-0,75;Guatemala_2007
Guatemala;2008;-0,71;Guatemala_2008
Guatemala;2009;-0,93;Guatemala_2009
Guatemala;2010;-0,85;Guatemala_2010
Guatemala;2011;-0,74;Guatemala_2011
Guatemala;2012;-0,63;Guatemala_2012
Guatemala;2013;-0,67;Guatemala_2013
Guatemala;2014;-0,66;Guatemala_2014
Guatemala;2015;-0,66;Guatemala_2015
Guatemala;2016;-0,54;Guatemala_2016
Guatemala;2017;-0,65;Guatemala_2017
Guatemala;2018;-0,54;Guatemala_2018
Guinea;2000;-1,91;Guinea_2000
Guinea;2002;-1,42;Guinea_2002
Guinea;2003;-0,79;Guinea_2003
Guinea;2004;-1,03;Guinea_2004
Guinea;2005;-1,16;Guinea_2005
Guinea;2006;-1,91;Guinea_2006
Guinea;2007;-2,4;Guinea_2007
Guinea;2008;-2,1;Guinea_2008
Guinea;2009;-2,12;Guinea_2009
Guinea;2010;-1,69;Guinea_2010
Guinea;2011;-1,39;Guinea_2011
Guinea;2012;-1,29;Guinea_2012
Guinea;2013;-1,23;Guinea_2013
Guinea;2014;-0,96;Guinea_2014
Guinea;2015;-0,39;Guinea_2015
Guinea;2016;-0,39;Guinea_2016
Guinea;2017;-0,7;Guinea_2017
Guinea;2018;-0,88;Guinea_2018
Guinea-Bissau;2000;-0,35;Guinea-Bissau_2000
Guinea-Bissau;2002;-0,73;Guinea-Bissau_2002
Guinea-Bissau;2003;-0,49;Guinea-Bissau_2003
Guinea-Bissau;2004;-0,38;Guinea-Bissau_2004
Guinea-Bissau;2005;-0,56;Guinea-Bissau_2005
Guinea-Bissau;2006;-0,5;Guinea-Bissau_2006
Guinea-Bissau;2007;-0,46;Guinea-Bissau_2007
Guinea-Bissau;2008;-0,71;Guinea-Bissau_2008
Guinea-Bissau;2009;-0,67;Guinea-Bissau_2009
Guinea-Bissau;2010;-0,69;Guinea-Bissau_2010
Guinea-Bissau;2011;-0,75;Guinea-Bissau_2011
Guinea-Bissau;2012;-0,97;Guinea-Bissau_2012
Guinea-Bissau;2013;-0,9;Guinea-Bissau_2013
Guinea-Bissau;2014;-0,71;Guinea-Bissau_2014
Guinea-Bissau;2015;-0,52;Guinea-Bissau_2015
Guinea-Bissau;2016;-0,44;Guinea-Bissau_2016
Guinea-Bissau;2017;-0,5;Guinea-Bissau_2017
Guinea-Bissau;2018;-0,67;Guinea-Bissau_2018
Guyana;2000;-0,49;Guyana_2000
Guyana;2002;-0,56;Guyana_2002
Guyana;2003;-0,44;Guyana_2003
Guyana;2004;-0,56;Guyana_2004
Guyana;2005;-0,46;Guyana_2005
Guyana;2006;-0,73;Guyana_2006
Guyana;2007;-0,56;Guyana_2007
Guyana;2008;-0,63;Guyana_2008
Guyana;2009;-0,63;Guyana_2009
Guyana;2010;-0,46;Guyana_2010
Guyana;2011;-0,43;Guyana_2011
Guyana;2012;-0,5;Guyana_2012
Guyana;2013;-0,46;Guyana_2013
Guyana;2014;-0,14;Guyana_2014
Guyana;2015;-0,14;Guyana_2015
Guyana;2016;-0,03;Guyana_2016
Guyana;2017;-0,04;Guyana_2017
Guyana;2018;-0,18;Guyana_2018
Haiti;2000;-0,63;Haiti_2000
Haiti;2002;-1,26;Haiti_2002
Haiti;2003;-1,32;Haiti_2003
Haiti;2004;-1,99;Haiti_2004
Haiti;2005;-1,81;Haiti_2005
Haiti;2006;-1,39;Haiti_2006
Haiti;2007;-1,32;Haiti_2007
Haiti;2008;-1,39;Haiti_2008
Haiti;2009;-0,96;Haiti_2009
Haiti;2010;-0,94;Haiti_2010
Haiti;2011;-0,99;Haiti_2011
Haiti;2012;-0,79;Haiti_2012
Haiti;2013;-0,63;Haiti_2013
Haiti;2014;-0,64;Haiti_2014
Haiti;2015;-0,67;Haiti_2015
Haiti;2016;-0,74;Haiti_2016
Haiti;2017;-0,67;Haiti_2017
Haiti;2018;-0,63;Haiti_2018
Honduras;2000;-0,08;Honduras_2000
Honduras;2002;-0,26;Honduras_2002
Honduras;2003;-0,38;Honduras_2003
Honduras;2004;-0,39;Honduras_2004
Honduras;2005;-0,63;Honduras_2005
Honduras;2006;-0,67;Honduras_2006
Honduras;2007;-0,44;Honduras_2007
Honduras;2008;-0,53;Honduras_2008
Honduras;2009;-0,31;Honduras_2009
Honduras;2010;-0,5;Honduras_2010
Honduras;2011;-0,39;Honduras_2011
Honduras;2012;-0,35;Honduras_2012
Honduras;2013;-0,44;Honduras_2013
Honduras;2014;-0,53;Honduras_2014
Honduras;2015;-0,47;Honduras_2015
Honduras;2016;-0,43;Honduras_2016
Honduras;2017;-0,56;Honduras_2017
Honduras;2018;-0,55;Honduras_2018
Hungary;2000;0,92;Hungary_2000
Hungary;2002;1,26;Hungary_2002
Hungary;2003;1,13;Hungary_2003
Hungary;2004;0,83;Hungary_2004
Hungary;2005;1,0;Hungary_2005
Hungary;2006;0,99;Hungary_2006
Hungary;2007;0,75;Hungary_2007
Hungary;2008;0,75;Hungary_2008
Hungary;2009;0,54;Hungary_2009
Hungary;2010;0,69;Hungary_2010
Hungary;2011;0,74;Hungary_2011
Hungary;2012;0,68;Hungary_2012
Hungary;2013;0,8;Hungary_2013
Hungary;2014;0,67;Hungary_2014
Hungary;2015;0,75;Hungary_2015
Hungary;2016;0,65;Hungary_2016
Hungary;2017;0,81;Hungary_2017
Hungary;2018;0,76;Hungary_2018
Iceland;2000;1,58;Iceland_2000
Iceland;2002;1,62;Iceland_2002
Iceland;2003;1,52;Iceland_2003
Iceland;2004;1,46;Iceland_2004
Iceland;2005;1,44;Iceland_2005
Iceland;2006;1,45;Iceland_2006
Iceland;2007;1,48;Iceland_2007
Iceland;2008;1,22;Iceland_2008
Iceland;2009;1,19;Iceland_2009
Iceland;2010;1,02;Iceland_2010
Iceland;2011;1,24;Iceland_2011
Iceland;2012;1,25;Iceland_2012
Iceland;2013;1,29;Iceland_2013
Iceland;2014;1,25;Iceland_2014
Iceland;2015;1,31;Iceland_2015
Iceland;2016;1,36;Iceland_2016
Iceland;2017;1,35;Iceland_2017
Iceland;2018;1,41;Iceland_2018
India;2000;-1,0;India_2000
India;2002;-1,21;India_2002
India;2003;-1,51;India_2003
India;2004;-1,28;India_2004
India;2005;-1,01;India_2005
India;2006;-1,06;India_2006
India;2007;-1,15;India_2007
India;2008;-1,11;India_2008
India;2009;-1,35;India_2009
India;2010;-1,28;India_2010
India;2011;-1,33;India_2011
India;2012;-1,29;India_2012
India;2013;-1,23;India_2013
India;2014;-1,0;India_2014
India;2015;-0,95;India_2015
India;2016;-0,95;India_2016
India;2017;-0,76;India_2017
India;2018;-0,96;India_2018
Indonesia;2000;-2,0;Indonesia_2000
Indonesia;2002;-1,58;Indonesia_2002
Indonesia;2003;-2,09;Indonesia_2003
Indonesia;2004;-1,91;Indonesia_2004
Indonesia;2005;-1,52;Indonesia_2005
Indonesia;2006;-1,42;Indonesia_2006
Indonesia;2007;-1,2;Indonesia_2007
Indonesia;2008;-1,06;Indonesia_2008
Indonesia;2009;-0,75;Indonesia_2009
Indonesia;2010;-0,85;Indonesia_2010
Indonesia;2011;-0,77;Indonesia_2011
Indonesia;2012;-0,59;Indonesia_2012
Indonesia;2013;-0,52;Indonesia_2013
Indonesia;2014;-0,42;Indonesia_2014
Indonesia;2015;-0,62;Indonesia_2015
Indonesia;2016;-0,37;Indonesia_2016
Indonesia;2017;-0,5;Indonesia_2017
Indonesia;2018;-0,53;Indonesia_2018
Iran (Islamic Republic of);2000;-0,73;Iran (Islamic Republic of)_2000
Iran (Islamic Republic of);2002;-0,77;Iran (Islamic Republic of)_2002
Iran (Islamic Republic of);2003;-0,78;Iran (Islamic Republic of)_2003
Iran (Islamic Republic of);2004;-0,76;Iran (Islamic Republic of)_2004
Iran (Islamic Republic of);2005;-0,78;Iran (Islamic Republic of)_2005
Iran (Islamic Republic of);2006;-1,04;Iran (Islamic Republic of)_2006
Iran (Islamic Republic of);2007;-0,93;Iran (Islamic Republic of)_2007
Iran (Islamic Republic of);2008;-0,94;Iran (Islamic Republic of)_2008
Iran (Islamic Republic of);2009;-1,56;Iran (Islamic Republic of)_2009
Iran (Islamic Republic of);2010;-1,63;Iran (Islamic Republic of)_2010
Iran (Islamic Republic of);2011;-1,42;Iran (Islamic Republic of)_2011
Iran (Islamic Republic of);2012;-1,32;Iran (Islamic Republic of)_2012
Iran (Islamic Republic of);2013;-1,25;Iran (Islamic Republic of)_2013
Iran (Islamic Republic of);2014;-0,87;Iran (Islamic Republic of)_2014
Iran (Islamic Republic of);2015;-0,93;Iran (Islamic Republic of)_2015
Iran (Islamic Republic of);2016;-0,81;Iran (Islamic Republic of)_2016
Iran (Islamic Republic of);2017;-0,93;Iran (Islamic Republic of)_2017
Iran (Islamic Republic of);2018;-1,31;Iran (Islamic Republic of)_2018
Iraq;2000;-1,74;Iraq_2000
Iraq;2002;-1,61;Iraq_2002
Iraq;2003;-2,39;Iraq_2003
Iraq;2004;-3,18;Iraq_2004
Iraq;2005;-2,69;Iraq_2005
Iraq;2006;-2,83;Iraq_2006
Iraq;2007;-2,77;Iraq_2007
Iraq;2008;-2,47;Iraq_2008
Iraq;2009;-2,18;Iraq_2009
Iraq;2010;-2,24;Iraq_2010
Iraq;2011;-1,85;Iraq_2011
Iraq;2012;-1,93;Iraq_2012
Iraq;2013;-2,01;Iraq_2013
Iraq;2014;-2,48;Iraq_2014
Iraq;2015;-2,26;Iraq_2015
Iraq;2016;-2,31;Iraq_2016
Iraq;2017;-2,31;Iraq_2017
Iraq;2018;-2,56;Iraq_2018
Ireland;2000;1,59;Ireland_2000
Ireland;2002;1,51;Ireland_2002
Ireland;2003;1,35;Ireland_2003
Ireland;2004;1,17;Ireland_2004
Ireland;2005;1,3;Ireland_2005
Ireland;2006;1,19;Ireland_2006
Ireland;2007;1,21;Ireland_2007
Ireland;2008;1,19;Ireland_2008
Ireland;2009;1,06;Ireland_2009
Ireland;2010;1,02;Ireland_2010
Ireland;2011;0,95;Ireland_2011
Ireland;2012;0,94;Ireland_2012
Ireland;2013;0,9;Ireland_2013
Ireland;2014;1,05;Ireland_2014
Ireland;2015;0,91;Ireland_2015
Ireland;2016;0,85;Ireland_2016
Ireland;2017;1,0;Ireland_2017
Ireland;2018;1,03;Ireland_2018
Israel;2000;-1,04;Israel_2000
Israel;2002;-1,46;Israel_2002
Israel;2003;-1,52;Israel_2003
Israel;2004;-1,32;Israel_2004
Israel;2005;-1,25;Israel_2005
Israel;2006;-1,26;Israel_2006
Israel;2007;-1,25;Israel_2007
Israel;2008;-1,32;Israel_2008
Israel;2009;-1,63;Israel_2009
Israel;2010;-1,34;Israel_2010
Israel;2011;-1,2;Israel_2011
Israel;2012;-1,08;Israel_2012
Israel;2013;-1,1;Israel_2013
Israel;2014;-1,04;Israel_2014
Israel;2015;-1,09;Israel_2015
Israel;2016;-0,79;Israel_2016
Israel;2017;-0,89;Israel_2017
Israel;2018;-0,93;Israel_2018
Italy;2000;0,92;Italy_2000
Italy;2002;0,84;Italy_2002
Italy;2003;0,43;Italy_2003
Italy;2004;0,27;Italy_2004
Italy;2005;0,49;Italy_2005
Italy;2006;0,53;Italy_2006
Italy;2007;0,45;Italy_2007
Italy;2008;0,55;Italy_2008
Italy;2009;0,35;Italy_2009
Italy;2010;0,47;Italy_2010
Italy;2011;0,5;Italy_2011
Italy;2012;0,51;Italy_2012
Italy;2013;0,5;Italy_2013
Italy;2014;0,46;Italy_2014
Italy;2015;0,38;Italy_2015
Italy;2016;0,37;Italy_2016
Italy;2017;0,31;Italy_2017
Italy;2018;0,31;Italy_2018
Jamaica;2000;0,19;Jamaica_2000
Jamaica;2002;-0,21;Jamaica_2002
Jamaica;2003;-0,38;Jamaica_2003
Jamaica;2004;-0,35;Jamaica_2004
Jamaica;2005;-0,3;Jamaica_2005
Jamaica;2006;-0,32;Jamaica_2006
Jamaica;2007;-0,25;Jamaica_2007
Jamaica;2008;-0,31;Jamaica_2008
Jamaica;2009;-0,36;Jamaica_2009
Jamaica;2010;-0,43;Jamaica_2010
Jamaica;2011;-0,06;Jamaica_2011
Jamaica;2012;0,12;Jamaica_2012
Jamaica;2013;0,18;Jamaica_2013
Jamaica;2014;0,02;Jamaica_2014
Jamaica;2015;0,1;Jamaica_2015
Jamaica;2016;0,31;Jamaica_2016
Jamaica;2017;0,31;Jamaica_2017
Jamaica;2018;0,49;Jamaica_2018
Japan;2000;1,2;Japan_2000
Japan;2002;1,18;Japan_2002
Japan;2003;1,03;Japan_2003
Japan;2004;1,03;Japan_2004
Japan;2005;1,04;Japan_2005
Japan;2006;1,14;Japan_2006
Japan;2007;1,01;Japan_2007
Japan;2008;0,89;Japan_2008
Japan;2009;0,98;Japan_2009
Japan;2010;0,88;Japan_2010
Japan;2011;1,0;Japan_2011
Japan;2012;0,95;Japan_2012
Japan;2013;1,02;Japan_2013
Japan;2014;0,97;Japan_2014
Japan;2015;1,07;Japan_2015
Japan;2016;0,98;Japan_2016
Japan;2017;1,11;Japan_2017
Japan;2018;1,06;Japan_2018
Jordan;2000;0,0;Jordan_2000
Jordan;2002;-0,46;Jordan_2002
Jordan;2003;-0,07;Jordan_2003
Jordan;2004;-0,23;Jordan_2004
Jordan;2005;-0,13;Jordan_2005
Jordan;2006;-0,76;Jordan_2006
Jordan;2007;-0,3;Jordan_2007
Jordan;2008;-0,37;Jordan_2008
Jordan;2009;-0,35;Jordan_2009
Jordan;2010;-0,31;Jordan_2010
Jordan;2011;-0,51;Jordan_2011
Jordan;2012;-0,52;Jordan_2012
Jordan;2013;-0,61;Jordan_2013
Jordan;2014;-0,54;Jordan_2014
Jordan;2015;-0,61;Jordan_2015
Jordan;2016;-0,49;Jordan_2016
Jordan;2017;-0,5;Jordan_2017
Jordan;2018;-0,38;Jordan_2018
Kazakhstan;2000;0,09;Kazakhstan_2000
Kazakhstan;2002;0,36;Kazakhstan_2002
Kazakhstan;2003;0,36;Kazakhstan_2003
Kazakhstan;2004;0,07;Kazakhstan_2004
Kazakhstan;2005;0,19;Kazakhstan_2005
Kazakhstan;2006;0,21;Kazakhstan_2006
Kazakhstan;2007;0,65;Kazakhstan_2007
Kazakhstan;2008;0,62;Kazakhstan_2008
Kazakhstan;2009;0,78;Kazakhstan_2009
Kazakhstan;2010;0,52;Kazakhstan_2010
Kazakhstan;2011;-0,34;Kazakhstan_2011
Kazakhstan;2012;-0,41;Kazakhstan_2012
Kazakhstan;2013;-0,4;Kazakhstan_2013
Kazakhstan;2014;0,04;Kazakhstan_2014
Kazakhstan;2015;-0,04;Kazakhstan_2015
Kazakhstan;2016;0,01;Kazakhstan_2016
Kazakhstan;2017;0,04;Kazakhstan_2017
Kazakhstan;2018;0,0;Kazakhstan_2018
Kenya;2000;-1,07;Kenya_2000
Kenya;2002;-1,19;Kenya_2002
Kenya;2003;-1,26;Kenya_2003
Kenya;2004;-1,09;Kenya_2004
Kenya;2005;-1,25;Kenya_2005
Kenya;2006;-1,13;Kenya_2006
Kenya;2007;-1,3;Kenya_2007
Kenya;2008;-1,39;Kenya_2008
Kenya;2009;-1,43;Kenya_2009
Kenya;2010;-1,17;Kenya_2010
Kenya;2011;-1,24;Kenya_2011
Kenya;2012;-1,32;Kenya_2012
Kenya;2013;-1,17;Kenya_2013
Kenya;2014;-1,28;Kenya_2014
Kenya;2015;-1,24;Kenya_2015
Kenya;2016;-1,35;Kenya_2016
Kenya;2017;-1,13;Kenya_2017
Kenya;2018;-1,16;Kenya_2018
Kiribati;2003;1,17;Kiribati_2003
Kiribati;2004;1,16;Kiribati_2004
Kiribati;2005;1,38;Kiribati_2005
Kiribati;2006;1,35;Kiribati_2006
Kiribati;2007;1,34;Kiribati_2007
Kiribati;2008;1,34;Kiribati_2008
Kiribati;2009;1,4;Kiribati_2009
Kiribati;2010;1,42;Kiribati_2010
Kiribati;2011;1,3;Kiribati_2011
Kiribati;2012;1,29;Kiribati_2012
Kiribati;2013;1,28;Kiribati_2013
Kiribati;2014;0,8;Kiribati_2014
Kiribati;2015;0,84;Kiribati_2015
Kiribati;2016;0,87;Kiribati_2016
Kiribati;2017;0,88;Kiribati_2017
Kiribati;2018;1,03;Kiribati_2018
Kuwait;2000;0,75;Kuwait_2000
Kuwait;2002;-0,15;Kuwait_2002
Kuwait;2003;0,29;Kuwait_2003
Kuwait;2004;0,34;Kuwait_2004
Kuwait;2005;0,25;Kuwait_2005
Kuwait;2006;0,41;Kuwait_2006
Kuwait;2007;0,62;Kuwait_2007
Kuwait;2008;0,5;Kuwait_2008
Kuwait;2009;0,35;Kuwait_2009
Kuwait;2010;0,45;Kuwait_2010
Kuwait;2011;0,31;Kuwait_2011
Kuwait;2012;0,2;Kuwait_2012
Kuwait;2013;0,17;Kuwait_2013
Kuwait;2014;0,15;Kuwait_2014
Kuwait;2015;-0,21;Kuwait_2015
Kuwait;2016;-0,05;Kuwait_2016
Kuwait;2017;-0,05;Kuwait_2017
Kuwait;2018;0,11;Kuwait_2018
Kyrgyzstan;2000;-0,18;Kyrgyzstan_2000
Kyrgyzstan;2002;-0,61;Kyrgyzstan_2002
Kyrgyzstan;2003;-1,1;Kyrgyzstan_2003
Kyrgyzstan;2004;-1,18;Kyrgyzstan_2004
Kyrgyzstan;2005;-1,18;Kyrgyzstan_2005
Kyrgyzstan;2006;-1,39;Kyrgyzstan_2006
Kyrgyzstan;2007;-0,99;Kyrgyzstan_2007
Kyrgyzstan;2008;-0,57;Kyrgyzstan_2008
Kyrgyzstan;2009;-0,62;Kyrgyzstan_2009
Kyrgyzstan;2010;-1,04;Kyrgyzstan_2010
Kyrgyzstan;2011;-1,1;Kyrgyzstan_2011
Kyrgyzstan;2012;-0,91;Kyrgyzstan_2012
Kyrgyzstan;2013;-0,91;Kyrgyzstan_2013
Kyrgyzstan;2014;-0,8;Kyrgyzstan_2014
Kyrgyzstan;2015;-0,88;Kyrgyzstan_2015
Kyrgyzstan;2016;-0,65;Kyrgyzstan_2016
Kyrgyzstan;2017;-0,43;Kyrgyzstan_2017
Kyrgyzstan;2018;-0,58;Kyrgyzstan_2018
Lao People's Democratic Republic;2000;-0,58;Lao People's Democratic Republic_2000
Lao People's Democratic Republic;2002;-0,1;Lao People's Democratic Republic_2002
Lao People's Democratic Republic;2003;-1,23;Lao People's Democratic Republic_2003
Lao People's Democratic Republic;2004;-0,61;Lao People's Democratic Republic_2004
Lao People's Democratic Republic;2005;-0,49;Lao People's Democratic Republic_2005
Lao People's Democratic Republic;2006;-0,09;Lao People's Democratic Republic_2006
Lao People's Democratic Republic;2007;-0,18;Lao People's Democratic Republic_2007
Lao People's Democratic Republic;2008;0,02;Lao People's Democratic Republic_2008
Lao People's Democratic Republic;2009;-0,16;Lao People's Democratic Republic_2009
Lao People's Democratic Republic;2010;-0,28;Lao People's Democratic Republic_2010
Lao People's Democratic Republic;2011;-0,06;Lao People's Democratic Republic_2011
Lao People's Democratic Republic;2012;0,03;Lao People's Democratic Republic_2012
Lao People's Democratic Republic;2013;0,07;Lao People's Democratic Republic_2013
Lao People's Democratic Republic;2014;0,5;Lao People's Democratic Republic_2014
Lao People's Democratic Republic;2015;0,54;Lao People's Democratic Republic_2015
Lao People's Democratic Republic;2016;0,53;Lao People's Democratic Republic_2016
Lao People's Democratic Republic;2017;0,4;Lao People's Democratic Republic_2017
Lao People's Democratic Republic;2018;0,42;Lao People's Democratic Republic_2018
Latvia;2000;0,42;Latvia_2000
Latvia;2002;0,94;Latvia_2002
Latvia;2003;1,0;Latvia_2003
Latvia;2004;0,62;Latvia_2004
Latvia;2005;0,81;Latvia_2005
Latvia;2006;0,84;Latvia_2006
Latvia;2007;0,56;Latvia_2007
Latvia;2008;0,2;Latvia_2008
Latvia;2009;0,35;Latvia_2009
Latvia;2010;0,53;Latvia_2010
Latvia;2011;0,32;Latvia_2011
Latvia;2012;0,45;Latvia_2012
Latvia;2013;0,59;Latvia_2013
Latvia;2014;0,49;Latvia_2014
Latvia;2015;0,44;Latvia_2015
Latvia;2016;0,48;Latvia_2016
Latvia;2017;0,46;Latvia_2017
Latvia;2018;0,42;Latvia_2018
Lebanon;2000;-0,44;Lebanon_2000
Lebanon;2002;-0,36;Lebanon_2002
Lebanon;2003;-0,46;Lebanon_2003
Lebanon;2004;-0,71;Lebanon_2004
Lebanon;2005;-1,0;Lebanon_2005
Lebanon;2006;-1,81;Lebanon_2006
Lebanon;2007;-2,12;Lebanon_2007
Lebanon;2008;-1,88;Lebanon_2008
Lebanon;2009;-1,56;Lebanon_2009
Lebanon;2010;-1,63;Lebanon_2010
Lebanon;2011;-1,56;Lebanon_2011
Lebanon;2012;-1,66;Lebanon_2012
Lebanon;2013;-1,69;Lebanon_2013
Lebanon;2014;-1,7;Lebanon_2014
Lebanon;2015;-1,7;Lebanon_2015
Lebanon;2016;-1,62;Lebanon_2016
Lebanon;2017;-1,63;Lebanon_2017
Lebanon;2018;-1,64;Lebanon_2018
Lesotho;2000;0,1;Lesotho_2000
Lesotho;2002;-0,05;Lesotho_2002
Lesotho;2003;0,1;Lesotho_2003
Lesotho;2004;0,36;Lesotho_2004
Lesotho;2005;0,0;Lesotho_2005
Lesotho;2006;-0,13;Lesotho_2006
Lesotho;2007;-0,39;Lesotho_2007
Lesotho;2008;-0,21;Lesotho_2008
Lesotho;2009;0,33;Lesotho_2009
Lesotho;2010;0,46;Lesotho_2010
Lesotho;2011;0,38;Lesotho_2011
Lesotho;2012;0,27;Lesotho_2012
Lesotho;2013;0,34;Lesotho_2013
Lesotho;2014;-0,33;Lesotho_2014
Lesotho;2015;-0,31;Lesotho_2015
Lesotho;2016;-0,24;Lesotho_2016
Lesotho;2017;-0,19;Lesotho_2017
Lesotho;2018;-0,22;Lesotho_2018
Liberia;2000;-1,95;Liberia_2000
Liberia;2002;-2,19;Liberia_2002
Liberia;2003;-2,16;Liberia_2003
Liberia;2004;-1,37;Liberia_2004
Liberia;2005;-1,36;Liberia_2005
Liberia;2006;-1,33;Liberia_2006
Liberia;2007;-1,24;Liberia_2007
Liberia;2008;-1,29;Liberia_2008
Liberia;2009;-1,05;Liberia_2009
Liberia;2010;-0,47;Liberia_2010
Liberia;2011;-0,43;Liberia_2011
Liberia;2012;-0,48;Liberia_2012
Liberia;2013;-0,48;Liberia_2013
Liberia;2014;-0,62;Liberia_2014
Liberia;2015;-0,82;Liberia_2015
Liberia;2016;-0,44;Liberia_2016
Liberia;2017;-0,36;Liberia_2017
Liberia;2018;-0,19;Liberia_2018
Libya;2000;-0,3;Libya_2000
Libya;2002;-0,1;Libya_2002
Libya;2003;0,12;Libya_2003
Libya;2004;0,36;Libya_2004
Libya;2005;0,45;Libya_2005
Libya;2006;0,36;Libya_2006
Libya;2007;0,75;Libya_2007
Libya;2008;0,81;Libya_2008
Libya;2009;0,83;Libya_2009
Libya;2010;0,03;Libya_2010
Libya;2011;-1,29;Libya_2011
Libya;2012;-1,59;Libya_2012
Libya;2013;-1,84;Libya_2013
Libya;2014;-2,35;Libya_2014
Libya;2015;-2,2;Libya_2015
Libya;2016;-2,28;Libya_2016
Libya;2017;-2,36;Libya_2017
Libya;2018;-2,44;Libya_2018
Lithuania;2000;0,42;Lithuania_2000
Lithuania;2002;0,89;Lithuania_2002
Lithuania;2003;1,05;Lithuania_2003
Lithuania;2004;0,77;Lithuania_2004
Lithuania;2005;0,78;Lithuania_2005
Lithuania;2006;0,87;Lithuania_2006
Lithuania;2007;0,82;Lithuania_2007
Lithuania;2008;0,75;Lithuania_2008
Lithuania;2009;0,63;Lithuania_2009
Lithuania;2010;0,72;Lithuania_2010
Lithuania;2011;0,67;Lithuania_2011
Lithuania;2012;0,79;Lithuania_2012
Lithuania;2013;0,96;Lithuania_2013
Lithuania;2014;0,74;Lithuania_2014
Lithuania;2015;0,76;Lithuania_2015
Lithuania;2016;0,83;Lithuania_2016
Lithuania;2017;0,78;Lithuania_2017
Lithuania;2018;0,75;Lithuania_2018
Luxembourg;2000;1,61;Luxembourg_2000
Luxembourg;2002;1,64;Luxembourg_2002
Luxembourg;2003;1,44;Luxembourg_2003
Luxembourg;2004;1,32;Luxembourg_2004
Luxembourg;2005;1,33;Luxembourg_2005
Luxembourg;2006;1,4;Luxembourg_2006
Luxembourg;2007;1,48;Luxembourg_2007
Luxembourg;2008;1,51;Luxembourg_2008
Luxembourg;2009;1,45;Luxembourg_2009
Luxembourg;2010;1,46;Luxembourg_2010
Luxembourg;2011;1,32;Luxembourg_2011
Luxembourg;2012;1,33;Luxembourg_2012
Luxembourg;2013;1,34;Luxembourg_2013
Luxembourg;2014;1,38;Luxembourg_2014
Luxembourg;2015;1,44;Luxembourg_2015
Luxembourg;2016;1,42;Luxembourg_2016
Luxembourg;2017;1,33;Luxembourg_2017
Luxembourg;2018;1,37;Luxembourg_2018
Madagascar;2000;0,16;Madagascar_2000
Madagascar;2002;-0,23;Madagascar_2002
Madagascar;2003;0,62;Madagascar_2003
Madagascar;2004;0,24;Madagascar_2004
Madagascar;2005;-0,02;Madagascar_2005
Madagascar;2006;0,18;Madagascar_2006
Madagascar;2007;0,09;Madagascar_2007
Madagascar;2008;-0,47;Madagascar_2008
Madagascar;2009;-0,73;Madagascar_2009
Madagascar;2010;-0,98;Madagascar_2010
Madagascar;2011;-0,71;Madagascar_2011
Madagascar;2012;-0,54;Madagascar_2012
Madagascar;2013;-0,66;Madagascar_2013
Madagascar;2014;-0,56;Madagascar_2014
Madagascar;2015;-0,43;Madagascar_2015
Madagascar;2016;-0,29;Madagascar_2016
Madagascar;2017;-0,3;Madagascar_2017
Madagascar;2018;-0,52;Madagascar_2018
Malawi;2000;-0,33;Malawi_2000
Malawi;2002;0,0;Malawi_2002
Malawi;2003;0,04;Malawi_2003
Malawi;2004;0,12;Malawi_2004
Malawi;2005;0,1;Malawi_2005
Malawi;2006;0,12;Malawi_2006
Malawi;2007;0,08;Malawi_2007
Malawi;2008;-0,06;Malawi_2008
Malawi;2009;0,05;Malawi_2009
Malawi;2010;0,04;Malawi_2010
Malawi;2011;-0,07;Malawi_2011
Malawi;2012;0,0;Malawi_2012
Malawi;2013;-0,21;Malawi_2013
Malawi;2014;0,08;Malawi_2014
Malawi;2015;0,03;Malawi_2015
Malawi;2016;-0,11;Malawi_2016
Malawi;2017;-0,25;Malawi_2017
Malawi;2018;-0,33;Malawi_2018
Malaysia;2000;0,09;Malaysia_2000
Malaysia;2002;0,54;Malaysia_2002
Malaysia;2003;0,49;Malaysia_2003
Malaysia;2004;0,35;Malaysia_2004
Malaysia;2005;0,56;Malaysia_2005
Malaysia;2006;0,29;Malaysia_2006
Malaysia;2007;0,19;Malaysia_2007
Malaysia;2008;0,11;Malaysia_2008
Malaysia;2009;-0,04;Malaysia_2009
Malaysia;2010;0,14;Malaysia_2010
Malaysia;2011;0,08;Malaysia_2011
Malaysia;2012;-0,01;Malaysia_2012
Malaysia;2013;0,05;Malaysia_2013
Malaysia;2014;0,27;Malaysia_2014
Malaysia;2015;0,26;Malaysia_2015
Malaysia;2016;0,14;Malaysia_2016
Malaysia;2017;0,12;Malaysia_2017
Malaysia;2018;0,24;Malaysia_2018
Maldives;2000;1,18;Maldives_2000
Maldives;2002;1,08;Maldives_2002
Maldives;2003;1,03;Maldives_2003
Maldives;2004;0,5;Maldives_2004
Maldives;2005;0,81;Maldives_2005
Maldives;2006;0,76;Maldives_2006
Maldives;2007;0,08;Maldives_2007
Maldives;2008;-0,16;Maldives_2008
Maldives;2009;-0,23;Maldives_2009
Maldives;2010;-0,17;Maldives_2010
Maldives;2011;-0,24;Maldives_2011
Maldives;2012;-0,37;Maldives_2012
Maldives;2013;0,13;Maldives_2013
Maldives;2014;0,68;Maldives_2014
Maldives;2015;0,42;Maldives_2015
Maldives;2016;0,42;Maldives_2016
Maldives;2017;0,23;Maldives_2017
Maldives;2018;0,1;Maldives_2018
Mali;2000;0,24;Mali_2000
Mali;2002;0,41;Mali_2002
Mali;2003;0,26;Mali_2003
Mali;2004;0,45;Mali_2004
Mali;2005;0,18;Mali_2005
Mali;2006;0,41;Mali_2006
Mali;2007;0,23;Mali_2007
Mali;2008;0,21;Mali_2008
Mali;2009;-0,08;Mali_2009
Mali;2010;-0,18;Mali_2010
Mali;2011;-0,71;Mali_2011
Mali;2012;-2,03;Mali_2012
Mali;2013;-1,72;Mali_2013
Mali;2014;-1,71;Mali_2014
Mali;2015;-1,69;Mali_2015
Mali;2016;-1,62;Mali_2016
Mali;2017;-1,91;Mali_2017
Mali;2018;-2,05;Mali_2018
Malta;2000;1,59;Malta_2000
Malta;2002;1,6;Malta_2002
Malta;2003;1,55;Malta_2003
Malta;2004;1,32;Malta_2004
Malta;2005;1,38;Malta_2005
Malta;2006;1,23;Malta_2006
Malta;2007;1,27;Malta_2007
Malta;2008;1,27;Malta_2008
Malta;2009;1,25;Malta_2009
Malta;2010;1,25;Malta_2010
Malta;2011;1,06;Malta_2011
Malta;2012;1,07;Malta_2012
Malta;2013;1,04;Malta_2013
Malta;2014;1,13;Malta_2014
Malta;2015;1,06;Malta_2015
Malta;2016;1,08;Malta_2016
Malta;2017;1,25;Malta_2017
Malta;2018;1,29;Malta_2018
Marshall Islands;2003;1,17;Marshall Islands_2003
Marshall Islands;2004;1,13;Marshall Islands_2004
Marshall Islands;2005;1,07;Marshall Islands_2005
Marshall Islands;2006;1,04;Marshall Islands_2006
Marshall Islands;2007;1,08;Marshall Islands_2007
Marshall Islands;2008;1,01;Marshall Islands_2008
Marshall Islands;2009;1,38;Marshall Islands_2009
Marshall Islands;2010;1,15;Marshall Islands_2010
Marshall Islands;2011;1,06;Marshall Islands_2011
Marshall Islands;2012;1,03;Marshall Islands_2012
Marshall Islands;2013;1,05;Marshall Islands_2013
Marshall Islands;2014;0,99;Marshall Islands_2014
Marshall Islands;2015;0,92;Marshall Islands_2015
Marshall Islands;2016;0,21;Marshall Islands_2016
Marshall Islands;2017;0,87;Marshall Islands_2017
Marshall Islands;2018;0,86;Marshall Islands_2018
Mauritania;2000;0,34;Mauritania_2000
Mauritania;2002;0,38;Mauritania_2002
Mauritania;2003;0,06;Mauritania_2003
Mauritania;2004;-0,17;Mauritania_2004
Mauritania;2005;-0,23;Mauritania_2005
Mauritania;2006;0,24;Mauritania_2006
Mauritania;2007;-0,28;Mauritania_2007
Mauritania;2008;-0,64;Mauritania_2008
Mauritania;2009;-0,88;Mauritania_2009
Mauritania;2010;-1,08;Mauritania_2010
Mauritania;2011;-1,17;Mauritania_2011
Mauritania;2012;-1,13;Mauritania_2012
Mauritania;2013;-1,01;Mauritania_2013
Mauritania;2014;-0,59;Mauritania_2014
Mauritania;2015;-0,64;Mauritania_2015
Mauritania;2016;-0,75;Mauritania_2016
Mauritania;2017;-0,63;Mauritania_2017
Mauritania;2018;-0,67;Mauritania_2018
Mauritius;2000;0,76;Mauritius_2000
Mauritius;2002;1,12;Mauritius_2002
Mauritius;2003;1,01;Mauritius_2003
Mauritius;2004;0,97;Mauritius_2004
Mauritius;2005;1,03;Mauritius_2005
Mauritius;2006;0,78;Mauritius_2006
Mauritius;2007;0,88;Mauritius_2007
Mauritius;2008;0,89;Mauritius_2008
Mauritius;2009;0,71;Mauritius_2009
Mauritius;2010;0,64;Mauritius_2010
Mauritius;2011;0,95;Mauritius_2011
Mauritius;2012;0,97;Mauritius_2012
Mauritius;2013;0,94;Mauritius_2013
Mauritius;2014;0,67;Mauritius_2014
Mauritius;2015;1,0;Mauritius_2015
Mauritius;2016;1,01;Mauritius_2016
Mauritius;2017;0,97;Mauritius_2017
Mauritius;2018;0,87;Mauritius_2018
Mexico;2000;-0,2;Mexico_2000
Mexico;2002;-0,06;Mexico_2002
Mexico;2003;-0,12;Mexico_2003
Mexico;2004;-0,21;Mexico_2004
Mexico;2005;-0,45;Mexico_2005
Mexico;2006;-0,64;Mexico_2006
Mexico;2007;-0,73;Mexico_2007
Mexico;2008;-0,8;Mexico_2008
Mexico;2009;-0,69;Mexico_2009
Mexico;2010;-0,73;Mexico_2010
Mexico;2011;-0,67;Mexico_2011
Mexico;2012;-0,66;Mexico_2012
Mexico;2013;-0,71;Mexico_2013
Mexico;2014;-0,85;Mexico_2014
Mexico;2015;-0,8;Mexico_2015
Mexico;2016;-0,63;Mexico_2016
Mexico;2017;-0,72;Mexico_2017
Mexico;2018;-0,57;Mexico_2018
Micronesia (Federated States of);2003;0,63;Micronesia (Federated States of)_2003
Micronesia (Federated States of);2004;1,0;Micronesia (Federated States of)_2004
Micronesia (Federated States of);2005;1,13;Micronesia (Federated States of)_2005
Micronesia (Federated States of);2006;1,13;Micronesia (Federated States of)_2006
Micronesia (Federated States of);2007;1,15;Micronesia (Federated States of)_2007
Micronesia (Federated States of);2008;1,17;Micronesia (Federated States of)_2008
Micronesia (Federated States of);2009;1,29;Micronesia (Federated States of)_2009
Micronesia (Federated States of);2010;1,21;Micronesia (Federated States of)_2010
Micronesia (Federated States of);2011;1,1;Micronesia (Federated States of)_2011
Micronesia (Federated States of);2012;1,15;Micronesia (Federated States of)_2012
Micronesia (Federated States of);2013;1,1;Micronesia (Federated States of)_2013
Micronesia (Federated States of);2014;0,98;Micronesia (Federated States of)_2014
Micronesia (Federated States of);2015;1,04;Micronesia (Federated States of)_2015
Micronesia (Federated States of);2016;1,06;Micronesia (Federated States of)_2016
Micronesia (Federated States of);2017;1,18;Micronesia (Federated States of)_2017
Micronesia (Federated States of);2018;1,34;Micronesia (Federated States of)_2018
Mongolia;2000;0,82;Mongolia_2000
Mongolia;2002;1,17;Mongolia_2002
Mongolia;2003;0,96;Mongolia_2003
Mongolia;2004;0,77;Mongolia_2004
Mongolia;2005;0,88;Mongolia_2005
Mongolia;2006;0,65;Mongolia_2006
Mongolia;2007;0,67;Mongolia_2007
Mongolia;2008;0,54;Mongolia_2008
Mongolia;2009;0,61;Mongolia_2009
Mongolia;2010;0,6;Mongolia_2010
Mongolia;2011;0,61;Mongolia_2011
Mongolia;2012;0,47;Mongolia_2012
Mongolia;2013;0,49;Mongolia_2013
Mongolia;2014;0,79;Mongolia_2014
Mongolia;2015;0,72;Mongolia_2015
Mongolia;2016;0,8;Mongolia_2016
Mongolia;2017;0,79;Mongolia_2017
Mongolia;2018;0,79;Mongolia_2018
Montenegro;2006;0,04;Montenegro_2006
Montenegro;2007;0,11;Montenegro_2007
Montenegro;2008;0,77;Montenegro_2008
Montenegro;2009;0,82;Montenegro_2009
Montenegro;2010;0,58;Montenegro_2010
Montenegro;2011;0,57;Montenegro_2011
Montenegro;2012;0,6;Montenegro_2012
Montenegro;2013;0,5;Montenegro_2013
Montenegro;2014;0,22;Montenegro_2014
Montenegro;2015;0,14;Montenegro_2015
Montenegro;2016;0,28;Montenegro_2016
Montenegro;2017;-0,06;Montenegro_2017
Montenegro;2018;0,11;Montenegro_2018
Morocco;2000;-0,07;Morocco_2000
Morocco;2002;-0,26;Morocco_2002
Morocco;2003;-0,41;Morocco_2003
Morocco;2004;-0,31;Morocco_2004
Morocco;2005;-0,56;Morocco_2005
Morocco;2006;-0,46;Morocco_2006
Morocco;2007;-0,5;Morocco_2007
Morocco;2008;-0,57;Morocco_2008
Morocco;2009;-0,4;Morocco_2009
Morocco;2010;-0,38;Morocco_2010
Morocco;2011;-0,39;Morocco_2011
Morocco;2012;-0,47;Morocco_2012
Morocco;2013;-0,49;Morocco_2013
Morocco;2014;-0,45;Morocco_2014
Morocco;2015;-0,34;Morocco_2015
Morocco;2016;-0,31;Morocco_2016
Morocco;2017;-0,37;Morocco_2017
Morocco;2018;-0,33;Morocco_2018
Mozambique;2000;-0,13;Mozambique_2000
Mozambique;2002;0,19;Mozambique_2002
Mozambique;2003;0,25;Mozambique_2003
Mozambique;2004;0,0;Mozambique_2004
Mozambique;2005;0,12;Mozambique_2005
Mozambique;2006;0,52;Mozambique_2006
Mozambique;2007;0,36;Mozambique_2007
Mozambique;2008;0,38;Mozambique_2008
Mozambique;2009;0,63;Mozambique_2009
Mozambique;2010;0,39;Mozambique_2010
Mozambique;2011;0,33;Mozambique_2011
Mozambique;2012;0,39;Mozambique_2012
Mozambique;2013;-0,23;Mozambique_2013
Mozambique;2014;-0,34;Mozambique_2014
Mozambique;2015;-0,51;Mozambique_2015
Mozambique;2016;-1,09;Mozambique_2016
Mozambique;2017;-0,93;Mozambique_2017
Mozambique;2018;-0,78;Mozambique_2018
Myanmar;2000;-1,67;Myanmar_2000
Myanmar;2002;-1,41;Myanmar_2002
Myanmar;2003;-1,15;Myanmar_2003
Myanmar;2004;-0,99;Myanmar_2004
Myanmar;2005;-0,9;Myanmar_2005
Myanmar;2006;-0,85;Myanmar_2006
Myanmar;2007;-1,06;Myanmar_2007
Myanmar;2008;-1,09;Myanmar_2008
Myanmar;2009;-1,29;Myanmar_2009
Myanmar;2010;-1,29;Myanmar_2010
Myanmar;2011;-1,11;Myanmar_2011
Myanmar;2012;-0,94;Myanmar_2012
Myanmar;2013;-1,14;Myanmar_2013
Myanmar;2014;-1,09;Myanmar_2014
Myanmar;2015;-1,17;Myanmar_2015
Myanmar;2016;-0,8;Myanmar_2016
Myanmar;2017;-1,08;Myanmar_2017
Myanmar;2018;-1,31;Myanmar_2018
Namibia;2000;-0,25;Namibia_2000
Namibia;2002;0,15;Namibia_2002
Namibia;2003;0,48;Namibia_2003
Namibia;2004;0,66;Namibia_2004
Namibia;2005;0,63;Namibia_2005
Namibia;2006;0,78;Namibia_2006
Namibia;2007;1,02;Namibia_2007
Namibia;2008;1,2;Namibia_2008
Namibia;2009;0,93;Namibia_2009
Namibia;2010;0,85;Namibia_2010
Namibia;2011;0,91;Namibia_2011
Namibia;2012;0,98;Namibia_2012
Namibia;2013;0,96;Namibia_2013
Namibia;2014;0,61;Namibia_2014
Namibia;2015;0,73;Namibia_2015
Namibia;2016;0,71;Namibia_2016
Namibia;2017;0,63;Namibia_2017
Namibia;2018;0,65;Namibia_2018
Nauru;2003;1,17;Nauru_2003
Nauru;2004;1,13;Nauru_2004
Nauru;2005;1,07;Nauru_2005
Nauru;2006;1,04;Nauru_2006
Nauru;2007;1,08;Nauru_2007
Nauru;2008;1,01;Nauru_2008
Nauru;2009;1,38;Nauru_2009
Nauru;2010;1,45;Nauru_2010
Nauru;2011;1,06;Nauru_2011
Nauru;2012;1,03;Nauru_2012
Nauru;2013;1,05;Nauru_2013
Nauru;2014;0,6;Nauru_2014
Nauru;2015;0,54;Nauru_2015
Nauru;2016;0,58;Nauru_2016
Nauru;2017;0,52;Nauru_2017
Nauru;2018;0,51;Nauru_2018
Nepal;2000;-1,17;Nepal_2000
Nepal;2002;-1,72;Nepal_2002
Nepal;2003;-1,89;Nepal_2003
Nepal;2004;-2,15;Nepal_2004
Nepal;2005;-2,1;Nepal_2005
Nepal;2006;-1,89;Nepal_2006
Nepal;2007;-1,88;Nepal_2007
Nepal;2008;-1,83;Nepal_2008
Nepal;2009;-1,62;Nepal_2009
Nepal;2010;-1,58;Nepal_2010
Nepal;2011;-1,42;Nepal_2011
Nepal;2012;-1,38;Nepal_2012
Nepal;2013;-1,13;Nepal_2013
Nepal;2014;-0,72;Nepal_2014
Nepal;2015;-1,0;Nepal_2015
Nepal;2016;-0,85;Nepal_2016
Nepal;2017;-0,69;Nepal_2017
Nepal;2018;-0,63;Nepal_2018
Netherlands;2000;1,76;Netherlands_2000
Netherlands;2002;1,31;Netherlands_2002
Netherlands;2003;1,16;Netherlands_2003
Netherlands;2004;1,02;Netherlands_2004
Netherlands;2005;0,99;Netherlands_2005
Netherlands;2006;0,9;Netherlands_2006
Netherlands;2007;0,78;Netherlands_2007
Netherlands;2008;0,87;Netherlands_2008
Netherlands;2009;0,94;Netherlands_2009
Netherlands;2010;0,94;Netherlands_2010
Netherlands;2011;1,11;Netherlands_2011
Netherlands;2012;1,19;Netherlands_2012
Netherlands;2013;1,14;Netherlands_2013
Netherlands;2014;1,05;Netherlands_2014
Netherlands;2015;0,93;Netherlands_2015
Netherlands;2016;0,91;Netherlands_2016
Netherlands;2017;0,92;Netherlands_2017
Netherlands;2018;0,87;Netherlands_2018
New Zealand;2000;1,36;New Zealand_2000
New Zealand;2002;1,32;New Zealand_2002
New Zealand;2003;1,19;New Zealand_2003
New Zealand;2004;1,5;New Zealand_2004
New Zealand;2005;1,25;New Zealand_2005
New Zealand;2006;1,26;New Zealand_2006
New Zealand;2007;1,24;New Zealand_2007
New Zealand;2008;1,16;New Zealand_2008
New Zealand;2009;1,07;New Zealand_2009
New Zealand;2010;1,24;New Zealand_2010
New Zealand;2011;1,38;New Zealand_2011
New Zealand;2012;1,36;New Zealand_2012
New Zealand;2013;1,45;New Zealand_2013
New Zealand;2014;1,47;New Zealand_2014
New Zealand;2015;1,53;New Zealand_2015
New Zealand;2016;1,52;New Zealand_2016
New Zealand;2017;1,59;New Zealand_2017
New Zealand;2018;1,54;New Zealand_2018
Nicaragua;2000;-0,06;Nicaragua_2000
Nicaragua;2002;-0,09;Nicaragua_2002
Nicaragua;2003;-0,37;Nicaragua_2003
Nicaragua;2004;-0,34;Nicaragua_2004
Nicaragua;2005;-0,34;Nicaragua_2005
Nicaragua;2006;-0,27;Nicaragua_2006
Nicaragua;2007;-0,12;Nicaragua_2007
Nicaragua;2008;-0,22;Nicaragua_2008
Nicaragua;2009;-0,31;Nicaragua_2009
Nicaragua;2010;-0,5;Nicaragua_2010
Nicaragua;2011;-0,27;Nicaragua_2011
Nicaragua;2012;-0,35;Nicaragua_2012
Nicaragua;2013;-0,25;Nicaragua_2013
Nicaragua;2014;-0,04;Nicaragua_2014
Nicaragua;2015;-0,09;Nicaragua_2015
Nicaragua;2016;-0,09;Nicaragua_2016
Nicaragua;2017;-0,05;Nicaragua_2017
Nicaragua;2018;-0,8;Nicaragua_2018
Niger;2000;0,12;Niger_2000
Niger;2002;-0,13;Niger_2002
Niger;2003;0,04;Niger_2003
Niger;2004;-0,51;Niger_2004
Niger;2005;-0,49;Niger_2005
Niger;2006;-0,23;Niger_2006
Niger;2007;-0,46;Niger_2007
Niger;2008;-0,67;Niger_2008
Niger;2009;-1,15;Niger_2009
Niger;2010;-1,16;Niger_2010
Niger;2011;-0,88;Niger_2011
Niger;2012;-1,15;Niger_2012
Niger;2013;-1,32;Niger_2013
Niger;2014;-1,18;Niger_2014
Niger;2015;-1,07;Niger_2015
Niger;2016;-1,1;Niger_2016
Niger;2017;-1,27;Niger_2017
Niger;2018;-1,26;Niger_2018
Nigeria;2000;-1,46;Nigeria_2000
Nigeria;2002;-1,63;Nigeria_2002
Nigeria;2003;-1,63;Nigeria_2003
Nigeria;2004;-1,75;Nigeria_2004
Nigeria;2005;-1,67;Nigeria_2005
Nigeria;2006;-2,03;Nigeria_2006
Nigeria;2007;-2,01;Nigeria_2007
Nigeria;2008;-1,86;Nigeria_2008
Nigeria;2009;-2,0;Nigeria_2009
Nigeria;2010;-2,21;Nigeria_2010
Nigeria;2011;-1,96;Nigeria_2011
Nigeria;2012;-2,04;Nigeria_2012
Nigeria;2013;-2,09;Nigeria_2013
Nigeria;2014;-2,13;Nigeria_2014
Nigeria;2015;-1,93;Nigeria_2015
Nigeria;2016;-1,88;Nigeria_2016
Nigeria;2017;-2,0;Nigeria_2017
Nigeria;2018;-2,19;Nigeria_2018
Niue;2009;1,14;Niue_2009
Niue;2010;1,32;Niue_2010
North Macedonia;2000;-0,62;North Macedonia_2000
North Macedonia;2002;-1,04;North Macedonia_2002
North Macedonia;2003;-0,99;North Macedonia_2003
North Macedonia;2004;-0,85;North Macedonia_2004
North Macedonia;2005;-1,16;North Macedonia_2005
North Macedonia;2006;-0,74;North Macedonia_2006
North Macedonia;2007;-0,43;North Macedonia_2007
North Macedonia;2008;-0,3;North Macedonia_2008
North Macedonia;2009;-0,3;North Macedonia_2009
North Macedonia;2010;-0,52;North Macedonia_2010
North Macedonia;2011;-0,62;North Macedonia_2011
North Macedonia;2012;-0,49;North Macedonia_2012
North Macedonia;2013;-0,42;North Macedonia_2013
North Macedonia;2014;0,26;North Macedonia_2014
North Macedonia;2015;-0,29;North Macedonia_2015
North Macedonia;2016;-0,35;North Macedonia_2016
North Macedonia;2017;-0,25;North Macedonia_2017
North Macedonia;2018;-0,2;North Macedonia_2018
Norway;2000;1,53;Norway_2000
Norway;2002;1,61;Norway_2002
Norway;2003;1,21;Norway_2003
Norway;2004;1,2;Norway_2004
Norway;2005;1,3;Norway_2005
Norway;2006;1,25;Norway_2006
Norway;2007;1,15;Norway_2007
Norway;2008;1,29;Norway_2008
Norway;2009;1,28;Norway_2009
Norway;2010;1,33;Norway_2010
Norway;2011;1,34;Norway_2011
Norway;2012;1,33;Norway_2012
Norway;2013;1,35;Norway_2013
Norway;2014;1,12;Norway_2014
Norway;2015;1,16;Norway_2015
Norway;2016;1,2;Norway_2016
Norway;2017;1,17;Norway_2017
Norway;2018;1,15;Norway_2018
Oman;2000;1,12;Oman_2000
Oman;2002;0,93;Oman_2002
Oman;2003;1,06;Oman_2003
Oman;2004;1,12;Oman_2004
Oman;2005;0,95;Oman_2005
Oman;2006;0,84;Oman_2006
Oman;2007;0,94;Oman_2007
Oman;2008;0,92;Oman_2008
Oman;2009;0,83;Oman_2009
Oman;2010;0,59;Oman_2010
Oman;2011;0,43;Oman_2011
Oman;2012;0,46;Oman_2012
Oman;2013;0,46;Oman_2013
Oman;2014;0,73;Oman_2014
Oman;2015;0,78;Oman_2015
Oman;2016;0,76;Oman_2016
Oman;2017;0,75;Oman_2017
Oman;2018;0,65;Oman_2018
Pakistan;2000;-1,1;Pakistan_2000
Pakistan;2002;-1,64;Pakistan_2002
Pakistan;2003;-1,55;Pakistan_2003
Pakistan;2004;-1,58;Pakistan_2004
Pakistan;2005;-1,75;Pakistan_2005
Pakistan;2006;-2,03;Pakistan_2006
Pakistan;2007;-2,43;Pakistan_2007
Pakistan;2008;-2,57;Pakistan_2008
Pakistan;2009;-2,64;Pakistan_2009
Pakistan;2010;-2,68;Pakistan_2010
Pakistan;2011;-2,81;Pakistan_2011
Pakistan;2012;-2,68;Pakistan_2012
Pakistan;2013;-2,6;Pakistan_2013
Pakistan;2014;-2,4;Pakistan_2014
Pakistan;2015;-2,48;Pakistan_2015
Pakistan;2016;-2,48;Pakistan_2016
Pakistan;2017;-2,41;Pakistan_2017
Pakistan;2018;-2,27;Pakistan_2018
Palau;2003;1,17;Palau_2003
Palau;2004;1,13;Palau_2004
Palau;2005;1,07;Palau_2005
Palau;2006;1,04;Palau_2006
Palau;2007;1,08;Palau_2007
Palau;2008;1,01;Palau_2008
Palau;2009;1,38;Palau_2009
Palau;2010;1,45;Palau_2010
Palau;2011;1,06;Palau_2011
Palau;2012;1,03;Palau_2012
Palau;2013;1,05;Palau_2013
Palau;2014;0,99;Palau_2014
Palau;2015;0,92;Palau_2015
Palau;2016;0,95;Palau_2016
Palau;2017;0,87;Palau_2017
Palau;2018;0,86;Palau_2018
Palestine;2000;-1,55;Palestine_2000
Palestine;2002;-1,65;Palestine_2002
Palestine;2003;-1,3;Palestine_2003
Palestine;2004;-1,13;Palestine_2004
Palestine;2005;-1,41;Palestine_2005
Palestine;2006;-1,73;Palestine_2006
Palestine;2007;-1,98;Palestine_2007
Palestine;2008;-2,0;Palestine_2008
Palestine;2009;-2,04;Palestine_2009
Palestine;2010;-1,97;Palestine_2010
Palestine;2011;-1,94;Palestine_2011
Palestine;2012;-1,96;Palestine_2012
Palestine;2013;-1,78;Palestine_2013
Palestine;2014;-1,99;Palestine_2014
Palestine;2015;-2,16;Palestine_2015
Palestine;2016;-1,98;Palestine_2016
Palestine;2017;-1,66;Palestine_2017
Palestine;2018;-1,74;Palestine_2018
Panama;2000;0,25;Panama_2000
Panama;2002;0,34;Panama_2002
Panama;2003;0,07;Panama_2003
Panama;2004;0,08;Panama_2004
Panama;2005;-0,16;Panama_2005
Panama;2006;-0,07;Panama_2006
Panama;2007;-0,06;Panama_2007
Panama;2008;-0,1;Panama_2008
Panama;2009;0,06;Panama_2009
Panama;2010;-0,12;Panama_2010
Panama;2011;-0,03;Panama_2011
Panama;2012;-0,18;Panama_2012
Panama;2013;-0,14;Panama_2013
Panama;2014;0,21;Panama_2014
Panama;2015;0,39;Panama_2015
Panama;2016;0,41;Panama_2016
Panama;2017;0,39;Panama_2017
Panama;2018;0,28;Panama_2018
Papua New Guinea;2000;-0,21;Papua New Guinea_2000
Papua New Guinea;2002;-0,55;Papua New Guinea_2002
Papua New Guinea;2003;-0,56;Papua New Guinea_2003
Papua New Guinea;2004;-0,55;Papua New Guinea_2004
Papua New Guinea;2005;-0,93;Papua New Guinea_2005
Papua New Guinea;2006;-0,87;Papua New Guinea_2006
Papua New Guinea;2007;-0,75;Papua New Guinea_2007
Papua New Guinea;2008;-0,61;Papua New Guinea_2008
Papua New Guinea;2009;-0,79;Papua New Guinea_2009
Papua New Guinea;2010;-0,81;Papua New Guinea_2010
Papua New Guinea;2011;-0,75;Papua New Guinea_2011
Papua New Guinea;2012;-0,59;Papua New Guinea_2012
Papua New Guinea;2013;-0,52;Papua New Guinea_2013
Papua New Guinea;2014;-0,34;Papua New Guinea_2014
Papua New Guinea;2015;-0,42;Papua New Guinea_2015
Papua New Guinea;2016;-0,5;Papua New Guinea_2016
Papua New Guinea;2017;-0,7;Papua New Guinea_2017
Papua New Guinea;2018;-0,67;Papua New Guinea_2018
Paraguay;2000;-0,97;Paraguay_2000
Paraguay;2002;-1,22;Paraguay_2002
Paraguay;2003;-0,75;Paraguay_2003
Paraguay;2004;-0,57;Paraguay_2004
Paraguay;2005;-0,65;Paraguay_2005
Paraguay;2006;-0,77;Paraguay_2006
Paraguay;2007;-0,74;Paraguay_2007
Paraguay;2008;-0,72;Paraguay_2008
Paraguay;2009;-0,88;Paraguay_2009
Paraguay;2010;-0,83;Paraguay_2010
Paraguay;2011;-0,69;Paraguay_2011
Paraguay;2012;-0,87;Paraguay_2012
Paraguay;2013;-0,74;Paraguay_2013
Paraguay;2014;-0,09;Paraguay_2014
Paraguay;2015;0,04;Paraguay_2015
Paraguay;2016;0,14;Paraguay_2016
Paraguay;2017;0,0;Paraguay_2017
Paraguay;2018;-0,12;Paraguay_2018
Peru;2000;-0,99;Peru_2000
Peru;2002;-0,97;Peru_2002
Peru;2003;-1,16;Peru_2003
Peru;2004;-1,03;Peru_2004
Peru;2005;-0,98;Peru_2005
Peru;2006;-0,84;Peru_2006
Peru;2007;-0,77;Peru_2007
Peru;2008;-0,89;Peru_2008
Peru;2009;-1,18;Peru_2009
Peru;2010;-1,0;Peru_2010
Peru;2011;-0,76;Peru_2011
Peru;2012;-0,91;Peru_2012
Peru;2013;-0,81;Peru_2013
Peru;2014;-0,55;Peru_2014
Peru;2015;-0,4;Peru_2015
Peru;2016;-0,2;Peru_2016
Peru;2017;-0,26;Peru_2017
Peru;2018;-0,26;Peru_2018
Philippines;2000;-1,39;Philippines_2000
Philippines;2002;-0,86;Philippines_2002
Philippines;2003;-1,56;Philippines_2003
Philippines;2004;-1,71;Philippines_2004
Philippines;2005;-1,18;Philippines_2005
Philippines;2006;-1,64;Philippines_2006
Philippines;2007;-1,6;Philippines_2007
Philippines;2008;-1,78;Philippines_2008
Philippines;2009;-1,73;Philippines_2009
Philippines;2010;-1,65;Philippines_2010
Philippines;2011;-1,39;Philippines_2011
Philippines;2012;-1,19;Philippines_2012
Philippines;2013;-1,08;Philippines_2013
Philippines;2014;-0,71;Philippines_2014
Philippines;2015;-0,86;Philippines_2015
Philippines;2016;-1,38;Philippines_2016
Philippines;2017;-1,18;Philippines_2017
Philippines;2018;-1,12;Philippines_2018
Poland;2000;0,31;Poland_2000
Poland;2002;0,74;Poland_2002
Poland;2003;0,58;Poland_2003
Poland;2004;0,15;Poland_2004
Poland;2005;0,36;Poland_2005
Poland;2006;0,35;Poland_2006
Poland;2007;0,68;Poland_2007
Poland;2008;0,91;Poland_2008
Poland;2009;0,94;Poland_2009
Poland;2010;1,02;Poland_2010
Poland;2011;1,07;Poland_2011
Poland;2012;1,05;Poland_2012
Poland;2013;0,97;Poland_2013
Poland;2014;0,84;Poland_2014
Poland;2015;0,87;Poland_2015
Poland;2016;0,51;Poland_2016
Poland;2017;0,52;Poland_2017
Poland;2018;0,55;Poland_2018
Portugal;2000;1,4;Portugal_2000
Portugal;2002;1,44;Portugal_2002
Portugal;2003;1,29;Portugal_2003
Portugal;2004;0,97;Portugal_2004
Portugal;2005;1,02;Portugal_2005
Portugal;2006;0,95;Portugal_2006
Portugal;2007;0,82;Portugal_2007
Portugal;2008;0,99;Portugal_2008
Portugal;2009;0,79;Portugal_2009
Portugal;2010;0,72;Portugal_2010
Portugal;2011;0,74;Portugal_2011
Portugal;2012;0,78;Portugal_2012
Portugal;2013;0,75;Portugal_2013
Portugal;2014;0,81;Portugal_2014
Portugal;2015;0,92;Portugal_2015
Portugal;2016;0,97;Portugal_2016
Portugal;2017;1,12;Portugal_2017
Portugal;2018;1,14;Portugal_2018
Puerto Rico;2000;0,26;Puerto Rico_2000
Puerto Rico;2002;0,3;Puerto Rico_2002
Puerto Rico;2003;0,31;Puerto Rico_2003
Puerto Rico;2004;0,56;Puerto Rico_2004
Puerto Rico;2005;0,45;Puerto Rico_2005
Puerto Rico;2006;0,38;Puerto Rico_2006
Puerto Rico;2007;0,41;Puerto Rico_2007
Puerto Rico;2008;0,27;Puerto Rico_2008
Puerto Rico;2009;0,16;Puerto Rico_2009
Puerto Rico;2010;0,36;Puerto Rico_2010
Puerto Rico;2011;0,6;Puerto Rico_2011
Puerto Rico;2012;0,58;Puerto Rico_2012
Puerto Rico;2013;0,25;Puerto Rico_2013
Puerto Rico;2014;0,82;Puerto Rico_2014
Puerto Rico;2015;0,86;Puerto Rico_2015
Puerto Rico;2016;0,69;Puerto Rico_2016
Puerto Rico;2017;0,48;Puerto Rico_2017
Puerto Rico;2018;0,4;Puerto Rico_2018
Qatar;2000;1,16;Qatar_2000
Qatar;2002;0,83;Qatar_2002
Qatar;2003;1,19;Qatar_2003
Qatar;2004;1,12;Qatar_2004
Qatar;2005;1,03;Qatar_2005
Qatar;2006;0,93;Qatar_2006
Qatar;2007;0,95;Qatar_2007
Qatar;2008;1,11;Qatar_2008
Qatar;2009;1,22;Qatar_2009
Qatar;2010;1,15;Qatar_2010
Qatar;2011;1,17;Qatar_2011
Qatar;2012;1,22;Qatar_2012
Qatar;2013;1,21;Qatar_2013
Qatar;2014;0,98;Qatar_2014
Qatar;2015;1,0;Qatar_2015
Qatar;2016;0,9;Qatar_2016
Qatar;2017;0,66;Qatar_2017
Qatar;2018;0,68;Qatar_2018
Republic of Korea;2000;0,4;Republic of Korea_2000
Republic of Korea;2002;0,24;Republic of Korea_2002
Republic of Korea;2003;0,25;Republic of Korea_2003
Republic of Korea;2004;0,43;Republic of Korea_2004
Republic of Korea;2005;0,48;Republic of Korea_2005
Republic of Korea;2006;0,42;Republic of Korea_2006
Republic of Korea;2007;0,57;Republic of Korea_2007
Republic of Korea;2008;0,42;Republic of Korea_2008
Republic of Korea;2009;0,41;Republic of Korea_2009
Republic of Korea;2010;0,33;Republic of Korea_2010
Republic of Korea;2011;0,41;Republic of Korea_2011
Republic of Korea;2012;0,27;Republic of Korea_2012
Republic of Korea;2013;0,28;Republic of Korea_2013
Republic of Korea;2014;0,11;Republic of Korea_2014
Republic of Korea;2015;0,16;Republic of Korea_2015
Republic of Korea;2016;0,16;Republic of Korea_2016
Republic of Korea;2017;0,32;Republic of Korea_2017
Republic of Korea;2018;0,54;Republic of Korea_2018
Republic of Moldova;2000;-0,43;Republic of Moldova_2000
Republic of Moldova;2002;-0,16;Republic of Moldova_2002
Republic of Moldova;2003;-0,13;Republic of Moldova_2003
Republic of Moldova;2004;-0,22;Republic of Moldova_2004
Republic of Moldova;2005;-0,4;Republic of Moldova_2005
Republic of Moldova;2006;-0,37;Republic of Moldova_2006
Republic of Moldova;2007;-0,02;Republic of Moldova_2007
Republic of Moldova;2008;-0,27;Republic of Moldova_2008
Republic of Moldova;2009;-0,59;Republic of Moldova_2009
Republic of Moldova;2010;-0,38;Republic of Moldova_2010
Republic of Moldova;2011;-0,05;Republic of Moldova_2011
Republic of Moldova;2012;0,05;Republic of Moldova_2012
Republic of Moldova;2013;0,0;Republic of Moldova_2013
Republic of Moldova;2014;-0,16;Republic of Moldova_2014
Republic of Moldova;2015;-0,33;Republic of Moldova_2015
Republic of Moldova;2016;-0,3;Republic of Moldova_2016
Republic of Moldova;2017;-0,32;Republic of Moldova_2017
Republic of Moldova;2018;-0,35;Republic of Moldova_2018
Romania;2000;-0,38;Romania_2000
Romania;2002;0,46;Romania_2002
Romania;2003;0,32;Romania_2003
Romania;2004;0,06;Romania_2004
Romania;2005;0,08;Romania_2005
Romania;2006;0,15;Romania_2006
Romania;2007;0,2;Romania_2007
Romania;2008;0,18;Romania_2008
Romania;2009;0,36;Romania_2009
Romania;2010;0,27;Romania_2010
Romania;2011;0,19;Romania_2011
Romania;2012;0,08;Romania_2012
Romania;2013;0,18;Romania_2013
Romania;2014;0,05;Romania_2014
Romania;2015;0,19;Romania_2015
Romania;2016;0,28;Romania_2016
Romania;2017;0,06;Romania_2017
Romania;2018;0,06;Romania_2018
Russian Federation;2000;-1,4;Russian Federation_2000
Russian Federation;2002;-0,72;Russian Federation_2002
Russian Federation;2003;-1,19;Russian Federation_2003
Russian Federation;2004;-1,51;Russian Federation_2004
Russian Federation;2005;-1,27;Russian Federation_2005
Russian Federation;2006;-0,91;Russian Federation_2006
Russian Federation;2007;-0,86;Russian Federation_2007
Russian Federation;2008;-0,75;Russian Federation_2008
Russian Federation;2009;-0,97;Russian Federation_2009
Russian Federation;2010;-0,93;Russian Federation_2010
Russian Federation;2011;-1,0;Russian Federation_2011
Russian Federation;2012;-0,82;Russian Federation_2012
Russian Federation;2013;-0,74;Russian Federation_2013
Russian Federation;2014;-0,94;Russian Federation_2014
Russian Federation;2015;-1,03;Russian Federation_2015
Russian Federation;2016;-0,95;Russian Federation_2016
Russian Federation;2017;-0,64;Russian Federation_2017
Russian Federation;2018;-0,5;Russian Federation_2018
Rwanda;2000;-1,69;Rwanda_2000
Rwanda;2002;-1,65;Rwanda_2002
Rwanda;2003;-1,11;Rwanda_2003
Rwanda;2004;-1,19;Rwanda_2004
Rwanda;2005;-1,0;Rwanda_2005
Rwanda;2006;-0,68;Rwanda_2006
Rwanda;2007;-0,36;Rwanda_2007
Rwanda;2008;-0,32;Rwanda_2008
Rwanda;2009;-0,51;Rwanda_2009
Rwanda;2010;-0,27;Rwanda_2010
Rwanda;2011;-0,18;Rwanda_2011
Rwanda;2012;-0,23;Rwanda_2012
Rwanda;2013;-0,11;Rwanda_2013
Rwanda;2014;-0,31;Rwanda_2014
Rwanda;2015;0,01;Rwanda_2015
Rwanda;2016;-0,05;Rwanda_2016
Rwanda;2017;0,09;Rwanda_2017
Rwanda;2018;0,12;Rwanda_2018
Saint Kitts and Nevis;2003;1,17;Saint Kitts and Nevis_2003
Saint Kitts and Nevis;2004;1,36;Saint Kitts and Nevis_2004
Saint Kitts and Nevis;2005;1,29;Saint Kitts and Nevis_2005
Saint Kitts and Nevis;2006;1,21;Saint Kitts and Nevis_2006
Saint Kitts and Nevis;2007;0,8;Saint Kitts and Nevis_2007
Saint Kitts and Nevis;2008;0,92;Saint Kitts and Nevis_2008
Saint Kitts and Nevis;2009;1,09;Saint Kitts and Nevis_2009
Saint Kitts and Nevis;2010;1,04;Saint Kitts and Nevis_2010
Saint Kitts and Nevis;2011;0,96;Saint Kitts and Nevis_2011
Saint Kitts and Nevis;2012;0,98;Saint Kitts and Nevis_2012
Saint Kitts and Nevis;2013;0,96;Saint Kitts and Nevis_2013
Saint Kitts and Nevis;2014;0,57;Saint Kitts and Nevis_2014
Saint Kitts and Nevis;2015;0,58;Saint Kitts and Nevis_2015
Saint Kitts and Nevis;2016;0,63;Saint Kitts and Nevis_2016
Saint Kitts and Nevis;2017;0,65;Saint Kitts and Nevis_2017
Saint Kitts and Nevis;2018;0,71;Saint Kitts and Nevis_2018
Saint Lucia;2000;1,22;Saint Lucia_2000
Saint Lucia;2002;0,36;Saint Lucia_2002
Saint Lucia;2003;1,17;Saint Lucia_2003
Saint Lucia;2004;1,22;Saint Lucia_2004
Saint Lucia;2005;1,0;Saint Lucia_2005
Saint Lucia;2006;0,86;Saint Lucia_2006
Saint Lucia;2007;0,62;Saint Lucia_2007
Saint Lucia;2008;0,64;Saint Lucia_2008
Saint Lucia;2009;0,69;Saint Lucia_2009
Saint Lucia;2010;0,79;Saint Lucia_2010
Saint Lucia;2011;0,85;Saint Lucia_2011
Saint Lucia;2012;0,89;Saint Lucia_2012
Saint Lucia;2013;0,85;Saint Lucia_2013
Saint Lucia;2014;0,82;Saint Lucia_2014
Saint Lucia;2015;0,85;Saint Lucia_2015
Saint Lucia;2016;1,02;Saint Lucia_2016
Saint Lucia;2017;0,99;Saint Lucia_2017
Saint Lucia;2018;1,01;Saint Lucia_2018
Saint Vincent and the Grenadines;2000;1,22;Saint Vincent and the Grenadines_2000
Saint Vincent and the Grenadines;2002;0,36;Saint Vincent and the Grenadines_2002
Saint Vincent and the Grenadines;2003;0,76;Saint Vincent and the Grenadines_2003
Saint Vincent and the Grenadines;2004;1,03;Saint Vincent and the Grenadines_2004
Saint Vincent and the Grenadines;2005;1,15;Saint Vincent and the Grenadines_2005
Saint Vincent and the Grenadines;2006;1,06;Saint Vincent and the Grenadines_2006
Saint Vincent and the Grenadines;2007;0,79;Saint Vincent and the Grenadines_2007
Saint Vincent and the Grenadines;2008;0,8;Saint Vincent and the Grenadines_2008
Saint Vincent and the Grenadines;2009;0,73;Saint Vincent and the Grenadines_2009
Saint Vincent and the Grenadines;2010;0,79;Saint Vincent and the Grenadines_2010
Saint Vincent and the Grenadines;2011;0,85;Saint Vincent and the Grenadines_2011
Saint Vincent and the Grenadines;2012;0,93;Saint Vincent and the Grenadines_2012
Saint Vincent and the Grenadines;2013;0,85;Saint Vincent and the Grenadines_2013
Saint Vincent and the Grenadines;2014;0,82;Saint Vincent and the Grenadines_2014
Saint Vincent and the Grenadines;2015;1,0;Saint Vincent and the Grenadines_2015
Saint Vincent and the Grenadines;2016;1,02;Saint Vincent and the Grenadines_2016
Saint Vincent and the Grenadines;2017;0,89;Saint Vincent and the Grenadines_2017
Saint Vincent and the Grenadines;2018;0,85;Saint Vincent and the Grenadines_2018
Samoa;2000;1,28;Samoa_2000
Samoa;2002;1,1;Samoa_2002
Samoa;2003;1,27;Samoa_2003
Samoa;2004;1,16;Samoa_2004
Samoa;2005;1,13;Samoa_2005
Samoa;2006;1,1;Samoa_2006
Samoa;2007;1,0;Samoa_2007
Samoa;2008;1,1;Samoa_2008
Samoa;2009;0,96;Samoa_2009
Samoa;2010;0,77;Samoa_2010
Samoa;2011;0,99;Samoa_2011
Samoa;2012;1,0;Samoa_2012
Samoa;2013;0,99;Samoa_2013
Samoa;2014;1,12;Samoa_2014
Samoa;2015;1,18;Samoa_2015
Samoa;2016;1,2;Samoa_2016
Samoa;2017;1,18;Samoa_2017
Samoa;2018;1,19;Samoa_2018
Sao Tome and Principe;2000;1,15;Sao Tome and Principe_2000
Sao Tome and Principe;2002;0,55;Sao Tome and Principe_2002
Sao Tome and Principe;2003;0,26;Sao Tome and Principe_2003
Sao Tome and Principe;2004;0,57;Sao Tome and Principe_2004
Sao Tome and Principe;2005;0,58;Sao Tome and Principe_2005
Sao Tome and Principe;2006;0,35;Sao Tome and Principe_2006
Sao Tome and Principe;2007;0,39;Sao Tome and Principe_2007
Sao Tome and Principe;2008;0,18;Sao Tome and Principe_2008
Sao Tome and Principe;2009;0,15;Sao Tome and Principe_2009
Sao Tome and Principe;2010;0,12;Sao Tome and Principe_2010
Sao Tome and Principe;2011;0,01;Sao Tome and Principe_2011
Sao Tome and Principe;2012;0,01;Sao Tome and Principe_2012
Sao Tome and Principe;2013;0,11;Sao Tome and Principe_2013
Sao Tome and Principe;2014;0,18;Sao Tome and Principe_2014
Sao Tome and Principe;2015;0,14;Sao Tome and Principe_2015
Sao Tome and Principe;2016;0,22;Sao Tome and Principe_2016
Sao Tome and Principe;2017;0,19;Sao Tome and Principe_2017
Sao Tome and Principe;2018;0,53;Sao Tome and Principe_2018
Saudi Arabia;2000;0,23;Saudi Arabia_2000
Saudi Arabia;2002;0,0;Saudi Arabia_2002
Saudi Arabia;2003;0,14;Saudi Arabia_2003
Saudi Arabia;2004;-0,66;Saudi Arabia_2004
Saudi Arabia;2005;-0,24;Saudi Arabia_2005
Saudi Arabia;2006;-0,52;Saudi Arabia_2006
Saudi Arabia;2007;-0,47;Saudi Arabia_2007
Saudi Arabia;2008;-0,34;Saudi Arabia_2008
Saudi Arabia;2009;-0,49;Saudi Arabia_2009
Saudi Arabia;2010;-0,23;Saudi Arabia_2010
Saudi Arabia;2011;-0,46;Saudi Arabia_2011
Saudi Arabia;2012;-0,48;Saudi Arabia_2012
Saudi Arabia;2013;-0,43;Saudi Arabia_2013
Saudi Arabia;2014;-0,29;Saudi Arabia_2014
Saudi Arabia;2015;-0,63;Saudi Arabia_2015
Saudi Arabia;2016;-0,46;Saudi Arabia_2016
Saudi Arabia;2017;-0,58;Saudi Arabia_2017
Saudi Arabia;2018;-0,52;Saudi Arabia_2018
Senegal;2000;-0,59;Senegal_2000
Senegal;2002;-0,27;Senegal_2002
Senegal;2003;-0,25;Senegal_2003
Senegal;2004;0,03;Senegal_2004
Senegal;2005;-0,2;Senegal_2005
Senegal;2006;-0,26;Senegal_2006
Senegal;2007;-0,24;Senegal_2007
Senegal;2008;-0,15;Senegal_2008
Senegal;2009;-0,2;Senegal_2009
Senegal;2010;-0,42;Senegal_2010
Senegal;2011;-0,28;Senegal_2011
Senegal;2012;-0,11;Senegal_2012
Senegal;2013;-0,06;Senegal_2013
Senegal;2014;-0,2;Senegal_2014
Senegal;2015;-0,12;Senegal_2015
Senegal;2016;-0,22;Senegal_2016
Senegal;2017;-0,05;Senegal_2017
Senegal;2018;-0,09;Senegal_2018
Serbia;2000;-1,64;Serbia_2000
Serbia;2002;-0,51;Serbia_2002
Serbia;2003;-0,58;Serbia_2003
Serbia;2004;-0,51;Serbia_2004
Serbia;2005;-0,77;Serbia_2005
Serbia;2006;-0,54;Serbia_2006
Serbia;2007;-0,59;Serbia_2007
Serbia;2008;-0,54;Serbia_2008
Serbia;2009;-0,48;Serbia_2009
Serbia;2010;-0,42;Serbia_2010
Serbia;2011;-0,28;Serbia_2011
Serbia;2012;-0,22;Serbia_2012
Serbia;2013;-0,08;Serbia_2013
Serbia;2014;0,18;Serbia_2014
Serbia;2015;0,24;Serbia_2015
Serbia;2016;0,14;Serbia_2016
Serbia;2017;0,09;Serbia_2017
Serbia;2018;0,08;Serbia_2018
Seychelles;2000;1,28;Seychelles_2000
Seychelles;2002;0,9;Seychelles_2002
Seychelles;2003;0,65;Seychelles_2003
Seychelles;2004;0,66;Seychelles_2004
Seychelles;2005;0,93;Seychelles_2005
Seychelles;2006;0,91;Seychelles_2006
Seychelles;2007;0,79;Seychelles_2007
Seychelles;2008;0,75;Seychelles_2008
Seychelles;2009;0,6;Seychelles_2009
Seychelles;2010;0,86;Seychelles_2010
Seychelles;2011;0,94;Seychelles_2011
Seychelles;2012;0,74;Seychelles_2012
Seychelles;2013;0,83;Seychelles_2013
Seychelles;2014;0,36;Seychelles_2014
Seychelles;2015;0,69;Seychelles_2015
Seychelles;2016;0,73;Seychelles_2016
Seychelles;2017;0,79;Seychelles_2017
Seychelles;2018;0,7;Seychelles_2018
Sierra Leone;2000;-1,87;Sierra Leone_2000
Sierra Leone;2002;-0,69;Sierra Leone_2002
Sierra Leone;2003;-1,08;Sierra Leone_2003
Sierra Leone;2004;-0,51;Sierra Leone_2004
Sierra Leone;2005;-0,48;Sierra Leone_2005
Sierra Leone;2006;-0,3;Sierra Leone_2006
Sierra Leone;2007;-0,06;Sierra Leone_2007
Sierra Leone;2008;-0,24;Sierra Leone_2008
Sierra Leone;2009;-0,29;Sierra Leone_2009
Sierra Leone;2010;-0,24;Sierra Leone_2010
Sierra Leone;2011;-0,17;Sierra Leone_2011
Sierra Leone;2012;-0,28;Sierra Leone_2012
Sierra Leone;2013;-0,17;Sierra Leone_2013
Sierra Leone;2014;-0,1;Sierra Leone_2014
Sierra Leone;2015;-0,1;Sierra Leone_2015
Sierra Leone;2016;-0,16;Sierra Leone_2016
Sierra Leone;2017;-0,04;Sierra Leone_2017
Sierra Leone;2018;-0,03;Sierra Leone_2018
Singapore;2000;1,14;Singapore_2000
Singapore;2002;1,26;Singapore_2002
Singapore;2003;0,88;Singapore_2003
Singapore;2004;1,09;Singapore_2004
Singapore;2005;1,16;Singapore_2005
Singapore;2006;1,25;Singapore_2006
Singapore;2007;1,17;Singapore_2007
Singapore;2008;1,35;Singapore_2008
Singapore;2009;1,18;Singapore_2009
Singapore;2010;1,17;Singapore_2010
Singapore;2011;1,19;Singapore_2011
Singapore;2012;1,37;Singapore_2012
Singapore;2013;1,38;Singapore_2013
Singapore;2014;1,19;Singapore_2014
Singapore;2015;1,31;Singapore_2015
Singapore;2016;1,5;Singapore_2016
Singapore;2017;1,62;Singapore_2017
Singapore;2018;1,51;Singapore_2018
Slovakia;2000;0,66;Slovakia_2000
Slovakia;2002;0,94;Slovakia_2002
Slovakia;2003;0,95;Slovakia_2003
Slovakia;2004;0,59;Slovakia_2004
Slovakia;2005;0,9;Slovakia_2005
Slovakia;2006;0,78;Slovakia_2006
Slovakia;2007;1,04;Slovakia_2007
Slovakia;2008;1,08;Slovakia_2008
Slovakia;2009;0,92;Slovakia_2009
Slovakia;2010;1,05;Slovakia_2010
Slovakia;2011;0,97;Slovakia_2011
Slovakia;2012;1,09;Slovakia_2012
Slovakia;2013;1,12;Slovakia_2013
Slovakia;2014;1,04;Slovakia_2014
Slovakia;2015;0,87;Slovakia_2015
Slovakia;2016;0,72;Slovakia_2016
Slovakia;2017;0,91;Slovakia_2017
Slovakia;2018;0,75;Slovakia_2018
Slovenia;2000;0,89;Slovenia_2000
Slovenia;2002;1,3;Slovenia_2002
Slovenia;2003;1,19;Slovenia_2003
Slovenia;2004;1,08;Slovenia_2004
Slovenia;2005;1,09;Slovenia_2005
Slovenia;2006;1,08;Slovenia_2006
Slovenia;2007;1,1;Slovenia_2007
Slovenia;2008;1,15;Slovenia_2008
Slovenia;2009;0,93;Slovenia_2009
Slovenia;2010;0,87;Slovenia_2010
Slovenia;2011;0,97;Slovenia_2011
Slovenia;2012;0,94;Slovenia_2012
Slovenia;2013;0,88;Slovenia_2013
Slovenia;2014;0,97;Slovenia_2014
Slovenia;2015;0,95;Slovenia_2015
Slovenia;2016;0,99;Slovenia_2016
Slovenia;2017;0,87;Slovenia_2017
Slovenia;2018;0,91;Slovenia_2018
Solomon Islands;2000;-0,74;Solomon Islands_2000
Solomon Islands;2002;-0,44;Solomon Islands_2002
Solomon Islands;2003;0,36;Solomon Islands_2003
Solomon Islands;2004;0,02;Solomon Islands_2004
Solomon Islands;2005;-0,02;Solomon Islands_2005
Solomon Islands;2006;0,07;Solomon Islands_2006
Solomon Islands;2007;0,23;Solomon Islands_2007
Solomon Islands;2008;0,21;Solomon Islands_2008
Solomon Islands;2009;0,21;Solomon Islands_2009
Solomon Islands;2010;0,34;Solomon Islands_2010
Solomon Islands;2011;0,31;Solomon Islands_2011
Solomon Islands;2012;0,19;Solomon Islands_2012
Solomon Islands;2013;0,3;Solomon Islands_2013
Solomon Islands;2014;0,47;Solomon Islands_2014
Solomon Islands;2015;0,66;Solomon Islands_2015
Solomon Islands;2016;0,51;Solomon Islands_2016
Solomon Islands;2017;0,2;Solomon Islands_2017
Solomon Islands;2018;0,3;Solomon Islands_2018
Somalia;2000;-1,95;Somalia_2000
Somalia;2002;-2,38;Somalia_2002
Somalia;2003;-2,58;Somalia_2003
Somalia;2004;-2,88;Somalia_2004
Somalia;2005;-2,71;Somalia_2005
Somalia;2006;-2,75;Somalia_2006
Somalia;2007;-3,22;Somalia_2007
Somalia;2008;-3,28;Somalia_2008
Somalia;2009;-3,31;Somalia_2009
Somalia;2010;-3,13;Somalia_2010
Somalia;2011;-3,08;Somalia_2011
Somalia;2012;-2,86;Somalia_2012
Somalia;2013;-2,76;Somalia_2013
Somalia;2014;-2,52;Somalia_2014
Somalia;2015;-2,38;Somalia_2015
Somalia;2016;-2,36;Somalia_2016
Somalia;2017;-2,26;Somalia_2017
Somalia;2018;-2,22;Somalia_2018
South Africa;2000;-0,23;South Africa_2000
South Africa;2002;-0,25;South Africa_2002
South Africa;2003;-0,31;South Africa_2003
South Africa;2004;-0,13;South Africa_2004
South Africa;2005;-0,16;South Africa_2005
South Africa;2006;0,05;South Africa_2006
South Africa;2007;0,22;South Africa_2007
South Africa;2008;0,05;South Africa_2008
South Africa;2009;-0,11;South Africa_2009
South Africa;2010;-0,03;South Africa_2010
South Africa;2011;0,02;South Africa_2011
South Africa;2012;-0,03;South Africa_2012
South Africa;2013;-0,05;South Africa_2013
South Africa;2014;-0,15;South Africa_2014
South Africa;2015;-0,21;South Africa_2015
South Africa;2016;-0,14;South Africa_2016
South Africa;2017;-0,28;South Africa_2017
South Africa;2018;-0,28;South Africa_2018
South Sudan;2011;-1,43;South Sudan_2011
South Sudan;2012;-1,16;South Sudan_2012
South Sudan;2013;-1,73;South Sudan_2013
South Sudan;2014;-2,65;South Sudan_2014
South Sudan;2015;-2,38;South Sudan_2015
South Sudan;2016;-2,42;South Sudan_2016
South Sudan;2017;-2,45;South Sudan_2017
South Sudan;2018;-2,44;South Sudan_2018
Spain;2000;0,46;Spain_2000
Spain;2002;0,44;Spain_2002
Spain;2003;-0,04;Spain_2003
Spain;2004;-0,09;Spain_2004
Spain;2005;0,2;Spain_2005
Spain;2006;-0,15;Spain_2006
Spain;2007;-0,28;Spain_2007
Spain;2008;-0,38;Spain_2008
Spain;2009;-0,47;Spain_2009
Spain;2010;-0,32;Spain_2010
Spain;2011;0,02;Spain_2011
Spain;2012;-0,03;Spain_2012
Spain;2013;0,01;Spain_2013
Spain;2014;0,24;Spain_2014
Spain;2015;0,25;Spain_2015
Spain;2016;0,41;Spain_2016
Spain;2017;0,28;Spain_2017
Spain;2018;0,25;Spain_2018
Sri Lanka;2000;-1,9;Sri Lanka_2000
Sri Lanka;2002;-0,78;Sri Lanka_2002
Sri Lanka;2003;-0,83;Sri Lanka_2003
Sri Lanka;2004;-1,01;Sri Lanka_2004
Sri Lanka;2005;-1,15;Sri Lanka_2005
Sri Lanka;2006;-1,42;Sri Lanka_2006
Sri Lanka;2007;-1,75;Sri Lanka_2007
Sri Lanka;2008;-1,8;Sri Lanka_2008
Sri Lanka;2009;-1,34;Sri Lanka_2009
Sri Lanka;2010;-0,94;Sri Lanka_2010
Sri Lanka;2011;-0,72;Sri Lanka_2011
Sri Lanka;2012;-0,72;Sri Lanka_2012
Sri Lanka;2013;-0,61;Sri Lanka_2013
Sri Lanka;2014;-0,33;Sri Lanka_2014
Sri Lanka;2015;0,09;Sri Lanka_2015
Sri Lanka;2016;0,0;Sri Lanka_2016
Sri Lanka;2017;-0,07;Sri Lanka_2017
Sri Lanka;2018;-0,18;Sri Lanka_2018
Sudan;2000;-2,24;Sudan_2000
Sudan;2002;-1,84;Sudan_2002
Sudan;2003;-1,98;Sudan_2003
Sudan;2004;-1,55;Sudan_2004
Sudan;2005;-1,98;Sudan_2005
Sudan;2006;-2,14;Sudan_2006
Sudan;2007;-2,36;Sudan_2007
Sudan;2008;-2,49;Sudan_2008
Sudan;2009;-2,65;Sudan_2009
Sudan;2010;-2,67;Sudan_2010
Sudan;2011;-2,52;Sudan_2011
Sudan;2012;-2,26;Sudan_2012
Sudan;2013;-2,19;Sudan_2013
Sudan;2014;-2,36;Sudan_2014
Sudan;2015;-2,16;Sudan_2015
Sudan;2016;-2,34;Sudan_2016
Sudan;2017;-1,98;Sudan_2017
Sudan;2018;-1,84;Sudan_2018
Suriname;2000;0,21;Suriname_2000
Suriname;2002;0,49;Suriname_2002
Suriname;2003;0,48;Suriname_2003
Suriname;2004;0,3;Suriname_2004
Suriname;2005;0,23;Suriname_2005
Suriname;2006;-0,02;Suriname_2006
Suriname;2007;-0,02;Suriname_2007
Suriname;2008;0,1;Suriname_2008
Suriname;2009;0,15;Suriname_2009
Suriname;2010;0,08;Suriname_2010
Suriname;2011;0,12;Suriname_2011
Suriname;2012;0,08;Suriname_2012
Suriname;2013;0,13;Suriname_2013
Suriname;2014;0,25;Suriname_2014
Suriname;2015;0,26;Suriname_2015
Suriname;2016;0,16;Suriname_2016
Suriname;2017;0,13;Suriname_2017
Suriname;2018;0,08;Suriname_2018
Sweden;2000;1,39;Sweden_2000
Sweden;2002;1,48;Sweden_2002
Sweden;2003;1,34;Sweden_2003
Sweden;2004;1,36;Sweden_2004
Sweden;2005;1,3;Sweden_2005
Sweden;2006;1,29;Sweden_2006
Sweden;2007;1,27;Sweden_2007
Sweden;2008;1,13;Sweden_2008
Sweden;2009;1,09;Sweden_2009
Sweden;2010;1,09;Sweden_2010
Sweden;2011;1,23;Sweden_2011
Sweden;2012;1,17;Sweden_2012
Sweden;2013;1,13;Sweden_2013
Sweden;2014;1,07;Sweden_2014
Sweden;2015;0,95;Sweden_2015
Sweden;2016;1,02;Sweden_2016
Sweden;2017;0,98;Sweden_2017
Sweden;2018;0,91;Sweden_2018
Switzerland;2000;1,58;Switzerland_2000
Switzerland;2002;1,54;Switzerland_2002
Switzerland;2003;1,25;Switzerland_2003
Switzerland;2004;1,23;Switzerland_2004
Switzerland;2005;1,2;Switzerland_2005
Switzerland;2006;1,27;Switzerland_2006
Switzerland;2007;1,23;Switzerland_2007
Switzerland;2008;1,22;Switzerland_2008
Switzerland;2009;1,31;Switzerland_2009
Switzerland;2010;1,26;Switzerland_2010
Switzerland;2011;1,3;Switzerland_2011
Switzerland;2012;1,42;Switzerland_2012
Switzerland;2013;1,4;Switzerland_2013
Switzerland;2014;1,4;Switzerland_2014
Switzerland;2015;1,34;Switzerland_2015
Switzerland;2016;1,31;Switzerland_2016
Switzerland;2017;1,26;Switzerland_2017
Switzerland;2018;1,34;Switzerland_2018
Syrian Arab Republic;2000;-0,18;Syrian Arab Republic_2000
Syrian Arab Republic;2002;0,28;Syrian Arab Republic_2002
Syrian Arab Republic;2003;0,06;Syrian Arab Republic_2003
Syrian Arab Republic;2004;-0,29;Syrian Arab Republic_2004
Syrian Arab Republic;2005;-0,46;Syrian Arab Republic_2005
Syrian Arab Republic;2006;-0,28;Syrian Arab Republic_2006
Syrian Arab Republic;2007;-0,34;Syrian Arab Republic_2007
Syrian Arab Republic;2008;-0,34;Syrian Arab Republic_2008
Syrian Arab Republic;2009;-0,51;Syrian Arab Republic_2009
Syrian Arab Republic;2010;-0,81;Syrian Arab Republic_2010
Syrian Arab Republic;2011;-2,01;Syrian Arab Republic_2011
Syrian Arab Republic;2012;-2,68;Syrian Arab Republic_2012
Syrian Arab Republic;2013;-2,68;Syrian Arab Republic_2013
Syrian Arab Republic;2014;-2,75;Syrian Arab Republic_2014
Syrian Arab Republic;2015;-2,97;Syrian Arab Republic_2015
Syrian Arab Republic;2016;-2,92;Syrian Arab Republic_2016
Syrian Arab Republic;2017;-2,62;Syrian Arab Republic_2017
Syrian Arab Republic;2018;-2,74;Syrian Arab Republic_2018
Tajikistan;2000;-1,65;Tajikistan_2000
Tajikistan;2002;-0,98;Tajikistan_2002
Tajikistan;2003;-1,1;Tajikistan_2003
Tajikistan;2004;-1,31;Tajikistan_2004
Tajikistan;2005;-1,39;Tajikistan_2005
Tajikistan;2006;-1,39;Tajikistan_2006
Tajikistan;2007;-0,75;Tajikistan_2007
Tajikistan;2008;-0,83;Tajikistan_2008
Tajikistan;2009;-1,03;Tajikistan_2009
Tajikistan;2010;-1,03;Tajikistan_2010
Tajikistan;2011;-1,02;Tajikistan_2011
Tajikistan;2012;-1,24;Tajikistan_2012
Tajikistan;2013;-1,18;Tajikistan_2013
Tajikistan;2014;-0,69;Tajikistan_2014
Tajikistan;2015;-0,88;Tajikistan_2015
Tajikistan;2016;-0,78;Tajikistan_2016
Tajikistan;2017;-0,67;Tajikistan_2017
Tajikistan;2018;-0,72;Tajikistan_2018
Thailand;2000;0,46;Thailand_2000
Thailand;2002;0,51;Thailand_2002
Thailand;2003;-0,14;Thailand_2003
Thailand;2004;-0,72;Thailand_2004
Thailand;2005;-0,87;Thailand_2005
Thailand;2006;-1,13;Thailand_2006
Thailand;2007;-1,11;Thailand_2007
Thailand;2008;-1,27;Thailand_2008
Thailand;2009;-1,42;Thailand_2009
Thailand;2010;-1,44;Thailand_2010
Thailand;2011;-1,13;Thailand_2011
Thailand;2012;-1,22;Thailand_2012
Thailand;2013;-1,31;Thailand_2013
Thailand;2014;-0,91;Thailand_2014
Thailand;2015;-0,99;Thailand_2015
Thailand;2016;-0,99;Thailand_2016
Thailand;2017;-0,75;Thailand_2017
Thailand;2018;-0,73;Thailand_2018
Timor-Leste;2000;0,44;Timor-Leste_2000
Timor-Leste;2002;-0,49;Timor-Leste_2002
Timor-Leste;2003;-0,29;Timor-Leste_2003
Timor-Leste;2004;-0,16;Timor-Leste_2004
Timor-Leste;2005;-0,71;Timor-Leste_2005
Timor-Leste;2006;-1,16;Timor-Leste_2006
Timor-Leste;2007;-1,1;Timor-Leste_2007
Timor-Leste;2008;-0,8;Timor-Leste_2008
Timor-Leste;2009;-0,57;Timor-Leste_2009
Timor-Leste;2010;-0,47;Timor-Leste_2010
Timor-Leste;2011;-0,46;Timor-Leste_2011
Timor-Leste;2012;-0,28;Timor-Leste_2012
Timor-Leste;2013;-0,38;Timor-Leste_2013
Timor-Leste;2014;-0,18;Timor-Leste_2014
Timor-Leste;2015;-0,27;Timor-Leste_2015
Timor-Leste;2016;-0,01;Timor-Leste_2016
Timor-Leste;2017;0,07;Timor-Leste_2017
Timor-Leste;2018;0,3;Timor-Leste_2018
Togo;2000;-0,29;Togo_2000
Togo;2002;0,05;Togo_2002
Togo;2003;-0,19;Togo_2003
Togo;2004;-0,32;Togo_2004
Togo;2005;-1,45;Togo_2005
Togo;2006;-0,53;Togo_2006
Togo;2007;-0,34;Togo_2007
Togo;2008;-0,17;Togo_2008
Togo;2009;-0,17;Togo_2009
Togo;2010;-0,18;Togo_2010
Togo;2011;-0,16;Togo_2011
Togo;2012;-0,39;Togo_2012
Togo;2013;-0,35;Togo_2013
Togo;2014;-0,17;Togo_2014
Togo;2015;-0,23;Togo_2015
Togo;2016;-0,17;Togo_2016
Togo;2017;-0,88;Togo_2017
Togo;2018;-0,98;Togo_2018
Tonga;2003;0,63;Tonga_2003
Tonga;2004;0,82;Tonga_2004
Tonga;2005;0,68;Tonga_2005
Tonga;2006;0,47;Tonga_2006
Tonga;2007;0,28;Tonga_2007
Tonga;2008;0,28;Tonga_2008
Tonga;2009;0,21;Tonga_2009
Tonga;2010;0,69;Tonga_2010
Tonga;2011;0,94;Tonga_2011
Tonga;2012;0,89;Tonga_2012
Tonga;2013;0,94;Tonga_2013
Tonga;2014;0,85;Tonga_2014
Tonga;2015;0,89;Tonga_2015
Tonga;2016;0,92;Tonga_2016
Tonga;2017;0,79;Tonga_2017
Tonga;2018;0,88;Tonga_2018
Trinidad and Tobago;2000;0,15;Trinidad and Tobago_2000
Trinidad and Tobago;2002;-0,09;Trinidad and Tobago_2002
Trinidad and Tobago;2003;-0,25;Trinidad and Tobago_2003
Trinidad and Tobago;2004;-0,07;Trinidad and Tobago_2004
Trinidad and Tobago;2005;-0,12;Trinidad and Tobago_2005
Trinidad and Tobago;2006;-0,24;Trinidad and Tobago_2006
Trinidad and Tobago;2007;-0,19;Trinidad and Tobago_2007
Trinidad and Tobago;2008;-0,12;Trinidad and Tobago_2008
Trinidad and Tobago;2009;-0,14;Trinidad and Tobago_2009
Trinidad and Tobago;2010;-0,05;Trinidad and Tobago_2010
Trinidad and Tobago;2011;0,14;Trinidad and Tobago_2011
Trinidad and Tobago;2012;0,1;Trinidad and Tobago_2012
Trinidad and Tobago;2013;0,09;Trinidad and Tobago_2013
Trinidad and Tobago;2014;0,25;Trinidad and Tobago_2014
Trinidad and Tobago;2015;0,29;Trinidad and Tobago_2015
Trinidad and Tobago;2016;0,29;Trinidad and Tobago_2016
Trinidad and Tobago;2017;0,28;Trinidad and Tobago_2017
Trinidad and Tobago;2018;0,25;Trinidad and Tobago_2018
Tunisia;2000;0,32;Tunisia_2000
Tunisia;2002;0,15;Tunisia_2002
Tunisia;2003;0,32;Tunisia_2003
Tunisia;2004;0,15;Tunisia_2004
Tunisia;2005;0,02;Tunisia_2005
Tunisia;2006;0,21;Tunisia_2006
Tunisia;2007;0,16;Tunisia_2007
Tunisia;2008;0,1;Tunisia_2008
Tunisia;2009;0,06;Tunisia_2009
Tunisia;2010;-0,06;Tunisia_2010
Tunisia;2011;-0,35;Tunisia_2011
Tunisia;2012;-0,72;Tunisia_2012
Tunisia;2013;-0,9;Tunisia_2013
Tunisia;2014;-0,85;Tunisia_2014
Tunisia;2015;-0,96;Tunisia_2015
Tunisia;2016;-1,14;Tunisia_2016
Tunisia;2017;-1,02;Tunisia_2017
Tunisia;2018;-0,9;Tunisia_2018
Turkey;2000;-0,8;Turkey_2000
Turkey;2002;-0,81;Turkey_2002
Turkey;2003;-0,77;Turkey_2003
Turkey;2004;-0,83;Turkey_2004
Turkey;2005;-0,6;Turkey_2005
Turkey;2006;-0,59;Turkey_2006
Turkey;2007;-0,82;Turkey_2007
Turkey;2008;-0,82;Turkey_2008
Turkey;2009;-1,03;Turkey_2009
Turkey;2010;-0,92;Turkey_2010
Turkey;2011;-0,96;Turkey_2011
Turkey;2012;-1,22;Turkey_2012
Turkey;2013;-1,25;Turkey_2013
Turkey;2014;-1,09;Turkey_2014
Turkey;2015;-1,49;Turkey_2015
Turkey;2016;-2,01;Turkey_2016
Turkey;2017;-1,79;Turkey_2017
Turkey;2018;-1,33;Turkey_2018
Turkmenistan;2000;0,01;Turkmenistan_2000
Turkmenistan;2002;0,07;Turkmenistan_2002
Turkmenistan;2003;0,05;Turkmenistan_2003
Turkmenistan;2004;-0,12;Turkmenistan_2004
Turkmenistan;2005;0,07;Turkmenistan_2005
Turkmenistan;2006;-0,25;Turkmenistan_2006
Turkmenistan;2007;0,28;Turkmenistan_2007
Turkmenistan;2008;0,53;Turkmenistan_2008
Turkmenistan;2009;0,48;Turkmenistan_2009
Turkmenistan;2010;0,33;Turkmenistan_2010
Turkmenistan;2011;0,23;Turkmenistan_2011
Turkmenistan;2012;0,43;Turkmenistan_2012
Turkmenistan;2013;0,25;Turkmenistan_2013
Turkmenistan;2014;0,07;Turkmenistan_2014
Turkmenistan;2015;-0,09;Turkmenistan_2015
Turkmenistan;2016;-0,19;Turkmenistan_2016
Turkmenistan;2017;-0,13;Turkmenistan_2017
Turkmenistan;2018;-0,01;Turkmenistan_2018
Tuvalu;2003;1,17;Tuvalu_2003
Tuvalu;2004;1,27;Tuvalu_2004
Tuvalu;2005;1,38;Tuvalu_2005
Tuvalu;2006;1,35;Tuvalu_2006
Tuvalu;2007;1,34;Tuvalu_2007
Tuvalu;2008;1,34;Tuvalu_2008
Tuvalu;2009;1,4;Tuvalu_2009
Tuvalu;2010;1,42;Tuvalu_2010
Tuvalu;2011;1,3;Tuvalu_2011
Tuvalu;2012;1,29;Tuvalu_2012
Tuvalu;2013;1,28;Tuvalu_2013
Tuvalu;2014;1,3;Tuvalu_2014
Tuvalu;2015;1,39;Tuvalu_2015
Tuvalu;2016;1,41;Tuvalu_2016
Tuvalu;2017;1,24;Tuvalu_2017
Tuvalu;2018;1,43;Tuvalu_2018
Uganda;2000;-1,25;Uganda_2000
Uganda;2002;-1,42;Uganda_2002
Uganda;2003;-1,56;Uganda_2003
Uganda;2004;-1,31;Uganda_2004
Uganda;2005;-1,42;Uganda_2005
Uganda;2006;-1,14;Uganda_2006
Uganda;2007;-0,92;Uganda_2007
Uganda;2008;-0,88;Uganda_2008
Uganda;2009;-0,99;Uganda_2009
Uganda;2010;-1,0;Uganda_2010
Uganda;2011;-0,98;Uganda_2011
Uganda;2012;-0,87;Uganda_2012
Uganda;2013;-0,84;Uganda_2013
Uganda;2014;-0,94;Uganda_2014
Uganda;2015;-0,8;Uganda_2015
Uganda;2016;-0,72;Uganda_2016
Uganda;2017;-0,57;Uganda_2017
Uganda;2018;-0,69;Uganda_2018
Ukraine;2000;-0,41;Ukraine_2000
Ukraine;2002;-0,3;Ukraine_2002
Ukraine;2003;-0,36;Ukraine_2003
Ukraine;2004;-0,47;Ukraine_2004
Ukraine;2005;-0,29;Ukraine_2005
Ukraine;2006;-0,04;Ukraine_2006
Ukraine;2007;0,17;Ukraine_2007
Ukraine;2008;0,04;Ukraine_2008
Ukraine;2009;-0,3;Ukraine_2009
Ukraine;2010;0,01;Ukraine_2010
Ukraine;2011;-0,07;Ukraine_2011
Ukraine;2012;-0,09;Ukraine_2012
Ukraine;2013;-0,78;Ukraine_2013
Ukraine;2014;-2,02;Ukraine_2014
Ukraine;2015;-1,96;Ukraine_2015
Ukraine;2016;-1,86;Ukraine_2016
Ukraine;2017;-1,87;Ukraine_2017
Ukraine;2018;-1,83;Ukraine_2018
United Arab Emirates;2000;0,98;United Arab Emirates_2000
United Arab Emirates;2002;0,93;United Arab Emirates_2002
United Arab Emirates;2003;1,0;United Arab Emirates_2003
United Arab Emirates;2004;0,77;United Arab Emirates_2004
United Arab Emirates;2005;0,88;United Arab Emirates_2005
United Arab Emirates;2006;0,92;United Arab Emirates_2006
United Arab Emirates;2007;0,98;United Arab Emirates_2007
United Arab Emirates;2008;0,7;United Arab Emirates_2008
United Arab Emirates;2009;0,92;United Arab Emirates_2009
United Arab Emirates;2010;0,8;United Arab Emirates_2010
United Arab Emirates;2011;0,91;United Arab Emirates_2011
United Arab Emirates;2012;0,86;United Arab Emirates_2012
United Arab Emirates;2013;0,89;United Arab Emirates_2013
United Arab Emirates;2014;0,77;United Arab Emirates_2014
United Arab Emirates;2015;0,76;United Arab Emirates_2015
United Arab Emirates;2016;0,56;United Arab Emirates_2016
United Arab Emirates;2017;0,62;United Arab Emirates_2017
United Arab Emirates;2018;0,74;United Arab Emirates_2018
United Kingdom of Great Britain and Northern Ireland;2000;1,04;United Kingdom of Great Britain and Northern Ireland_2000
United Kingdom of Great Britain and Northern Ireland;2002;0,68;United Kingdom of Great Britain and Northern Ireland_2002
United Kingdom of Great Britain and Northern Ireland;2003;0,27;United Kingdom of Great Britain and Northern Ireland_2003
United Kingdom of Great Britain and Northern Ireland;2004;0,14;United Kingdom of Great Britain and Northern Ireland_2004
United Kingdom of Great Britain and Northern Ireland;2005;0,13;United Kingdom of Great Britain and Northern Ireland_2005
United Kingdom of Great Britain and Northern Ireland;2006;0,67;United Kingdom of Great Britain and Northern Ireland_2006
United Kingdom of Great Britain and Northern Ireland;2007;0,58;United Kingdom of Great Britain and Northern Ireland_2007
United Kingdom of Great Britain and Northern Ireland;2008;0,49;United Kingdom of Great Britain and Northern Ireland_2008
United Kingdom of Great Britain and Northern Ireland;2009;0,12;United Kingdom of Great Britain and Northern Ireland_2009
United Kingdom of Great Britain and Northern Ireland;2010;0,41;United Kingdom of Great Britain and Northern Ireland_2010
United Kingdom of Great Britain and Northern Ireland;2011;0,35;United Kingdom of Great Britain and Northern Ireland_2011
United Kingdom of Great Britain and Northern Ireland;2012;0,4;United Kingdom of Great Britain and Northern Ireland_2012
United Kingdom of Great Britain and Northern Ireland;2013;0,49;United Kingdom of Great Britain and Northern Ireland_2013
United Kingdom of Great Britain and Northern Ireland;2014;0,42;United Kingdom of Great Britain and Northern Ireland_2014
United Kingdom of Great Britain and Northern Ireland;2015;0,52;United Kingdom of Great Britain and Northern Ireland_2015
United Kingdom of Great Britain and Northern Ireland;2016;0,36;United Kingdom of Great Britain and Northern Ireland_2016
United Kingdom of Great Britain and Northern Ireland;2017;0,33;United Kingdom of Great Britain and Northern Ireland_2017
United Kingdom of Great Britain and Northern Ireland;2018;0,05;United Kingdom of Great Britain and Northern Ireland_2018
United Republic of Tanzania;2000;-0,7;United Republic of Tanzania_2000
United Republic of Tanzania;2002;-0,25;United Republic of Tanzania_2002
United Republic of Tanzania;2003;-0,85;United Republic of Tanzania_2003
United Republic of Tanzania;2004;-0,67;United Republic of Tanzania_2004
United Republic of Tanzania;2005;-0,58;United Republic of Tanzania_2005
United Republic of Tanzania;2006;-0,36;United Republic of Tanzania_2006
United Republic of Tanzania;2007;-0,39;United Republic of Tanzania_2007
United Republic of Tanzania;2008;-0,23;United Republic of Tanzania_2008
United Republic of Tanzania;2009;0,09;United Republic of Tanzania_2009
United Republic of Tanzania;2010;0,01;United Republic of Tanzania_2010
United Republic of Tanzania;2011;-0,02;United Republic of Tanzania_2011
United Republic of Tanzania;2012;0,05;United Republic of Tanzania_2012
United Republic of Tanzania;2013;-0,16;United Republic of Tanzania_2013
United Republic of Tanzania;2014;-0,6;United Republic of Tanzania_2014
United Republic of Tanzania;2015;-0,42;United Republic of Tanzania_2015
United Republic of Tanzania;2016;-0,44;United Republic of Tanzania_2016
United Republic of Tanzania;2017;-0,56;United Republic of Tanzania_2017
United Republic of Tanzania;2018;-0,56;United Republic of Tanzania_2018
United States of America;2000;1,08;United States of America_2000
United States of America;2002;0,29;United States of America_2002
United States of America;2003;0,08;United States of America_2003
United States of America;2004;-0,23;United States of America_2004
United States of America;2005;-0,06;United States of America_2005
United States of America;2006;0,49;United States of America_2006
United States of America;2007;0,38;United States of America_2007
United States of America;2008;0,59;United States of America_2008
United States of America;2009;0,45;United States of America_2009
United States of America;2010;0,44;United States of America_2010
United States of America;2011;0,59;United States of America_2011
United States of America;2012;0,63;United States of America_2012
United States of America;2013;0,64;United States of America_2013
United States of America;2014;0,58;United States of America_2014
United States of America;2015;0,68;United States of America_2015
United States of America;2016;0,4;United States of America_2016
United States of America;2017;0,34;United States of America_2017
United States of America;2018;0,48;United States of America_2018
Uruguay;2000;0,93;Uruguay_2000
Uruguay;2002;0,84;Uruguay_2002
Uruguay;2003;0,71;Uruguay_2003
Uruguay;2004;0,59;Uruguay_2004
Uruguay;2005;0,78;Uruguay_2005
Uruguay;2006;0,9;Uruguay_2006
Uruguay;2007;0,84;Uruguay_2007
Uruguay;2008;0,85;Uruguay_2008
Uruguay;2009;0,79;Uruguay_2009
Uruguay;2010;0,82;Uruguay_2010
Uruguay;2011;0,96;Uruguay_2011
Uruguay;2012;0,71;Uruguay_2012
Uruguay;2013;0,8;Uruguay_2013
Uruguay;2014;0,99;Uruguay_2014
Uruguay;2015;1,0;Uruguay_2015
Uruguay;2016;1,06;Uruguay_2016
Uruguay;2017;1,05;Uruguay_2017
Uruguay;2018;1,05;Uruguay_2018
Uzbekistan;2000;-1,31;Uzbekistan_2000
Uzbekistan;2002;-1,06;Uzbekistan_2002
Uzbekistan;2003;-1,3;Uzbekistan_2003
Uzbekistan;2004;-1,46;Uzbekistan_2004
Uzbekistan;2005;-1,96;Uzbekistan_2005
Uzbekistan;2006;-1,78;Uzbekistan_2006
Uzbekistan;2007;-1,36;Uzbekistan_2007
Uzbekistan;2008;-1,21;Uzbekistan_2008
Uzbekistan;2009;-0,95;Uzbekistan_2009
Uzbekistan;2010;-0,72;Uzbekistan_2010
Uzbekistan;2011;-0,6;Uzbekistan_2011
Uzbekistan;2012;-0,52;Uzbekistan_2012
Uzbekistan;2013;-0,54;Uzbekistan_2013
Uzbekistan;2014;-0,27;Uzbekistan_2014
Uzbekistan;2015;-0,37;Uzbekistan_2015
Uzbekistan;2016;-0,27;Uzbekistan_2016
Uzbekistan;2017;-0,24;Uzbekistan_2017
Uzbekistan;2018;-0,28;Uzbekistan_2018
Vanuatu;2000;1,22;Vanuatu_2000
Vanuatu;2002;1,16;Vanuatu_2002
Vanuatu;2003;0,76;Vanuatu_2003
Vanuatu;2004;0,62;Vanuatu_2004
Vanuatu;2005;1,38;Vanuatu_2005
Vanuatu;2006;1,35;Vanuatu_2006
Vanuatu;2007;1,23;Vanuatu_2007
Vanuatu;2008;1,18;Vanuatu_2008
Vanuatu;2009;1,23;Vanuatu_2009
Vanuatu;2010;1,28;Vanuatu_2010
Vanuatu;2011;1,11;Vanuatu_2011
Vanuatu;2012;1,2;Vanuatu_2012
Vanuatu;2013;1,16;Vanuatu_2013
Vanuatu;2014;0,64;Vanuatu_2014
Vanuatu;2015;0,48;Vanuatu_2015
Vanuatu;2016;0,51;Vanuatu_2016
Vanuatu;2017;0,7;Vanuatu_2017
Vanuatu;2018;0,84;Vanuatu_2018
Venezuela (Bolivarian Republic of);2000;-0,76;Venezuela (Bolivarian Republic of)_2000
Venezuela (Bolivarian Republic of);2002;-1,32;Venezuela (Bolivarian Republic of)_2002
Venezuela (Bolivarian Republic of);2003;-1,29;Venezuela (Bolivarian Republic of)_2003
Venezuela (Bolivarian Republic of);2004;-1,39;Venezuela (Bolivarian Republic of)_2004
Venezuela (Bolivarian Republic of);2005;-1,25;Venezuela (Bolivarian Republic of)_2005
Venezuela (Bolivarian Republic of);2006;-1,25;Venezuela (Bolivarian Republic of)_2006
Venezuela (Bolivarian Republic of);2007;-1,23;Venezuela (Bolivarian Republic of)_2007
Venezuela (Bolivarian Republic of);2008;-1,31;Venezuela (Bolivarian Republic of)_2008
Venezuela (Bolivarian Republic of);2009;-1,28;Venezuela (Bolivarian Republic of)_2009
Venezuela (Bolivarian Republic of);2010;-1,26;Venezuela (Bolivarian Republic of)_2010
Venezuela (Bolivarian Republic of);2011;-1,09;Venezuela (Bolivarian Republic of)_2011
Venezuela (Bolivarian Republic of);2012;-1,03;Venezuela (Bolivarian Republic of)_2012
Venezuela (Bolivarian Republic of);2013;-1,08;Venezuela (Bolivarian Republic of)_2013
Venezuela (Bolivarian Republic of);2014;-0,85;Venezuela (Bolivarian Republic of)_2014
Venezuela (Bolivarian Republic of);2015;-0,98;Venezuela (Bolivarian Republic of)_2015
Venezuela (Bolivarian Republic of);2016;-1,02;Venezuela (Bolivarian Republic of)_2016
Venezuela (Bolivarian Republic of);2017;-1,25;Venezuela (Bolivarian Republic of)_2017
Venezuela (Bolivarian Republic of);2018;-1,34;Venezuela (Bolivarian Republic of)_2018
Viet Nam;2000;0,41;Viet Nam_2000
Viet Nam;2002;0,35;Viet Nam_2002
Viet Nam;2003;0,13;Viet Nam_2003
Viet Nam;2004;0,15;Viet Nam_2004
Viet Nam;2005;0,48;Viet Nam_2005
Viet Nam;2006;0,4;Viet Nam_2006
Viet Nam;2007;0,25;Viet Nam_2007
Viet Nam;2008;0,16;Viet Nam_2008
Viet Nam;2009;0,27;Viet Nam_2009
Viet Nam;2010;0,15;Viet Nam_2010
Viet Nam;2011;0,19;Viet Nam_2011
Viet Nam;2012;0,27;Viet Nam_2012
Viet Nam;2013;0,25;Viet Nam_2013
Viet Nam;2014;-0,02;Viet Nam_2014
Viet Nam;2015;0,07;Viet Nam_2015
Viet Nam;2016;0,23;Viet Nam_2016
Viet Nam;2017;0,29;Viet Nam_2017
Viet Nam;2018;0,2;Viet Nam_2018
Yemen;2000;-1,14;Yemen_2000
Yemen;2002;-1,31;Yemen_2002
Yemen;2003;-1,48;Yemen_2003
Yemen;2004;-1,55;Yemen_2004
Yemen;2005;-1,44;Yemen_2005
Yemen;2006;-1,35;Yemen_2006
Yemen;2007;-1,59;Yemen_2007
Yemen;2008;-2,01;Yemen_2008
Yemen;2009;-2,33;Yemen_2009
Yemen;2010;-2,42;Yemen_2010
Yemen;2011;-2,43;Yemen_2011
Yemen;2012;-2,43;Yemen_2012
Yemen;2013;-2,37;Yemen_2013
Yemen;2014;-2,67;Yemen_2014
Yemen;2015;-2,68;Yemen_2015
Yemen;2016;-2,79;Yemen_2016
Yemen;2017;-2,94;Yemen_2017
Yemen;2018;-3,0;Yemen_2018
Zambia;2000;0,03;Zambia_2000
Zambia;2002;-0,28;Zambia_2002
Zambia;2003;0,22;Zambia_2003
Zambia;2004;0,19;Zambia_2004
Zambia;2005;0,11;Zambia_2005
Zambia;2006;0,36;Zambia_2006
Zambia;2007;0,36;Zambia_2007
Zambia;2008;0,47;Zambia_2008
Zambia;2009;0,57;Zambia_2009
Zambia;2010;0,52;Zambia_2010
Zambia;2011;0,51;Zambia_2011
Zambia;2012;0,66;Zambia_2012
Zambia;2013;0,44;Zambia_2013
Zambia;2014;0,16;Zambia_2014
Zambia;2015;0,15;Zambia_2015
Zambia;2016;0,14;Zambia_2016
Zambia;2017;0,15;Zambia_2017
Zambia;2018;0,14;Zambia_2018
Zimbabwe;2000;-1,32;Zimbabwe_2000
Zimbabwe;2002;-1,52;Zimbabwe_2002
Zimbabwe;2003;-1,09;Zimbabwe_2003
Zimbabwe;2004;-1,21;Zimbabwe_2004
Zimbabwe;2005;-1,27;Zimbabwe_2005
Zimbabwe;2006;-0,93;Zimbabwe_2006
Zimbabwe;2007;-1,11;Zimbabwe_2007
Zimbabwe;2008;-1,21;Zimbabwe_2008
Zimbabwe;2009;-1,17;Zimbabwe_2009
Zimbabwe;2010;-1,1;Zimbabwe_2010
Zimbabwe;2011;-0,95;Zimbabwe_2011
Zimbabwe;2012;-0,78;Zimbabwe_2012
Zimbabwe;2013;-0,67;Zimbabwe_2013
Zimbabwe;2014;-0,71;Zimbabwe_2014
Zimbabwe;2015;-0,62;Zimbabwe_2015
Zimbabwe;2016;-0,62;Zimbabwe_2016
Zimbabwe;2017;-0,71;Zimbabwe_2017
Zimbabwe;2018;-0,71;Zimbabwe_2018
