country;year;pop_rural;pop_total;pop_urban;country_year
Afghanistan;2000;15657,474;20779,953;4436,282;Afghanistan_2000
Afghanistan;2001;16318,324;21606,988;4648,139;Afghanistan_2001
Afghanistan;2002;17086,91;22600,77;4893,013;Afghanistan_2002
Afghanistan;2003;17909,063;23680,871;5155,788;Afghanistan_2003
Afghanistan;2004;18692,107;24726,684;5426,872;Afghanistan_2004
Afghanistan;2005;19378,962;25654,277;5691,836;Afghanistan_2005
Afghanistan;2006;19961,972;26433,049;5931,478;Afghanistan_2006
Afghanistan;2007;20464,923;27100,536;6151,869;Afghanistan_2007
Afghanistan;2008;20929,119;27722,276;6364,912;Afghanistan_2008
Afghanistan;2009;21415,593;28394,813;6588,738;Afghanistan_2009
Afghanistan;2010;21966,187;29185,507;6836,98;Afghanistan_2010
Afghanistan;2011;22594,126;30117,413;7114,473;Afghanistan_2011
Afghanistan;2012;23280,663;31161,376;7416,295;Afghanistan_2012
Afghanistan;2013;23997,856;32269,589;7733,832;Afghanistan_2013
Afghanistan;2014;24703,798;33370,794;8054,222;Afghanistan_2014
Afghanistan;2015;25368,923;34413,603;8367,571;Afghanistan_2015
Afghanistan;2016;25985,093;35383,032;8670,939;Afghanistan_2016
Afghanistan;2017;26558,609;36296,113;8971,472;Afghanistan_2017
Afghanistan;2018;27099,874;37171,921;9273,302;Afghanistan_2018
Albania;2000;1818,833;3129,243;1303,137;Albania_2000
Albania;2001;1797,423;3129,704;1324,985;Albania_2001
Albania;2002;1762,229;3126,187;1356,8;Albania_2002
Albania;2003;1724,344;3118,023;1386,661;Albania_2003
Albania;2004;1683,584;3104,892;1414,163;Albania_2004
Albania;2005;1640,246;3086,81;1438,933;Albania_2005
Albania;2006;1593,892;3063,021;1460,439;Albania_2006
Albania;2007;1545,166;3033,998;1478,741;Albania_2007
Albania;2008;1496,108;3002,678;1495,543;Albania_2008
Albania;2009;1449,427;2973,048;1513,208;Albania_2009
Albania;2010;1406,665;2948,023;1533,86;Albania_2010
Albania;2011;1368,297;2928,592;1558,362;Albania_2011
Albania;2012;1333,585;2914,096;1586,454;Albania_2012
Albania;2013;1302,236;2903,79;1616,742;Albania_2013
Albania;2014;1272,79;2896,305;1647,985;Albania_2014
Albania;2015;1244,341;2890,513;1679,011;Albania_2015
Albania;2016;1216,737;2886,438;1709,611;Albania_2016
Albania;2017;1190,155;2884,169;1740,032;Albania_2017
Albania;2018;1164,388;2882,74;1769,975;Albania_2018
Algeria;2000;12498,847;31042,235;18684,813;Algeria_2000
Algeria;2001;12411,94;31451,514;19180,213;Algeria_2001
Algeria;2002;12317,847;31855,109;19677,199;Algeria_2002
Algeria;2003;12221,443;32264,157;20182,071;Algeria_2003
Algeria;2004;12127,441;32692,163;20703,655;Algeria_2004
Algeria;2005;12040,491;33149,724;21247,946;Algeria_2005
Algeria;2006;11959,903;33641,002;21818,012;Algeria_2006
Algeria;2007;11885,693;34166,972;22414,383;Algeria_2007
Algeria;2008;11818,949;34730,608;23041,766;Algeria_2008
Algeria;2009;11765,339;35333,881;23700,421;Algeria_2009
Algeria;2010;11723,941;35977,455;24393,696;Algeria_2010
Algeria;2011;11695,477;36661,445;25124,081;Algeria_2011
Algeria;2012;11677,502;37383,895;25888,345;Algeria_2012
Algeria;2013;11664,03;38140,133;26674,532;Algeria_2013
Algeria;2014;11647,651;38923,692;27465,662;Algeria_2014
Algeria;2015;11623,281;39728,025;28248,247;Algeria_2015
Algeria;2016;11589,537;40551,392;29016,515;Algeria_2016
Algeria;2017;11547,532;41389,189;29770,61;Algeria_2017
Algeria;2018;11498,038;42228,408;30510,016;Algeria_2018
Andorra;2000;4,973;65,39;60,417;Andorra_2000
Andorra;2001;5,349;67,341;61,992;Andorra_2001
Andorra;2002;5,855;70,049;64,194;Andorra_2002
Andorra;2003;6,435;73,182;66,747;Andorra_2003
Andorra;2004;7,052;76,244;69,192;Andorra_2004
Andorra;2005;7,662;78,867;71,205;Andorra_2005
Andorra;2006;8,256;80,993;72,735;Andorra_2006
Andorra;2007;8,84;82,684;73,843;Andorra_2007
Andorra;2008;9,221;83,862;74,64;Andorra_2008
Andorra;2009;9,365;84,463;75,097;Andorra_2009
Andorra;2010;9,442;84,449;75,007;Andorra_2010
Andorra;2011;9,442;83,747;74,309;Andorra_2011
Andorra;2012;9,371;82,427;73,06;Andorra_2012
Andorra;2013;9,261;80,774;71,527;Andorra_2013
Andorra;2014;9,157;79,213;70,066;Andorra_2014
Andorra;2015;9,093;78,011;68,921;Andorra_2015
Andorra;2016;9,082;77,297;68,199;Andorra_2016
Andorra;2017;9,12;77,001;67,845;Andorra_2017
Andorra;2018;9,187;77,006;67,766;Andorra_2018
Angola;2000;8206,1;16395,473;8234,824;Angola_2000
Angola;2001;8275,248;16945,753;8708,018;Angola_2001
Angola;2002;8353,851;17519,417;9218,798;Angola_2002
Angola;2003;8438,128;18121,479;9765,241;Angola_2003
Angola;2004;8522,221;18758,145;10343,495;Angola_2004
Angola;2005;8603,118;19433,602;10949,424;Angola_2005
Angola;2006;8760,7;20149,901;11501,699;Angola_2006
Angola;2007;8918,911;20905,363;12078,776;Angola_2007
Angola;2008;9077,515;21695,634;12681,905;Angola_2008
Angola;2009;9237,545;22514,281;13312,002;Angola_2009
Angola;2010;9398,277;23356,246;13970,854;Angola_2010
Angola;2011;9559,614;24220,661;14658,951;Angola_2011
Angola;2012;9720,169;25107,931;15375,981;Angola_2012
Angola;2013;9878,943;26015,781;16119,397;Angola_2013
Angola;2014;10033,109;26941,779;16887,357;Angola_2014
Angola;2015;10183,56;27884,381;17675,745;Angola_2015
Angola;2016;10329,86;28842,489;18483,603;Angola_2016
Angola;2017;10472,554;29816,766;19311,639;Angola_2017
Angola;2018;10612,667;30809,787;20161,538;Angola_2018
Antigua and Barbuda;2000;56,731;76,016;26,853;Antigua and Barbuda_2000
Antigua and Barbuda;2001;58,06;77,212;26,997;Antigua and Barbuda_2001
Antigua and Barbuda;2002;59,439;78,295;26,827;Antigua and Barbuda_2002
Antigua and Barbuda;2003;60,7;79,3;26,593;Antigua and Barbuda_2003
Antigua and Barbuda;2004;61,924;80,336;26,333;Antigua and Barbuda_2004
Antigua and Barbuda;2005;63,175;81,465;26,078;Antigua and Barbuda_2005
Antigua and Barbuda;2006;64,469;82,704;25,832;Antigua and Barbuda_2006
Antigua and Barbuda;2007;65,792;84,026;25,589;Antigua and Barbuda_2007
Antigua and Barbuda;2008;67,134;85,397;25,344;Antigua and Barbuda_2008
Antigua and Barbuda;2009;68,485;86,746;25,096;Antigua and Barbuda_2009
Antigua and Barbuda;2010;69,824;88,028;24,837;Antigua and Barbuda_2010
Antigua and Barbuda;2011;71,116;89,253;24,603;Antigua and Barbuda_2011
Antigua and Barbuda;2012;72,074;90,409;24,703;Antigua and Barbuda_2012
Antigua and Barbuda;2013;73,026;91,516;24,798;Antigua and Barbuda_2013
Antigua and Barbuda;2014;73,984;92,562;24,891;Antigua and Barbuda_2014
Antigua and Barbuda;2015;74,942;93,566;24,981;Antigua and Barbuda_2015
Antigua and Barbuda;2016;75,878;94,527;25,085;Antigua and Barbuda_2016
Antigua and Barbuda;2017;76,802;95,426;25,21;Antigua and Barbuda_2017
Antigua and Barbuda;2018;77,7;96,286;25,35;Antigua and Barbuda_2018
Argentina;2000;4023,693;36870,787;33033,759;Argentina_2000
Argentina;2001;3998,739;37275,652;33472,77;Argentina_2001
Argentina;2002;3974,741;37681,749;33914,629;Argentina_2002
Argentina;2003;3951,197;38087,868;34358,182;Argentina_2003
Argentina;2004;3927,028;38491,972;34801,668;Argentina_2004
Argentina;2005;3902,354;38892,931;35243,134;Argentina_2005
Argentina;2006;3876,846;39289,878;35682,044;Argentina_2006
Argentina;2007;3850,764;39684,295;36119,46;Argentina_2007
Argentina;2008;3824,321;40080,16;36558,068;Argentina_2008
Argentina;2009;3798,178;40482,788;37001,229;Argentina_2009
Argentina;2010;3772,3;40895,752;37451,589;Argentina_2010
Argentina;2011;3753,49;41320,5;37903,389;Argentina_2011
Argentina;2012;3737,979;41755,196;38358,76;Argentina_2012
Argentina;2013;3722,489;42196,03;38817,436;Argentina_2013
Argentina;2014;3706,372;42637,511;39275,143;Argentina_2014
Argentina;2015;3689,407;43075,416;39728,358;Argentina_2015
Argentina;2016;3671,449;43508,46;40175,981;Argentina_2016
Argentina;2017;3652,804;43937,14;40618,237;Argentina_2017
Argentina;2018;3632,997;44361,15;41055,867;Argentina_2018
Armenia;2000;1084,598;3069,591;1984,99;Armenia_2000
Armenia;2001;1086,476;3050,687;1964,179;Armenia_2001
Armenia;2002;1085,046;3033,978;1948,851;Armenia_2002
Armenia;2003;1082,281;3017,932;1935,525;Armenia_2003
Armenia;2004;1079,095;3000,72;1921,517;Armenia_2004
Armenia;2005;1075,092;2981,269;1906,167;Armenia_2005
Armenia;2006;1069,827;2958,307;1888,673;Armenia_2006
Armenia;2007;1063,546;2932,618;1869,51;Armenia_2007
Armenia;2008;1057,443;2907,618;1850,777;Armenia_2008
Armenia;2009;1053,182;2888,092;1835,402;Armenia_2009
Armenia;2010;1051,946;2877,319;1825,365;Armenia_2010
Armenia;2011;1054,19;2876,538;1821,391;Armenia_2011
Armenia;2012;1059,405;2884,234;1822,517;Armenia_2012
Armenia;2013;1065,858;2897,588;1827,651;Armenia_2013
Armenia;2014;1072,043;2912,409;1834,177;Armenia_2014
Armenia;2015;1076,799;2925,553;1840,151;Armenia_2015
Armenia;2016;1079,792;2936,143;1845,024;Armenia_2016
Armenia;2017;1081,248;2944,791;1849,202;Armenia_2017
Armenia;2018;1081,275;2951,745;1852,877;Armenia_2018
Australia;2000;3005,744;18991,431;16060,093;Australia_2000
Australia;2001;3063,632;19194,672;16204,901;Australia_2001
Australia;2002;3072,827;19401,368;16402,364;Australia_2002
Australia;2003;3084,036;19624,166;16612,936;Australia_2003
Australia;2004;3099,437;19879,649;16848,992;Australia_2004
Australia;2005;3120,469;20178,54;17118,434;Australia_2005
Australia;2006;3147,693;20526,303;17425,913;Australia_2006
Australia;2007;3179,302;20916,344;17767,362;Australia_2007
Australia;2008;3213,567;21332,282;18128,926;Australia_2008
Australia;2009;3247,226;21750,851;18491,814;Australia_2009
Australia;2010;3277,772;22154,679;18842,292;Australia_2010
Australia;2011;3304,468;22538,001;19175,331;Australia_2011
Australia;2012;3331,639;22903,948;19490,21;Australia_2012
Australia;2013;3356,405;23254,913;19794,324;Australia_2013
Australia;2014;3379,903;23596,424;20094,765;Australia_2014
Australia;2015;3403,025;23932,502;20396,531;Australia_2015
Australia;2016;3425,805;24262,712;20700,043;Australia_2016
Australia;2017;3446,638;24584,62;21003,923;Australia_2017
Australia;2018;3465,207;24898,152;21307,04;Australia_2018
Austria;2000;3210,563;8069,276;4858,713;Austria_2000
Austria;2001;3244,424;8097,748;4853,324;Austria_2001
Austria;2002;3281,833;8134,412;4852,579;Austria_2002
Austria;2003;3321,438;8175,852;4854,414;Austria_2003
Austria;2004;3361,157;8216,805;4855,648;Austria_2004
Austria;2005;3399,4;8253,65;4854,25;Austria_2005
Austria;2006;3435,541;8285,343;4849,194;Austria_2006
Austria;2007;3470,218;8313,737;4841,565;Austria_2007
Austria;2008;3504,967;8341,532;4833,486;Austria_2008
Austria;2009;3541,925;8372,663;4828,113;Austria_2009
Austria;2010;3582,684;8409,949;4827,265;Austria_2010
Austria;2011;3628,001;8453,501;4831,863;Austria_2011
Austria;2012;3650,043;8502,227;4867,505;Austria_2012
Austria;2013;3659,591;8556,189;4918,191;Austria_2013
Austria;2014;3666,869;8615,214;4966,351;Austria_2014
Austria;2015;3669,727;8678,66;5008,93;Austria_2015
Austria;2016;3667,377;8747,301;5044,76;Austria_2016
Austria;2017;3660,707;8819,901;5074,746;Austria_2017
Austria;2018;3649,748;8891,388;5102,072;Austria_2018
Azerbaijan;2000;3948,767;8122,741;4173,974;Azerbaijan_2000
Azerbaijan;2001;3968,573;8197,298;4228,706;Azerbaijan_2001
Azerbaijan;2002;3990,569;8277,061;4286,446;Azerbaijan_2002
Azerbaijan;2003;4014,461;8361,433;4346,898;Azerbaijan_2003
Azerbaijan;2004;4039,517;8448,946;4409,365;Azerbaijan_2004
Azerbaijan;2005;4065,323;8538,605;4473,283;Azerbaijan_2005
Azerbaijan;2006;4091,637;8630,146;4538,558;Azerbaijan_2006
Azerbaijan;2007;4118,78;8724,243;4605,524;Azerbaijan_2007
Azerbaijan;2008;4147,173;8821,873;4674,735;Azerbaijan_2008
Azerbaijan;2009;4177,524;8924,388;4746,883;Azerbaijan_2009
Azerbaijan;2010;4208,623;9032,461;4823,834;Azerbaijan_2010
Azerbaijan;2011;4240,564;9146,275;4905,815;Azerbaijan_2011
Azerbaijan;2012;4272,681;9264,692;4992,236;Azerbaijan_2012
Azerbaijan;2013;4303,619;9385,468;5081,674;Azerbaijan_2013
Azerbaijan;2014;4331,615;9505,622;5172,156;Azerbaijan_2014
Azerbaijan;2015;4355,344;9622,745;5262,14;Azerbaijan_2015
Azerbaijan;2016;4374,332;9736,043;5351,044;Azerbaijan_2016
Azerbaijan;2017;4388,663;9845,32;5438,926;Azerbaijan_2017
Azerbaijan;2018;4398,268;9949,537;5525,646;Azerbaijan_2018
Bahamas;2000;53,599;298,051;244,291;Bahamas_2000
Bahamas;2001;54,415;302,618;248,72;Bahamas_2001
Bahamas;2002;55,365;307,66;253,792;Bahamas_2002
Bahamas;2003;56,412;313,129;259,334;Bahamas_2003
Bahamas;2004;57,487;318,894;265,039;Bahamas_2004
Bahamas;2005;58,548;324,859;270,701;Bahamas_2005
Bahamas;2006;59,577;331,033;276,253;Bahamas_2006
Bahamas;2007;60,587;337,389;281,741;Bahamas_2007
Bahamas;2008;61,564;343,681;287,112;Bahamas_2008
Bahamas;2009;62,508;349,604;292,348;Bahamas_2009
Bahamas;2010;63,41;354,942;297,422;Bahamas_2010
Bahamas;2011;64,238;359,578;302,33;Bahamas_2011
Bahamas;2012;64,986;363,584;307,053;Bahamas_2012
Bahamas;2013;65,653;367,169;311,587;Bahamas_2013
Bahamas;2014;66,238;370,633;315,931;Bahamas_2014
Bahamas;2015;66,744;374,206;320,094;Bahamas_2015
Bahamas;2016;67,166;377,93;324,066;Bahamas_2016
Bahamas;2017;67,508;381,755;327,853;Bahamas_2017
Bahamas;2018;67,779;385,637;331,506;Bahamas_2018
Bahrain;2000;77,278;664,611;587,336;Bahrain_2000
Bahrain;2001;81,13;697,545;616,419;Bahrain_2001
Bahrain;2002;85,478;735,146;649,67;Bahrain_2002
Bahrain;2003;90,466;778,708;688,245;Bahrain_2003
Bahrain;2004;96,27;829,844;733,578;Bahrain_2004
Bahrain;2005;102,947;889,164;786,221;Bahrain_2005
Bahrain;2006;110,681;958,418;847,733;Bahrain_2006
Bahrain;2007;119,256;1035,919;916,635;Bahrain_2007
Bahrain;2008;127,843;1114,641;986,747;Bahrain_2008
Bahrain;2009;135,345;1185,076;1049,684;Bahrain_2009
Bahrain;2010;141,04;1240,86;1099,822;Bahrain_2010
Bahrain;2011;144,51;1278,151;1133,759;Bahrain_2011
Bahrain;2012;146,117;1299,944;1154,1;Bahrain_2012
Bahrain;2013;146,861;1315,028;1168,55;Bahrain_2013
Bahrain;2014;148,146;1336,075;1188,251;Bahrain_2014
Bahrain;2015;150,912;1371,851;1220,943;Bahrain_2015
Bahrain;2016;155,487;1425,792;1269,684;Bahrain_2016
Bahrain;2017;161,409;1494,076;1331,175;Bahrain_2017
Bahrain;2018;167,867;1569,446;1399,126;Bahrain_2018
Bangladesh;2000;100540,592;127657,854;31040,651;Bangladesh_2000
Bangladesh;2001;101793,097;130088,702;32314,063;Bangladesh_2001
Bangladesh;2002;102783,564;132478,086;33817,103;Bangladesh_2002
Bangladesh;2003;103668,291;134791,603;35350,71;Bangladesh_2003
Bangladesh;2004;104406,336;136986,432;36901,153;Bangladesh_2004
Bangladesh;2005;104978,125;139035,505;38452,976;Bangladesh_2005
Bangladesh;2006;105366,709;140921,167;40001,295;Bangladesh_2006
Bangladesh;2007;105592,037;142660,376;41547,154;Bangladesh_2007
Bangladesh;2008;105699,286;144304,167;43106,528;Bangladesh_2008
Bangladesh;2009;105756,065;145924,797;44698,643;Bangladesh_2009
Bangladesh;2010;105802,013;147575,43;46347,089;Bangladesh_2010
Bangladesh;2011;105853,212;149273,139;48058,704;Bangladesh_2011
Bangladesh;2012;105905,797;151005,739;49821,256;Bangladesh_2012
Bangladesh;2013;105947,078;152761,418;51624,214;Bangladesh_2013
Bangladesh;2014;105949,491;154517,382;53455,788;Bangladesh_2014
Bangladesh;2015;105895,754;156256,276;55305,132;Bangladesh_2015
Bangladesh;2016;105783,53;157977,153;57168,03;Bangladesh_2016
Bangladesh;2017;105622,933;159685,424;59046,818;Bangladesh_2017
Bangladesh;2018;105423,904;161376,708;60944,245;Bangladesh_2018
Barbados;2000;178,566;271,515;91,281;Barbados_2000
Barbados;2001;179,657;272,5;91,028;Barbados_2001
Barbados;2002;180,72;273,425;90,758;Barbados_2002
Barbados;2003;181,776;274,329;90,482;Barbados_2003
Barbados;2004;182,87;275,284;90,221;Barbados_2004
Barbados;2005;184,021;276,323;89,988;Barbados_2005
Barbados;2006;185,251;277,477;89,788;Barbados_2006
Barbados;2007;186,537;278,7;89,613;Barbados_2007
Barbados;2008;187,866;279,946;89,453;Barbados_2008
Barbados;2009;189,184;281,104;89,286;Barbados_2009
Barbados;2010;190,47;282,131;89,099;Barbados_2010
Barbados;2011;191,65;282,987;88,951;Barbados_2011
Barbados;2012;192,736;283,701;88,849;Barbados_2012
Barbados;2013;193,719;284,296;88,79;Barbados_2013
Barbados;2014;194,607;284,826;88,778;Barbados_2014
Barbados;2015;195,402;285,324;88,815;Barbados_2015
Barbados;2016;196,098;285,796;88,898;Barbados_2016
Barbados;2017;196,693;286,232;89,026;Barbados_2017
Barbados;2018;197,187;286,641;89,201;Barbados_2018
Belarus;2000;2982,752;9871,632;6950,857;Belarus_2000
Belarus;2001;2916,67;9811,401;6956,291;Belarus_2001
Belarus;2002;2850,055;9745,923;6957,077;Belarus_2002
Belarus;2003;2784,17;9679,235;6955,884;Belarus_2003
Belarus;2004;2720,421;9616,634;6956,481;Belarus_2004
Belarus;2005;2660,005;9562,088;6961,538;Belarus_2005
Belarus;2006;2602,913;9516,883;6972,13;Belarus_2006
Belarus;2007;2548,939;9480,515;6987,925;Belarus_2007
Belarus;2008;2497,993;9452,855;7009,338;Belarus_2008
Belarus;2009;2450,081;9433,152;7036,158;Belarus_2009
Belarus;2010;2399,353;9420,574;7073,718;Belarus_2010
Belarus;2011;2349,339;9415,32;7119,161;Belarus_2011
Belarus;2012;2301,873;9417,046;7169,857;Belarus_2012
Belarus;2013;2256,12;9423,506;7222,782;Belarus_2013
Belarus;2014;2210,624;9431,735;7274,227;Belarus_2014
Belarus;2015;2164,605;9439,423;7321,167;Belarus_2015
Belarus;2016;2117,714;9445,643;7362,328;Belarus_2016
Belarus;2017;2070,383;9450,231;7397,955;Belarus_2017
Belarus;2018;2023,242;9452,617;7428,871;Belarus_2018
Belgium;2000;295,224;10282,033;9986,809;Belgium_2000
Belgium;2001;290,416;10319,019;10028,603;Belgium_2001
Belgium;2002;285,916;10364,885;10078,969;Belgium_2002
Belgium;2003;281,701;10419,032;10137,331;Belgium_2003
Belgium;2004;277,714;10480,117;10202,403;Belgium_2004
Belgium;2005;273,934;10546,886;10272,952;Belgium_2005
Belgium;2006;270,335;10619,475;10349,232;Belgium_2006
Belgium;2007;266,907;10697,572;10430,928;Belgium_2007
Belgium;2008;263,573;10778,758;10515,6;Belgium_2008
Belgium;2009;260,273;10859,94;10600,017;Belgium_2009
Belgium;2010;256,927;10938,739;10681,812;Belgium_2010
Belgium;2011;253,515;11013,853;10759,568;Belgium_2011
Belgium;2012;250,039;11085,358;10833,511;Belgium_2012
Belgium;2013;246,557;11154,009;10904,955;Belgium_2013
Belgium;2014;243,099;11221,231;10976,062;Belgium_2014
Belgium;2015;239,703;11287,94;11048,237;Belgium_2015
Belgium;2016;236,371;11354,42;11122,008;Belgium_2016
Belgium;2017;233,097;11419,748;11196,239;Belgium_2017
Belgium;2018;229,844;11482,178;11268,675;Belgium_2018
Belize;2000;135,04;247,315;112,275;Belize_2000
Belize;2001;139,27;255,063;115,714;Belize_2001
Belize;2002;143,26;262,378;118,946;Belize_2002
Belize;2003;147,088;269,425;122,042;Belize_2003
Belize;2004;150,939;276,504;125,15;Belize_2004
Belize;2005;154,917;283,8;128,36;Belize_2005
Belize;2006;159,051;291,329;131,696;Belize_2006
Belize;2007;163,292;299,025;135,115;Belize_2007
Belize;2008;167,59;306,823;138,575;Belize_2008
Belize;2009;171,893;314,655;142,036;Belize_2009
Belize;2010;176,152;322,464;145,456;Belize_2010
Belize;2011;180,304;330,237;148,888;Belize_2011
Belize;2012;184,356;338,0;152,345;Belize_2012
Belize;2013;188,329;345,715;155,852;Belize_2013
Belize;2014;192,252;353,366;159,442;Belize_2014
Belize;2015;196,149;360,933;163,139;Belize_2015
Belize;2016;200,009;368,4;166,945;Belize_2016
Belize;2017;203,824;375,769;170,857;Belize_2017
Belize;2018;207,573;383,071;174,871;Belize_2018
Benin;2000;4234,053;6865,951;2631,898;Benin_2000
Benin;2001;4341,571;7076,733;2735,162;Benin_2001
Benin;2002;4447,579;7295,394;2847,815;Benin_2002
Benin;2003;4547,23;7520,555;2973,325;Benin_2003
Benin;2004;4646,975;7750,004;3103,029;Benin_2004
Benin;2005;4746,002;7982,225;3236,223;Benin_2005
Benin;2006;4843,912;8216,897;3372,984;Benin_2006
Benin;2007;4941,169;8454,793;3513,622;Benin_2007
Benin;2008;5038,238;8696,921;3658,678;Benin_2008
Benin;2009;5136,061;8944,708;3808,645;Benin_2009
Benin;2010;5234,987;9199,259;3964,272;Benin_2010
Benin;2011;5335,1;9460,831;4125,702;Benin_2011
Benin;2012;5436,123;9729,249;4293,037;Benin_2012
Benin;2013;5538,224;10004,591;4466,227;Benin_2013
Benin;2014;5640,645;10286,844;4646,067;Benin_2014
Benin;2015;5743,319;10575,952;4832,633;Benin_2015
Benin;2016;5846,177;10872,063;5026,121;Benin_2016
Benin;2017;5949,046;11175,198;5226,646;Benin_2017
Benin;2018;6051,546;11485,044;5434,128;Benin_2018
Bhutan;2000;427,663;591,021;145,753;Bhutan_2000
Bhutan;2001;433,476;603,64;156,124;Bhutan_2001
Bhutan;2002;439,213;616,018;167,186;Bhutan_2002
Bhutan;2003;444,581;627,839;178,853;Bhutan_2003
Bhutan;2004;449,256;638,815;191,026;Bhutan_2004
Bhutan;2005;453,31;648,739;203,329;Bhutan_2005
Bhutan;2006;459,05;657,41;213,178;Bhutan_2006
Bhutan;2007;463,91;664,876;223,048;Bhutan_2007
Bhutan;2008;467,983;671,613;232,967;Bhutan_2008
Bhutan;2009;471,472;678,323;242,986;Bhutan_2009
Bhutan;2010;474,47;685,503;253,171;Bhutan_2010
Bhutan;2011;476,998;693,298;263,512;Bhutan_2011
Bhutan;2012;479,102;701,581;273,865;Bhutan_2012
Bhutan;2013;480,787;710,237;284,174;Bhutan_2013
Bhutan;2014;482,036;719,055;294,412;Bhutan_2014
Bhutan;2015;482,844;727,876;304,542;Bhutan_2015
Bhutan;2016;483,225;736,708;314,54;Bhutan_2016
Bhutan;2017;483,217;745,563;324,393;Bhutan_2017
Bhutan;2018;482,916;754,388;334,138;Bhutan_2018
Bolivia (Plurinational State of);2000;3186,751;8418,264;5152,761;Bolivia (Plurinational State of)_2000
Bolivia (Plurinational State of);2001;3202,596;8580,235;5293,779;Bolivia (Plurinational State of)_2001
Bolivia (Plurinational State of);2002;3220,542;8742,814;5432,803;Bolivia (Plurinational State of)_2002
Bolivia (Plurinational State of);2003;3238,033;8905,823;5572,387;Bolivia (Plurinational State of)_2003
Bolivia (Plurinational State of);2004;3254,315;9069,039;5713,426;Bolivia (Plurinational State of)_2004
Bolivia (Plurinational State of);2005;3269,61;9232,306;5855,799;Bolivia (Plurinational State of)_2005
Bolivia (Plurinational State of);2006;3283,729;9395,446;5999,605;Bolivia (Plurinational State of)_2006
Bolivia (Plurinational State of);2007;3296,72;9558,439;6144,724;Bolivia (Plurinational State of)_2007
Bolivia (Plurinational State of);2008;3308,578;9721,454;6291,277;Bolivia (Plurinational State of)_2008
Bolivia (Plurinational State of);2009;3319,56;9884,781;6439,188;Bolivia (Plurinational State of)_2009
Bolivia (Plurinational State of);2010;3329,54;10048,59;6588,702;Bolivia (Plurinational State of)_2010
Bolivia (Plurinational State of);2011;3338,591;10212,954;6739,752;Bolivia (Plurinational State of)_2011
Bolivia (Plurinational State of);2012;3346,648;10377,676;6892,356;Bolivia (Plurinational State of)_2012
Bolivia (Plurinational State of);2013;3359,417;10542,377;7040,847;Bolivia (Plurinational State of)_2013
Bolivia (Plurinational State of);2014;3374,918;10706,517;7187,241;Bolivia (Plurinational State of)_2014
Bolivia (Plurinational State of);2015;3389,712;10869,73;7334,993;Bolivia (Plurinational State of)_2015
Bolivia (Plurinational State of);2016;3403,747;11031,814;7484,135;Bolivia (Plurinational State of)_2016
Bolivia (Plurinational State of);2017;3417,155;11192,855;7634,445;Bolivia (Plurinational State of)_2017
Bolivia (Plurinational State of);2018;3429,186;11353,142;7786,488;Bolivia (Plurinational State of)_2018
Bosnia and Herzegovina;2000;2170,238;3751,176;1596,468;Bosnia and Herzegovina_2000
Bosnia and Herzegovina;2001;2161,008;3755,512;1610,276;Bosnia and Herzegovina_2001
Bosnia and Herzegovina;2002;2151,678;3759,387;1624,129;Bosnia and Herzegovina_2002
Bosnia and Herzegovina;2003;2141,685;3762,173;1637,562;Bosnia and Herzegovina_2003
Bosnia and Herzegovina;2004;2130,843;3764,194;1650,444;Bosnia and Herzegovina_2004
Bosnia and Herzegovina;2005;2118,996;3765,331;1662,534;Bosnia and Herzegovina_2005
Bosnia and Herzegovina;2006;2105,827;3765,424;1673,641;Bosnia and Herzegovina_2006
Bosnia and Herzegovina;2007;2090,767;3762,786;1683,233;Bosnia and Herzegovina_2007
Bosnia and Herzegovina;2008;2072,991;3754,271;1690,608;Bosnia and Herzegovina_2008
Bosnia and Herzegovina;2009;2051,664;3735,938;1694,897;Bosnia and Herzegovina_2009
Bosnia and Herzegovina;2010;2026,365;3705,472;1695,719;Bosnia and Herzegovina_2010
Bosnia and Herzegovina;2011;1996,478;3661,175;1692,387;Bosnia and Herzegovina_2011
Bosnia and Herzegovina;2012;1962,769;3604,972;1685,431;Bosnia and Herzegovina_2012
Bosnia and Herzegovina;2013;1927,984;3542,606;1677,015;Bosnia and Herzegovina_2013
Bosnia and Herzegovina;2014;1895,685;3482,105;1670,317;Bosnia and Herzegovina_2014
Bosnia and Herzegovina;2015;1867,937;3429,361;1668,024;Bosnia and Herzegovina_2015
Bosnia and Herzegovina;2016;1845,681;3386,266;1671,135;Bosnia and Herzegovina_2016
Bosnia and Herzegovina;2017;1828,006;3351,525;1679,011;Bosnia and Herzegovina_2017
Bosnia and Herzegovina;2018;1813,259;3323,925;1690,295;Bosnia and Herzegovina_2018
Botswana;2000;808,537;1643,334;919,803;Botswana_2000
Botswana;2001;806,191;1674,678;948,744;Botswana_2001
Botswana;2002;808,627;1704,642;971,326;Botswana_2002
Botswana;2003;811,427;1734,398;992,912;Botswana_2003
Botswana;2004;814,278;1765,527;1015,052;Botswana_2004
Botswana;2005;817,614;1799,078;1038,238;Botswana_2005
Botswana;2006;821,528;1835,908;1062,71;Botswana_2006
Botswana;2007;805,426;1875,459;1108,988;Botswana_2007
Botswana;2008;789,368;1915,639;1156,983;Botswana_2008
Botswana;2009;773,398;1953,498;1206,484;Botswana_2009
Botswana;2010;757,339;1987,105;1257,527;Botswana_2010
Botswana;2011;741,251;2015,403;1310,088;Botswana_2011
Botswana;2012;736,104;2039,556;1353,211;Botswana_2012
Botswana;2013;732,803;2062,548;1395,704;Botswana_2013
Botswana;2014;729,332;2088,618;1439,241;Botswana_2014
Botswana;2015;725,61;2120,716;1483,587;Botswana_2015
Botswana;2016;721,58;2159,927;1528,68;Botswana_2016
Botswana;2017;717,29;2205,08;1574,371;Botswana_2017
Botswana;2018;712,875;2254,068;1620,326;Botswana_2018
Brazil;2000;32968,08;174790,34;142319,507;Brazil_2000
Brazil;2001;32789,772;177196,054;144960,898;Brazil_2001
Brazil;2002;32643,261;179537,52;147507,76;Brazil_2002
Brazil;2003;32477,004;181809,246;150005,145;Brazil_2003
Brazil;2004;32290,174;184006,481;152448,284;Brazil_2004
Brazil;2005;32085,721;186127,103;154831,64;Brazil_2005
Brazil;2006;31861,129;188167,356;157151,283;Brazil_2006
Brazil;2007;31618,718;190130,443;159407,919;Brazil_2007
Brazil;2008;31361,744;192030,362;161617,285;Brazil_2008
Brazil;2009;31097,565;193886,508;163798,431;Brazil_2009
Brazil;2010;30827,251;195713,635;165969,018;Brazil_2010
Brazil;2011;30536,433;197514,536;168150,255;Brazil_2011
Brazil;2012;30238,865;199287,299;170322,118;Brazil_2012
Brazil;2013;29937,266;201035,912;172471,366;Brazil_2013
Brazil;2014;29627,255;202763,739;174585,878;Brazil_2014
Brazil;2015;29308,408;204471,769;176653,7;Brazil_2015
Brazil;2016;28983,278;206163,053;178669,587;Brazil_2016
Brazil;2017;28654,406;207833,823;180633,872;Brazil_2017
Brazil;2018;28321,495;209469,323;182546,459;Brazil_2018
Brunei Darussalam;2000;96,095;333,165;237,146;Brunei Darussalam_2000
Brunei Darussalam;2001;96,416;340,034;243,701;Brunei Darussalam_2001
Brunei Darussalam;2002;96,965;346,782;249,902;Brunei Darussalam_2002
Brunei Darussalam;2003;97,461;353,293;255,928;Brunei Darussalam_2003
Brunei Darussalam;2004;97,812;359,433;261,711;Brunei Darussalam_2004
Brunei Darussalam;2005;97,998;365,114;267,16;Brunei Darussalam_2005
Brunei Darussalam;2006;98,01;370,263;272,24;Brunei Darussalam_2006
Brunei Darussalam;2007;97,871;374,965;276,993;Brunei Darussalam_2007
Brunei Darussalam;2008;97,651;379,421;281,601;Brunei Darussalam_2008
Brunei Darussalam;2009;97,449;383,906;286,323;Brunei Darussalam_2009
Brunei Darussalam;2010;97,318;388,646;291,344;Brunei Darussalam_2010
Brunei Darussalam;2011;97,28;393,688;296,733;Brunei Darussalam_2011
Brunei Darussalam;2012;97,314;398,989;302,434;Brunei Darussalam_2012
Brunei Darussalam;2013;97,386;404,421;308,33;Brunei Darussalam_2013
Brunei Darussalam;2014;97,441;409,769;314,263;Brunei Darussalam_2014
Brunei Darussalam;2015;97,44;414,907;320,102;Brunei Darussalam_2015
Brunei Darussalam;2016;97,378;419,8;325,818;Brunei Darussalam_2016
Brunei Darussalam;2017;97,263;424,473;331,434;Brunei Darussalam_2017
Brunei Darussalam;2018;97,106;428,963;336,97;Brunei Darussalam_2018
Bulgaria;2000;2487,423;7997,957;5510,364;Bulgaria_2000
Bulgaria;2001;2445,343;7930,703;5485,203;Bulgaria_2001
Bulgaria;2002;2397,299;7866,239;5468,787;Bulgaria_2002
Bulgaria;2003;2350,579;7804,312;5453,302;Bulgaria_2003
Bulgaria;2004;2304,921;7744,632;5438,343;Bulgaria_2004
Bulgaria;2005;2260,279;7686,962;5423,484;Bulgaria_2005
Bulgaria;2006;2216,404;7631,012;5408,555;Bulgaria_2006
Bulgaria;2007;2173,353;7576,672;5393,596;Bulgaria_2007
Bulgaria;2008;2131,248;7524,087;5379,083;Bulgaria_2008
Bulgaria;2009;2090,439;7473,513;5365,591;Bulgaria_2009
Bulgaria;2010;2050,944;7425,008;5353,646;Bulgaria_2010
Bulgaria;2011;2012,821;7378,65;5343,392;Bulgaria_2011
Bulgaria;2012;1975,613;7334,003;5334,77;Bulgaria_2012
Bulgaria;2013;1939,116;7290,088;5327,025;Bulgaria_2013
Bulgaria;2014;1902,938;7245,646;5319,207;Bulgaria_2014
Bulgaria;2015;1866,828;7199,741;5310,568;Bulgaria_2015
Bulgaria;2016;1830,702;7151,953;5300,792;Bulgaria_2016
Bulgaria;2017;1794,614;7102,444;5289,957;Bulgaria_2017
Bulgaria;2018;1758,643;7051,608;5278,205;Bulgaria_2018
Burkina Faso;2000;9536,675;11607,942;2071,267;Burkina Faso_2000
Burkina Faso;2001;9730,105;11944,587;2214,482;Burkina Faso_2001
Burkina Faso;2002;9925,754;12293,1;2367,346;Burkina Faso_2002
Burkina Faso;2003;10124,154;12654,621;2530,467;Burkina Faso_2003
Burkina Faso;2004;10325,765;13030,569;2704,804;Burkina Faso_2004
Burkina Faso;2005;10531,202;13421,93;2890,728;Burkina Faso_2005
Burkina Faso;2006;10739,81;13829,176;3089,367;Burkina Faso_2006
Burkina Faso;2007;10974,579;14252,021;3277,442;Burkina Faso_2007
Burkina Faso;2008;11232,644;14689,725;3457,082;Burkina Faso_2008
Burkina Faso;2009;11495,301;15141,098;3645,798;Burkina Faso_2009
Burkina Faso;2010;11761,192;15605,217;3844,025;Burkina Faso_2010
Burkina Faso;2011;12029,972;16081,913;4051,932;Burkina Faso_2011
Burkina Faso;2012;12301,228;16571,253;4269,988;Burkina Faso_2012
Burkina Faso;2013;12574,71;17072,785;4498,013;Burkina Faso_2013
Burkina Faso;2014;12849,371;17586,03;4736,606;Burkina Faso_2014
Burkina Faso;2015;13124,769;18110,624;4985,855;Burkina Faso_2015
Burkina Faso;2016;13400,521;18646,357;5245,912;Burkina Faso_2016
Burkina Faso;2017;13676,652;19193,234;5516,73;Burkina Faso_2017
Burkina Faso;2018;13952,881;19751,466;5798,77;Burkina Faso_2018
Burundi;2000;5872,887;6378,871;527,819;Burundi_2000
Burundi;2001;6001,113;6525,545;554,716;Burundi_2001
Burundi;2002;6156,269;6704,113;585,3;Burundi_2002
Burundi;2003;6333,751;6909,154;619,362;Burundi_2003
Burundi;2004;6526,045;7131,693;656,406;Burundi_2004
Burundi;2005;6727,349;7364,862;695,94;Burundi_2005
Burundi;2006;6937,204;7607,849;738,134;Burundi_2006
Burundi;2007;7156,384;7862,214;783,189;Burundi_2007
Burundi;2008;7381,365;8126,102;830,899;Burundi_2008
Burundi;2009;7608,188;8397,668;880,843;Burundi_2009
Burundi;2010;7833,959;8675,602;932,971;Burundi_2010
Burundi;2011;8056,443;8958,406;987,065;Burundi_2011
Burundi;2012;8276,416;9245,988;1043,294;Burundi_2012
Burundi;2013;8497,927;9540,291;1102,259;Burundi_2013
Burundi;2014;8726,909;9844,299;1164,881;Burundi_2014
Burundi;2015;8967,359;10160,03;1231,911;Burundi_2015
Burundi;2016;9220,356;10487,995;1303,761;Burundi_2016
Burundi;2017;9483,827;10827,019;1380,418;Burundi_2017
Burundi;2018;9754,746;11175,374;1461,704;Burundi_2018
Cabo Verde;2000;202,594;428,188;232,485;Cabo Verde_2000
Cabo Verde;2001;202,818;435,709;240,898;Cabo Verde_2001
Cabo Verde;2002;202,789;442,951;249,317;Cabo Verde_2002
Cabo Verde;2003;202,478;449,93;257,669;Cabo Verde_2003
Cabo Verde;2004;201,814;456,617;265,85;Cabo Verde_2004
Cabo Verde;2005;200,793;463,032;273,774;Cabo Verde_2005
Cabo Verde;2006;199,391;469,17;281,404;Cabo Verde_2006
Cabo Verde;2007;197,671;475,06;288,767;Cabo Verde_2007
Cabo Verde;2008;195,736;480,842;295,987;Cabo Verde_2008
Cabo Verde;2009;193,735;486,671;303,228;Cabo Verde_2009
Cabo Verde;2010;191,807;492,654;310,577;Cabo Verde_2010
Cabo Verde;2011;191,43;498,857;316,637;Cabo Verde_2011
Cabo Verde;2012;191,091;505,235;322,888;Cabo Verde_2012
Cabo Verde;2013;190,793;511,748;329,313;Cabo Verde_2013
Cabo Verde;2014;190,519;518,271;335,918;Cabo Verde_2014
Cabo Verde;2015;190,25;524,743;342,663;Cabo Verde_2015
Cabo Verde;2016;190,01;531,146;349,55;Cabo Verde_2016
Cabo Verde;2017;189,808;537,498;356,58;Cabo Verde_2017
Cabo Verde;2018;189,62;543,767;363,715;Cabo Verde_2018
Cambodia;2000;9893,668;12155,239;2258,686;Cambodia_2000
Cambodia;2001;10082,881;12405,408;2319,592;Cambodia_2001
Cambodia;2002;10256,921;12637,727;2377,808;Cambodia_2002
Cambodia;2003;10419,109;12856,163;2434,015;Cambodia_2003
Cambodia;2004;10574,098;13066,469;2489,279;Cambodia_2004
Cambodia;2005;10725,787;13273,354;2544,414;Cambodia_2005
Cambodia;2006;10874,842;13477,709;2599,647;Cambodia_2006
Cambodia;2007;11021,653;13679,962;2655,04;Cambodia_2007
Cambodia;2008;11163,903;13883,834;2716,606;Cambodia_2008
Cambodia;2009;11282,037;14093,604;2808,171;Cambodia_2009
Cambodia;2010;11404,934;14312,212;2903,806;Cambodia_2010
Cambodia;2011;11533,945;14541,423;3003,941;Cambodia_2011
Cambodia;2012;11668,224;14780,454;3108,642;Cambodia_2012
Cambodia;2013;11805,508;15026,332;3217,184;Cambodia_2013
Cambodia;2014;11941,876;15274,503;3328,914;Cambodia_2014
Cambodia;2015;12074,599;15521,436;3443,036;Cambodia_2015
Cambodia;2016;12202,907;15766,292;3559,463;Cambodia_2016
Cambodia;2017;12327,338;16009,409;3678,035;Cambodia_2017
Cambodia;2018;12446,208;16249,792;3799,521;Cambodia_2018
Cameroon;2000;8318,116;15513,945;6956,118;Cameroon_2000
Cameroon;2001;8441,086;15928,91;7230,841;Cameroon_2001
Cameroon;2002;8567,125;16357,602;7517,761;Cameroon_2002
Cameroon;2003;8696,474;16800,865;7817,348;Cameroon_2003
Cameroon;2004;8828,9;17259,322;8130,181;Cameroon_2004
Cameroon;2005;8964,62;17733,41;8456,175;Cameroon_2005
Cameroon;2006;9103,242;18223,674;8796,32;Cameroon_2006
Cameroon;2007;9244,465;18730,282;9150,924;Cameroon_2007
Cameroon;2008;9387,386;19252,666;9519,622;Cameroon_2008
Cameroon;2009;9530,836;19789,919;9901,705;Cameroon_2009
Cameroon;2010;9673,887;20341,241;10296,608;Cameroon_2010
Cameroon;2011;9816,164;20906,388;10704,283;Cameroon_2011
Cameroon;2012;9957,503;21485,265;11124,88;Cameroon_2012
Cameroon;2013;10097,48;22077,294;11558,235;Cameroon_2013
Cameroon;2014;10235,717;22681,852;12004,187;Cameroon_2014
Cameroon;2015;10371,907;23298,368;12462,615;Cameroon_2015
Cameroon;2016;10505,784;23926,551;12933,405;Cameroon_2016
Cameroon;2017;10637,19;24566,073;13416,537;Cameroon_2017
Cameroon;2018;10766,102;25216,267;13912,132;Cameroon_2018
Canada;2000;6307,7;30588,383;24428,073;Canada_2000
Canada;2001;6263,924;30880,073;24760,808;Canada_2001
Canada;2002;6299,155;31178,263;25021,734;Canada_2002
Canada;2003;6336,148;31488,048;25291,658;Canada_2003
Canada;2004;6375,632;31815,494;25573,785;Canada_2004
Canada;2005;6418,127;32164,309;25869,853;Canada_2005
Canada;2006;6459,512;32536,987;26185,971;Canada_2006
Canada;2007;6473,183;32930,794;26546,749;Canada_2007
Canada;2008;6487,802;33337,638;26916,746;Canada_2008
Canada;2009;6501,752;33746,093;27288,079;Canada_2009
Canada;2010;6513,437;34147,564;27655,231;Canada_2010
Canada;2011;6529,238;34539,159;28009,384;Canada_2011
Canada;2012;6583,389;34922,03;28317,316;Canada_2012
Canada;2013;6635,934;35296,528;28619,561;Canada_2013
Canada;2014;6687,15;35664,337;28917,578;Canada_2014
Canada;2015;6737,308;36026,676;29212,401;Canada_2015
Canada;2016;6786,28;36382,944;29503,542;Canada_2016
Canada;2017;6830,253;36732,095;29793,946;Canada_2017
Canada;2018;6869,269;37074,562;30084,496;Canada_2018
Central African Republic;2000;2341,659;3640,427;1413,327;Central African Republic_2000
Central African Republic;2001;2386,683;3722,018;1445,52;Central African Republic_2001
Central African Republic;2002;2430,45;3802,128;1477,162;Central African Republic_2002
Central African Republic;2003;2473,248;3881,181;1508,417;Central African Republic_2003
Central African Republic;2004;2515,494;3959,875;1539,542;Central African Republic_2004
Central African Republic;2005;2556,449;4038,382;1571,461;Central African Republic_2005
Central African Republic;2006;2596,96;4118,069;1604,798;Central African Republic_2006
Central African Republic;2007;2636,499;4198,01;1639,301;Central African Republic_2007
Central African Republic;2008;2672,155;4273,366;1673,231;Central African Republic_2008
Central African Republic;2009;2700,048;4337,625;1704,182;Central African Republic_2009
Central African Republic;2010;2717,873;4386,768;1730,652;Central African Republic_2010
Central African Republic;2011;2724,4;4418,637;1751,753;Central African Republic_2011
Central African Republic;2012;2721,724;4436,416;1768,692;Central African Republic_2012
Central African Republic;2013;2714,965;4447,944;1784,688;Central African Republic_2013
Central African Republic;2014;2711,077;4464,175;1804,315;Central African Republic_2014
Central African Republic;2015;2715,046;4493,17;1831,054;Central African Republic_2015
Central African Republic;2016;2728,393;4537,686;1866,228;Central African Republic_2016
Central African Republic;2017;2749,797;4596,023;1909,283;Central African Republic_2017
Central African Republic;2018;2777,836;4666,368;1959,587;Central African Republic_2018
Chad;2000;6537,507;8355,654;1805,052;Chad_2000
Chad;2001;6785,78;8678,051;1877,232;Chad_2001
Chad;2002;7048,105;9019,233;1953,584;Chad_2002
Chad;2003;7320,248;9373,916;2032,953;Chad_2003
Chad;2004;7596,322;9734,767;2113,721;Chad_2004
Chad;2005;7872,263;10096,633;2194,746;Chad_2005
Chad;2006;8146,101;10457,124;2275,496;Chad_2006
Chad;2007;8419,328;10818,024;2356,38;Chad_2007
Chad;2008;8695,468;11183,588;2438,393;Chad_2008
Chad;2009;8979,786;11560,147;2523,0;Chad_2009
Chad;2010;9273,802;11952,136;2613,4;Chad_2010
Chad;2011;9578,48;12360,99;2710,171;Chad_2011
Chad;2012;9891,998;12784,75;2813,137;Chad_2012
Chad;2013;10211,686;13220,433;2921,903;Chad_2013
Chad;2014;10533,696;13663,566;3035,742;Chad_2014
Chad;2015;10855,197;14110,975;3154,216;Chad_2015
Chad;2016;11175,141;14561,66;3277,402;Chad_2016
Chad;2017;11494,121;15016,753;3405,873;Chad_2017
Chad;2018;11812,905;15477,729;3540,279;Chad_2018
Chile;2000;2125,607;15342,353;13137,147;Chile_2000
Chile;2001;2106,259;15516,113;13338,71;Chile_2001
Chile;2002;2092,618;15684,409;13531,017;Chile_2002
Chile;2003;2106,807;15849,652;13692,735;Chile_2003
Chile;2004;2120,588;16014,971;13853,19;Chile_2004
Chile;2005;2134,099;16182,721;14012,965;Chile_2005
Chile;2006;2147,356;16354,504;14172,436;Chile_2006
Chile;2007;2160,337;16530,195;14331,35;Chile_2007
Chile;2008;2172,928;16708,258;14489,014;Chile_2008
Chile;2009;2185,026;16886,186;14644,416;Chile_2009
Chile;2010;2196,49;17062,536;14796,864;Chile_2010
Chile;2011;2207,299;17233,576;14946,058;Chile_2011
Chile;2012;2217,485;17400,347;15092,261;Chile_2012
Chile;2013;2227,155;17571,507;15235,827;Chile_2013
Chile;2014;2236,368;17758,959;15377,43;Chile_2014
Chile;2015;2245,203;17969,353;15517,478;Chile_2015
Chile;2016;2252,605;18209,068;15657,149;Chile_2016
Chile;2017;2258,558;18470,439;15796,168;Chile_2017
Chile;2018;2262,995;18729,16;15934,214;Chile_2018
China;2000;829403,316;1319551,401;482727,522;China_2000
China;2001;818630,475;1328341,175;501452,843;China_2001
China;2002;806104,331;1336765,152;521893,97;China_2002
China;2003;793136,597;1344908,155;542756,37;China_2003
China;2004;779706,681;1352871,028;564037,221;China_2004
China;2005;765903,084;1360734,525;585633,612;China_2005
China;2006;752299,538;1368528,374;606988,73;China_2006
China;2007;738685,151;1376265,629;628350,588;China_2007
China;2008;724760,394;1383985,631;650038,03;China_2008
China;2009;710632,634;1391725,007;671961,097;China_2009
China;2010;696249,563;1399502,716;694170,135;China_2010
China;2011;682518,202;1407323,826;715762,326;China_2011
China;2012;669007,424;1415164,184;737124,022;China_2012
China;2013;655323,811;1422971,062;758533,671;China_2013
China;2014;641352,868;1430670,819;779954,516;China_2014
China;2015;627097,042;1438193,428;801263,909;China_2015
China;2016;612549,421;1445523,929;822422,66;China_2016
China;2017;597816,52;1452625,244;843314,783;China_2017
China;2018;583199,631;1459377,612;863601,691;China_2018
Colombia;2000;10522,282;39629,968;29881,676;Colombia_2000
Colombia;2001;10501,653;40255,967;30487,256;Colombia_2001
Colombia;2002;10477,378;40875,36;31095,113;Colombia_2002
Colombia;2003;10449,169;41483,869;31702,982;Colombia_2003
Colombia;2004;10416,017;42075,955;32308,146;Colombia_2004
Colombia;2005;10378,127;42647,723;32907,507;Colombia_2005
Colombia;2006;10335,155;43200,897;33500,567;Colombia_2006
Colombia;2007;10287,615;43737,516;34086,957;Colombia_2007
Colombia;2008;10235,594;44254,975;34665,95;Colombia_2008
Colombia;2009;10179,227;44750,054;35236,954;Colombia_2009
Colombia;2010;10118,665;45222,7;35799,432;Colombia_2010
Colombia;2011;10054,003;45662,748;36352,643;Colombia_2011
Colombia;2012;9985,405;46075,718;36896,07;Colombia_2012
Colombia;2013;9913,19;46495,493;37429,791;Colombia_2013
Colombia;2014;9837,737;46967,696;37954,174;Colombia_2014
Colombia;2015;9759,346;47520,667;38469,351;Colombia_2015
Colombia;2016;9678,238;48175,052;38975,181;Colombia_2016
Colombia;2017;9594,518;48909,839;39471,097;Colombia_2017
Colombia;2018;9508,27;49661,048;39956,413;Colombia_2018
Comoros;2000;390,064;542,357;152,293;Comoros_2000
Comoros;2001;400,041;555,888;155,847;Comoros_2001
Comoros;2002;410,073;569,479;159,406;Comoros_2002
Comoros;2003;420,218;583,211;162,993;Comoros_2003
Comoros;2004;430,581;597,228;166,647;Comoros_2004
Comoros;2005;441,134;611,627;170,493;Comoros_2005
Comoros;2006;451,884;626,425;174,541;Comoros_2006
Comoros;2007;462,822;641,62;178,798;Comoros_2007
Comoros;2008;473,954;657,229;183,275;Comoros_2008
Comoros;2009;485,27;673,252;187,982;Comoros_2009
Comoros;2010;496,767;689,692;192,925;Comoros_2010
Comoros;2011;508,448;706,569;198,121;Comoros_2011
Comoros;2012;520,293;723,871;203,575;Comoros_2012
Comoros;2013;532,229;741,505;209,271;Comoros_2013
Comoros;2014;544,189;759,39;215,196;Comoros_2014
Comoros;2015;556,09;777,424;221,334;Comoros_2015
Comoros;2016;567,911;795,592;227,69;Comoros_2016
Comoros;2017;579,639;813,892;234,273;Comoros_2017
Comoros;2018;591,255;832,322;241,092;Comoros_2018
Congo;2000;1332,387;3127,411;1893,34;Congo_2000
Congo;2001;1354,293;3217,933;1961,513;Congo_2001
Congo;2002;1375,924;3310,387;2031,256;Congo_2002
Congo;2003;1398,356;3406,922;2104,163;Congo_2003
Congo;2004;1422,945;3510,468;2182,494;Congo_2004
Congo;2005;1450,563;3622,775;2267,68;Congo_2005
Congo;2006;1481,568;3745,141;2360,797;Congo_2006
Congo;2007;1515,245;3876,119;2461,001;Congo_2007
Congo;2008;1549,624;4011,486;2565,811;Congo_2008
Congo;2009;1582,371;4145,391;2671,341;Congo_2009
Congo;2010;1611,866;4273,731;2774,827;Congo_2010
Congo;2011;1637,585;4394,844;2875,145;Congo_2011
Congo;2012;1660,183;4510,199;2973,18;Congo_2012
Congo;2013;1680,73;4622,762;3070,663;Congo_2013
Congo;2014;1700,765;4736,976;3170,336;Congo_2014
Congo;2015;1721,362;4856,095;3274,286;Congo_2015
Congo;2016;1742,734;4980,996;3383,087;Congo_2016
Congo;2017;1764,522;5110,695;3496,228;Congo_2017
Congo;2018;1786,495;5244,359;3613,4;Congo_2018
Cook Islands;2000;6,308;17,93;11,814;Cook Islands_2000
Cook Islands;2001;6,064;18,025;12,258;Cook Islands_2001
Cook Islands;2002;5,952;18,278;12,75;Cook Islands_2002
Cook Islands;2003;5,909;18,608;13,239;Cook Islands_2003
Cook Islands;2004;5,838;18,904;13,684;Cook Islands_2004
Cook Islands;2005;5,711;19,074;13,999;Cook Islands_2005
Cook Islands;2006;5,526;19,092;14,17;Cook Islands_2006
Cook Islands;2007;5,371;19,001;14,14;Cook Islands_2007
Cook Islands;2008;5,238;18,818;13,974;Cook Islands_2008
Cook Islands;2009;5,095;18,602;13,773;Cook Islands_2009
Cook Islands;2010;4,96;18,391;13,585;Cook Islands_2010
Cook Islands;2011;4,836;18,195;13,421;Cook Islands_2011
Cook Islands;2012;4,724;18,011;13,272;Cook Islands_2012
Cook Islands;2013;4,625;17,833;13,142;Cook Islands_2013
Cook Islands;2014;4,54;17,691;13,048;Cook Islands_2014
Cook Islands;2015;4,466;17,586;12,983;Cook Islands_2015
Cook Islands;2016;4,411;17,524;12,968;Cook Islands_2016
Cook Islands;2017;4,374;17,507;13,006;Cook Islands_2017
Cook Islands;2018;4,344;17,518;13,067;Cook Islands_2018
Costa Rica;2000;1607,403;3962,372;2318,04;Costa Rica_2000
Costa Rica;2001;1582,349;4034,074;2414,449;Costa Rica_2001
Costa Rica;2002;1554,034;4100,925;2509,17;Costa Rica_2002
Costa Rica;2003;1523,324;4164,053;2602,647;Costa Rica_2003
Costa Rica;2004;1491,084;4225,155;2695,954;Costa Rica_2004
Costa Rica;2005;1458,203;4285,502;2789,638;Costa Rica_2005
Costa Rica;2006;1424,705;4345,412;2884,089;Costa Rica_2006
Costa Rica;2007;1390,626;4404,628;2978,843;Costa Rica_2007
Costa Rica;2008;1355,892;4463,125;3073,616;Costa Rica_2008
Costa Rica;2009;1320,65;4520,74;3167,613;Costa Rica_2009
Costa Rica;2010;1284,69;4577,378;3260,59;Costa Rica_2010
Costa Rica;2011;1248,208;4633,086;3352,266;Costa Rica_2011
Costa Rica;2012;1212,562;4688,0;3441,56;Costa Rica_2012
Costa Rica;2013;1178,012;4742,107;3528,389;Costa Rica_2013
Costa Rica;2014;1144,604;4795,396;3612,971;Costa Rica_2014
Costa Rica;2015;1112,422;4847,804;3695,43;Costa Rica_2015
Costa Rica;2016;1081,494;4899,345;3775,78;Costa Rica_2016
Costa Rica;2017;1051,813;4949,954;3853,956;Costa Rica_2017
Costa Rica;2018;1023,354;4999,441;3929,845;Costa Rica_2018
Croatia;2000;2062,239;4428,075;2365,833;Croatia_2000
Croatia;2001;2043,497;4408,075;2364,583;Croatia_2001
Croatia;2002;2030,408;4395,799;2365,411;Croatia_2002
Croatia;2003;2019,844;4388,895;2369,102;Croatia_2003
Croatia;2004;2010,143;4383,882;2373,777;Croatia_2004
Croatia;2005;2000,102;4378,058;2377,955;Croatia_2005
Croatia;2006;1989,394;4370,777;2381,305;Croatia_2006
Croatia;2007;1978,228;4362,426;2384,038;Croatia_2007
Croatia;2008;1966,449;4352,636;2385,979;Croatia_2008
Croatia;2009;1954,051;4341,264;2387,033;Croatia_2009
Croatia;2010;1940,974;4328,165;2387,179;Croatia_2010
Croatia;2011;1927,119;4313,099;2386,252;Croatia_2011
Croatia;2012;1911,684;4295,878;2384,842;Croatia_2012
Croatia;2013;1894,797;4276,598;2383,009;Croatia_2013
Croatia;2014;1876,612;4255,512;2380,921;Croatia_2014
Croatia;2015;1857,29;4232,874;2378,726;Croatia_2015
Croatia;2016;1836,858;4208,602;2376,407;Croatia_2016
Croatia;2017;1815,373;4182,857;2373,98;Croatia_2017
Croatia;2018;1793,077;4156,405;2371,706;Croatia_2018
Cuba;2000;2751,655;11126,43;8399,081;Cuba_2000
Cuba;2001;2734,588;11164,667;8451,954;Cuba_2001
Cuba;2002;2716,433;11199,651;8501,565;Cuba_2002
Cuba;2003;2704,756;11229,183;8540,129;Cuba_2003
Cuba;2004;2699,495;11250,365;8567,446;Cuba_2004
Cuba;2005;2693,118;11261,582;8591,135;Cuba_2005
Cuba;2006;2685,454;11261,248;8610,779;Cuba_2006
Cuba;2007;2676,725;11251,122;8626,962;Cuba_2007
Cuba;2008;2667,669;11236,971;8642,085;Cuba_2008
Cuba;2009;2659,312;11226,709;8659,29;Cuba_2009
Cuba;2010;2652,264;11225,832;8680,787;Cuba_2010
Cuba;2011;2646,885;11236,671;8707,766;Cuba_2011
Cuba;2012;2642,849;11257,104;8739,297;Cuba_2012
Cuba;2013;2644,532;11282,723;8767,635;Cuba_2013
Cuba;2014;2647,001;11306,904;8792,766;Cuba_2014
Cuba;2015;2648,084;11324,781;8813,348;Cuba_2015
Cuba;2016;2647,509;11335,104;8828,473;Cuba_2016
Cuba;2017;2644,108;11339,254;8840,528;Cuba_2017
Cuba;2018;2638,265;11338,134;8850,817;Cuba_2018
Cyprus;2000;295,736;943,29;647,55;Cyprus_2000
Cyprus;2001;299,901;960,276;660,381;Cyprus_2001
Cyprus;2002;305,847;976,964;671,119;Cyprus_2002
Cyprus;2003;312,451;993,563;681,112;Cyprus_2003
Cyprus;2004;319,186;1010,408;691,224;Cyprus_2004
Cyprus;2005;326,096;1027,662;701,562;Cyprus_2005
Cyprus;2006;333,253;1045,507;712,256;Cyprus_2006
Cyprus;2007;340,577;1063,713;723,135;Cyprus_2007
Cyprus;2008;347,846;1081,563;733,717;Cyprus_2008
Cyprus;2009;354,733;1098,083;743,343;Cyprus_2009
Cyprus;2010;361,031;1112,612;751,576;Cyprus_2010
Cyprus;2011;366,624;1124,833;758,211;Cyprus_2011
Cyprus;2012;371,602;1135,046;763,46;Cyprus_2012
Cyprus;2013;375,923;1143,866;767,973;Cyprus_2013
Cyprus;2014;379,9;1152,285;772,409;Cyprus_2014
Cyprus;2015;383,751;1160,985;777,234;Cyprus_2015
Cyprus;2016;387,536;1170,187;782,589;Cyprus_2016
Cyprus;2017;391,192;1179,678;788,359;Cyprus_2017
Cyprus;2018;394,652;1189,265;794,433;Cyprus_2018
Czechia;2000;2676,516;10289,373;7613,078;Czechia_2000
Czechia;2001;2683,121;10271,008;7588,083;Czechia_2001
Czechia;2002;2685,263;10252,261;7567,176;Czechia_2002
Czechia;2003;2688,862;10239,136;7550,415;Czechia_2003
Czechia;2004;2695,998;10239,439;7543,538;Czechia_2004
Czechia;2005;2707,979;10258,167;7550,197;Czechia_2005
Czechia;2006;2725,691;10298,614;7572,597;Czechia_2006
Czechia;2007;2748,296;10357,538;7608,29;Czechia_2007
Czechia;2008;2773,375;10425,266;7650,419;Czechia_2008
Czechia;2009;2797,43;10488,155;7689,415;Czechia_2009
Czechia;2010;2817,955;10536,518;7718,331;Czechia_2010
Czechia;2011;2834,0;10566,517;7734,715;Czechia_2011
Czechia;2012;2837,581;10581,293;7749,174;Czechia_2012
Czechia;2013;2829,75;10586,533;7764,731;Czechia_2013
Czechia;2014;2820,933;10591,108;7777,593;Czechia_2014
Czechia;2015;2812,446;10601,397;7791,316;Czechia_2015
Czechia;2016;2804,473;10618,857;7806,474;Czechia_2016
Czechia;2017;2795,276;10641,034;7823,027;Czechia_2017
Czechia;2018;2784,67;10665,677;7840,58;Czechia_2018
Côte d'Ivoire;2000;9485,524;16454,668;7201,037;Côte d'Ivoire_2000
Côte d'Ivoire;2001;9616,036;16853,026;7424,116;Côte d'Ivoire_2001
Côte d'Ivoire;2002;9728,117;17231,539;7638,4;Côte d'Ivoire_2002
Côte d'Ivoire;2003;9829,817;17599,61;7849,538;Côte d'Ivoire_2003
Côte d'Ivoire;2004;9931,729;17970,494;8066,009;Côte d'Ivoire_2004
Côte d'Ivoire;2005;10042,114;18354,514;8294,189;Côte d'Ivoire_2005
Côte d'Ivoire;2006;10162,795;18754,916;8536,64;Côte d'Ivoire_2006
Côte d'Ivoire;2007;10292,928;19171,237;8793,013;Côte d'Ivoire_2007
Côte d'Ivoire;2008;10433,268;19605,569;9064,718;Côte d'Ivoire_2008
Côte d'Ivoire;2009;10584,261;20059,147;9352,105;Côte d'Ivoire_2009
Côte d'Ivoire;2010;10745,373;20532,95;9655,958;Côte d'Ivoire_2010
Côte d'Ivoire;2011;10917,658;21028,655;9977,653;Côte d'Ivoire_2011
Côte d'Ivoire;2012;11100,787;21547,188;10317,816;Côte d'Ivoire_2012
Côte d'Ivoire;2013;11292,254;22087,504;10674,058;Côte d'Ivoire_2013
Côte d'Ivoire;2014;11487,772;22647,684;11043,578;Côte d'Ivoire_2014
Côte d'Ivoire;2015;11682,793;23226,143;11425,679;Côte d'Ivoire_2015
Côte d'Ivoire;2016;11876,17;23822,714;11819,749;Côte d'Ivoire_2016
Côte d'Ivoire;2017;12068,187;24437,47;12226,563;Côte d'Ivoire_2017
Côte d'Ivoire;2018;12259,023;25069,23;12646,82;Côte d'Ivoire_2018
Democratic People's Republic of Korea;2000;9306,352;22929,075;13622,723;Democratic People's Republic of Korea_2000
Democratic People's Republic of Korea;2001;9370,467;23132,98;13761,343;Democratic People's Republic of Korea_2001
Democratic People's Republic of Korea;2002;9435,113;23339,453;13901,568;Democratic People's Republic of Korea_2002
Democratic People's Republic of Korea;2003;9498,234;23542,426;14040,306;Democratic People's Republic of Korea_2003
Democratic People's Republic of Korea;2004;9556,633;23732,731;14172,865;Democratic People's Republic of Korea_2004
Democratic People's Republic of Korea;2005;9608,248;23904,167;14295,919;Democratic People's Republic of Korea_2005
Democratic People's Republic of Korea;2006;9652,459;24054,864;14408,638;Democratic People's Republic of Korea_2006
Democratic People's Republic of Korea;2007;9690,536;24188,331;14512,753;Democratic People's Republic of Korea_2007
Democratic People's Republic of Korea;2008;9724,246;24310,142;14610,9;Democratic People's Republic of Korea_2008
Democratic People's Republic of Korea;2009;9737,39;24428,341;14725,631;Democratic People's Republic of Korea_2009
Democratic People's Republic of Korea;2010;9744,048;24548,836;14847,551;Democratic People's Republic of Korea_2010
Democratic People's Republic of Korea;2011;9751,147;24673,395;14971,151;Democratic People's Republic of Korea_2011
Democratic People's Republic of Korea;2012;9758,191;24800,645;15095,843;Democratic People's Republic of Korea_2012
Democratic People's Republic of Korea;2013;9765,036;24929,497;15220,94;Democratic People's Republic of Korea_2013
Democratic People's Republic of Korea;2014;9770,814;25057,79;15345,549;Democratic People's Republic of Korea_2014
Democratic People's Republic of Korea;2015;9775,101;25183,833;15468,816;Democratic People's Republic of Korea_2015
Democratic People's Republic of Korea;2016;9774,246;25307,665;15594,374;Democratic People's Republic of Korea_2016
Democratic People's Republic of Korea;2017;9768,556;25429,825;15722,409;Democratic People's Republic of Korea_2017
Democratic People's Republic of Korea;2018;9757,856;25549,604;15852,816;Democratic People's Republic of Korea_2018
Democratic Republic of the Congo;2000;30542,153;47105,826;16534,234;Democratic Republic of the Congo_2000
Democratic Republic of the Congo;2001;31172,281;48428,545;17222,057;Democratic Republic of the Congo_2001
Democratic Republic of the Congo;2002;31867,429;49871,666;17968,327;Democratic Republic of the Congo_2002
Democratic Republic of the Congo;2003;32619,349;51425,58;18770,684;Democratic Republic of the Congo_2003
Democratic Republic of the Congo;2004;33411,557;53068,88;19622,66;Democratic Republic of the Congo_2004
Democratic Republic of the Congo;2005;34229,993;54785,903;20521,483;Democratic Republic of the Congo_2005
Democratic Republic of the Congo;2006;35072,91;56578,037;21470,101;Democratic Republic of the Congo_2006
Democratic Republic of the Congo;2007;35944,533;58453,683;22473,029;Democratic Republic of the Congo_2007
Democratic Republic of the Congo;2008;36842,282;60411,195;23531,326;Democratic Republic of the Congo_2008
Democratic Republic of the Congo;2009;37763,464;62448,574;24645,971;Democratic Republic of the Congo_2009
Democratic Republic of the Congo;2010;38705,362;64563,854;25817,901;Democratic Republic of the Congo_2010
Democratic Republic of the Congo;2011;39665,446;66755,153;27048,151;Democratic Republic of the Congo_2011
Democratic Republic of the Congo;2012;40641,055;69020,747;28337,627;Democratic Republic of the Congo_2012
Democratic Republic of the Congo;2013;41629,125;71358,807;29686,908;Democratic Republic of the Congo_2013
Democratic Republic of the Congo;2014;42626,472;73767,447;31096,388;Democratic Republic of the Congo_2014
Democratic Republic of the Congo;2015;43630,111;76244,544;32566,508;Democratic Republic of the Congo_2015
Democratic Republic of the Congo;2016;44637,912;78789,127;34098,241;Democratic Republic of the Congo_2016
Democratic Republic of the Congo;2017;45647,604;81398,764;35692,384;Democratic Republic of the Congo_2017
Democratic Republic of the Congo;2018;46656,05;84068,091;37348,939;Democratic Republic of the Congo_2018
Denmark;2000;795,838;5341,194;4545,356;Denmark_2000
Denmark;2001;795,683;5358,062;4562,379;Denmark_2001
Denmark;2002;792,499;5372,801;4580,302;Denmark_2002
Denmark;2003;788,673;5386,968;4598,295;Denmark_2003
Denmark;2004;779,832;5402,761;4622,929;Denmark_2004
Denmark;2005;766,864;5421,702;4654,838;Denmark_2005
Denmark;2006;756,876;5444,286;4687,427;Denmark_2006
Denmark;2007;749,746;5469,921;4720,211;Denmark_2007
Denmark;2008;742,924;5497,729;4754,871;Denmark_2008
Denmark;2009;737,584;5526,388;4788,863;Denmark_2009
Denmark;2010;733,539;5554,844;4821,305;Denmark_2010
Denmark;2011;728,151;5582,978;4854,722;Denmark_2011
Denmark;2012;721,427;5610,903;4889,233;Denmark_2012
Denmark;2013;716,44;5638,145;4921,377;Denmark_2013
Denmark;2014;713,1;5664,196;4950,814;Denmark_2014
Denmark;2015;709,587;5688,695;4979,108;Denmark_2015
Denmark;2016;705,862;5711,349;5006,008;Denmark_2016
Denmark;2017;701,971;5732,274;5031,58;Denmark_2017
Denmark;2018;697,769;5752,126;5056,587;Denmark_2018
Djibouti;2000;168,406;717,584;549,178;Djibouti_2000
Djibouti;2001;171,618;733,015;561,093;Djibouti_2001
Djibouti;2002;174,439;746,942;571,782;Djibouti_2002
Djibouti;2003;176,988;759,641;581,627;Djibouti_2003
Djibouti;2004;179,465;771,603;591,287;Djibouti_2004
Djibouti;2005;182,018;783,254;601,236;Djibouti_2005
Djibouti;2006;184,663;794,563;611,545;Djibouti_2006
Djibouti;2007;187,353;805,451;622,049;Djibouti_2007
Djibouti;2008;190,109;816,358;632,825;Djibouti_2008
Djibouti;2009;192,941;827,823;643,899;Djibouti_2009
Djibouti;2010;195,77;840,198;655,376;Djibouti_2010
Djibouti;2011;198,612;853,674;667,325;Djibouti_2011
Djibouti;2012;201,456;868,137;679,729;Djibouti_2012
Djibouti;2013;204,251;883,293;692,437;Djibouti_2013
Djibouti;2014;206,929;898,695;705,235;Djibouti_2014
Djibouti;2015;209,442;913,993;717,972;Djibouti_2015
Djibouti;2016;211,764;929,112;730,569;Djibouti_2016
Djibouti;2017;213,906;944,099;743,079;Djibouti_2017
Djibouti;2018;215,875;958,923;755,533;Djibouti_2018
Dominica;2000;24,202;69,65;45,474;Dominica_2000
Dominica;2001;24,118;69,661;45,552;Dominica_2001
Dominica;2002;23,957;69,837;45,867;Dominica_2002
Dominica;2003;23,836;70,1;46,257;Dominica_2003
Dominica;2004;23,719;70,382;46,66;Dominica_2004
Dominica;2005;23,589;70,589;47,038;Dominica_2005
Dominica;2006;23,435;70,718;47,372;Dominica_2006
Dominica;2007;23,27;70,795;47,68;Dominica_2007
Dominica;2008;23,098;70,827;47,976;Dominica_2008
Dominica;2009;22,937;70,851;48,292;Dominica_2009
Dominica;2010;22,793;70,878;48,647;Dominica_2010
Dominica;2011;22,671;70,916;49,047;Dominica_2011
Dominica;2012;22,561;70,965;49,483;Dominica_2012
Dominica;2013;22,457;71,016;49,943;Dominica_2013
Dominica;2014;22,358;71,085;50,42;Dominica_2014
Dominica;2015;22,256;71,183;50,906;Dominica_2015
Dominica;2016;22,151;71,307;51,392;Dominica_2016
Dominica;2017;22,044;71,458;51,881;Dominica_2017
Dominica;2018;21,933;71,625;52,375;Dominica_2018
Dominican Republic;2000;3274,904;8471,321;5287,718;Dominican Republic_2000
Dominican Republic;2001;3255,76;8598,601;5441,366;Dominican Republic_2001
Dominican Republic;2002;3235,194;8724,975;5597,091;Dominican Republic_2002
Dominican Republic;2003;3174,168;8850,317;5793,592;Dominican Republic_2003
Dominican Republic;2004;3094,744;8974,444;6008,254;Dominican Republic_2004
Dominican Republic;2005;3014,191;9097,257;6223,375;Dominican Republic_2005
Dominican Republic;2006;2932,247;9218,686;6439,091;Dominican Republic_2006
Dominican Republic;2007;2849,396;9338,861;6654,957;Dominican Republic_2007
Dominican Republic;2008;2765,725;9458,075;6870,795;Dominican Republic_2008
Dominican Republic;2009;2681,99;9576,737;7085,768;Dominican Republic_2009
Dominican Republic;2010;2597,931;9695,121;7300,054;Dominican Republic_2010
Dominican Republic;2011;2524,085;9813,211;7503,01;Dominican Republic_2011
Dominican Republic;2012;2457,254;9930,916;7697,696;Dominican Republic_2012
Dominican Republic;2013;2390,521;10048,232;7890,775;Dominican Republic_2013
Dominican Republic;2014;2323,582;10165,183;8082,262;Dominican Republic_2014
Dominican Republic;2015;2256,692;10281,68;8271,702;Dominican Republic_2015
Dominican Republic;2016;2189,85;10397,741;8458,941;Dominican Republic_2016
Dominican Republic;2017;2123,575;10513,104;8643,423;Dominican Republic_2017
Dominican Republic;2018;2059,693;10627,141;8823,303;Dominican Republic_2018
Ecuador;2000;5013,641;12681,123;7614,955;Ecuador_2000
Ecuador;2001;5038,399;12914,667;7814,356;Ecuador_2001
Ecuador;2002;5082,637;13143,465;7989,423;Ecuador_2002
Ecuador;2003;5140,934;13369,678;8148,667;Ecuador_2003
Ecuador;2004;5199,348;13596,388;8310,299;Ecuador_2004
Ecuador;2005;5259,14;13825,847;8476,093;Ecuador_2005
Ecuador;2006;5320,597;14059,384;8646,883;Ecuador_2006
Ecuador;2007;5383,366;14296,557;8822,087;Ecuador_2007
Ecuador;2008;5446,778;14535,739;9000,784;Ecuador_2008
Ecuador;2009;5509,98;14774,424;9181,295;Ecuador_2009
Ecuador;2010;5572,14;15011,117;9362,55;Ecuador_2010
Ecuador;2011;5638,262;15243,884;9539,093;Ecuador_2011
Ecuador;2012;5707,115;15474,101;9712,551;Ecuador_2012
Ecuador;2013;5775,237;15707,474;9886,31;Ecuador_2013
Ecuador;2014;5842,585;15951,84;10060,527;Ecuador_2014
Ecuador;2015;5909,194;16212,02;10235,174;Ecuador_2015
Ecuador;2016;5974,947;16491,116;10410,121;Ecuador_2016
Ecuador;2017;6039,811;16785,361;10585,047;Ecuador_2017
Ecuador;2018;6101,055;17084,358;10762,37;Ecuador_2018
Egypt;2000;39988,667;68831,561;29917,321;Egypt_2000
Egypt;2001;40711,513;70152,661;30515,427;Egypt_2001
Egypt;2002;41457,204;71485,043;31132,914;Egypt_2002
Egypt;2003;42217,976;72826,097;31763,966;Egypt_2003
Egypt;2004;42982,044;74172,073;32399,855;Egypt_2004
Egypt;2005;43742,795;75523,569;33035,354;Egypt_2005
Egypt;2006;44493,461;76873,663;33665,587;Egypt_2006
Egypt;2007;45274,468;78232,126;34262,785;Egypt_2007
Egypt;2008;46096,587;79636,079;34857,294;Egypt_2008
Egypt;2009;46973,046;81134,798;35491,976;Egypt_2009
Egypt;2010;47925,009;82761,235;36182,597;Egypt_2010
Egypt;2011;48961,61;84529,252;36935,951;Egypt_2011
Egypt;2012;50100,764;86422,243;37712,493;Egypt_2012
Egypt;2013;51286,648;88404,646;38520,785;Egypt_2013
Egypt;2014;52480,985;90424,656;39331,581;Egypt_2014
Egypt;2015;53654,843;92442,547;40123,329;Egypt_2015
Egypt;2016;54799,311;94447,073;40889,37;Egypt_2016
Egypt;2017;55893,406;96442,591;41659,745;Egypt_2017
Egypt;2018;56938,212;98423,598;42437,529;Egypt_2018
El Salvador;2000;2410,885;5887,936;3456,741;El Salvador_2000
El Salvador;2001;2394,061;5927,006;3511,901;El Salvador_2001
El Salvador;2002;2375,312;5962,136;3564,991;El Salvador_2002
El Salvador;2003;2355,11;5994,077;3616,425;El Salvador_2003
El Salvador;2004;2333,904;6023,797;3666,871;El Salvador_2004
El Salvador;2005;2312,232;6052,123;3716,729;El Salvador_2005
El Salvador;2006;2290,13;6079,399;3766,348;El Salvador_2006
El Salvador;2007;2264,614;6105,81;3818,861;El Salvador_2007
El Salvador;2008;2219,385;6131,764;3890,916;El Salvador_2008
El Salvador;2009;2174,461;6157,686;3962,815;El Salvador_2009
El Salvador;2010;2129,728;6183,875;4034,898;El Salvador_2010
El Salvador;2011;2085,36;6210,568;4107,2;El Salvador_2011
El Salvador;2012;2041,361;6237,923;4179,885;El Salvador_2012
El Salvador;2013;1997,999;6266,07;4252,778;El Salvador_2013
El Salvador;2014;1955,077;6295,128;4326,112;El Salvador_2014
El Salvador;2015;1912,681;6325,124;4399,797;El Salvador_2015
El Salvador;2016;1871,635;6356,143;4473,087;El Salvador_2016
El Salvador;2017;1832,049;6388,126;4545,804;El Salvador_2017
El Salvador;2018;1793,751;6420,746;4617,807;El Salvador_2018
Equatorial Guinea;2000;312,737;606,181;301,586;Equatorial Guinea_2000
Equatorial Guinea;2001;314,556;631,666;325,206;Equatorial Guinea_2001
Equatorial Guinea;2002;316,058;658,384;350,349;Equatorial Guinea_2002
Equatorial Guinea;2003;317,389;686,664;377,222;Equatorial Guinea_2003
Equatorial Guinea;2004;318,68;716,949;406,137;Equatorial Guinea_2004
Equatorial Guinea;2005;320,042;749,535;437,275;Equatorial Guinea_2005
Equatorial Guinea;2006;321,395;784,496;470,822;Equatorial Guinea_2006
Equatorial Guinea;2007;322,609;821,687;506,718;Equatorial Guinea_2007
Equatorial Guinea;2008;323,525;860,84;544,893;Equatorial Guinea_2008
Equatorial Guinea;2009;324,029;901,599;585,082;Equatorial Guinea_2009
Equatorial Guinea;2010;323,947;943,639;627,157;Equatorial Guinea_2010
Equatorial Guinea;2011;323,268;986,853;671,022;Equatorial Guinea_2011
Equatorial Guinea;2012;321,964;1031,191;716,629;Equatorial Guinea_2012
Equatorial Guinea;2013;330,07;1076,413;753,676;Equatorial Guinea_2013
Equatorial Guinea;2014;337,895;1122,277;791,529;Equatorial Guinea_2014
Equatorial Guinea;2015;345,376;1168,568;830,013;Equatorial Guinea_2015
Equatorial Guinea;2016;352,55;1215,18;868,94;Equatorial Guinea_2016
Equatorial Guinea;2017;359,435;1262,002;908,254;Equatorial Guinea_2017
Equatorial Guinea;2018;366,013;1308,975;947,881;Equatorial Guinea_2018
Eritrea;2000;2490,747;2292,416;902,054;Eritrea_2000
Eritrea;2001;2537,002;2374,722;960,122;Eritrea_2001
Eritrea;2002;2590,231;2481,058;1024,408;Eritrea_2002
Eritrea;2003;2645,064;2600,973;1093,201;Eritrea_2003
Eritrea;2004;2694,69;2719,803;1163,933;Eritrea_2004
Eritrea;2005;2734,684;2826,659;1234,323;Eritrea_2005
Eritrea;2006;2763,263;2918,205;1303,385;Eritrea_2006
Eritrea;2007;2782,012;2996,536;1371,32;Eritrea_2007
Eritrea;2008;2793,54;3062,779;1439,096;Eritrea_2008
Eritrea;2009;2819,613;3119,92;1490,721;Eritrea_2009
Eritrea;2010;2846,355;3170,435;1544,485;Eritrea_2010
Eritrea;2011;2874,045;3213,972;1600,645;Eritrea_2011
Eritrea;2012;2902,04;3250,1;1658,937;Eritrea_2012
Eritrea;2013;2931,111;3281,449;1719,887;Eritrea_2013
Eritrea;2014;2961,994;3311,449;1784,051;Eritrea_2014
Eritrea;2015;2995,125;3342,818;1851,851;Eritrea_2015
Eritrea;2016;3030,917;3376,557;1923,728;Eritrea_2016
Eritrea;2017;3069,11;3412,893;1999,721;Eritrea_2017
Eritrea;2018;3108,634;3452,786;2079,314;Eritrea_2018
Estonia;2000;428,571;1399,112;970,541;Estonia_2000
Estonia;2001;428,064;1391,73;963,665;Estonia_2001
Estonia;2002;427,045;1382,732;955,687;Estonia_2002
Estonia;2003;425,752;1372,909;947,157;Estonia_2003
Estonia;2004;424,589;1363,565;938,976;Estonia_2004
Estonia;2005;423,848;1355,648;931,8;Estonia_2005
Estonia;2006;423,584;1349,363;925,713;Estonia_2006
Estonia;2007;423,663;1344,296;920,409;Estonia_2007
Estonia;2008;424,008;1340,073;915,704;Estonia_2008
Estonia;2009;424,493;1336,135;911,337;Estonia_2009
Estonia;2010;425,023;1332,101;907,079;Estonia_2010
Estonia;2011;425,571;1327,709;902,878;Estonia_2011
Estonia;2012;424,323;1323,159;900,611;Estonia_2012
Estonia;2013;421,292;1319,062;900,268;Estonia_2013
Estonia;2014;418,329;1316,277;900,03;Estonia_2014
Estonia;2015;415,431;1315,325;899,89;Estonia_2015
Estonia;2016;412,594;1316,51;899,848;Estonia_2016
Estonia;2017;409,687;1319,39;899,945;Estonia_2017
Estonia;2018;406,671;1322,92;900,117;Estonia_2018
Eswatini;2000;820,663;1005,435;240,805;Eswatini_2000
Eswatini;2001;830,923;1013,609;242,004;Eswatini_2001
Eswatini;2002;838,528;1019,059;242,402;Eswatini_2002
Eswatini;2003;844,95;1022,802;242,442;Eswatini_2003
Eswatini;2004;852,319;1026,286;242,734;Eswatini_2004
Eswatini;2005;862,16;1030,579;243,713;Eswatini_2005
Eswatini;2006;875,009;1036,092;245,505;Eswatini_2006
Eswatini;2007;889,921;1042,652;248,513;Eswatini_2007
Eswatini;2008;903,417;1049,945;255,48;Eswatini_2008
Eswatini;2009;917,837;1057,467;262,838;Eswatini_2009
Eswatini;2010;932,443;1064,837;270,4;Eswatini_2010
Eswatini;2011;947,124;1072,033;278,134;Eswatini_2011
Eswatini;2012;962,964;1079,288;285,194;Eswatini_2012
Eswatini;2013;979,039;1086,843;292,417;Eswatini_2013
Eswatini;2014;995,295;1095,019;299,802;Eswatini_2014
Eswatini;2015;1011,681;1104,044;307,33;Eswatini_2015
Eswatini;2016;1028,023;1113,997;315,075;Eswatini_2016
Eswatini;2017;1044,238;1124,805;323,016;Eswatini_2017
Eswatini;2018;1060,246;1136,281;331,139;Eswatini_2018
Ethiopia;2000;56730,042;66224,804;9807,289;Ethiopia_2000
Ethiopia;2001;58268,076;68159,423;10224,181;Ethiopia_2001
Ethiopia;2002;59839,634;70142,091;10657,558;Ethiopia_2002
Ethiopia;2003;61438,556;72170,584;11106,588;Ethiopia_2003
Ethiopia;2004;63054,369;74239,505;11570,036;Ethiopia_2004
Ethiopia;2005;64680,71;76346,311;12046,373;Ethiopia_2005
Ethiopia;2006;66314,612;78489,206;12536,077;Ethiopia_2006
Ethiopia;2007;67946,189;80674,348;13054,22;Ethiopia_2007
Ethiopia;2008;69451,069;82916,235;13733,823;Ethiopia_2008
Ethiopia;2009;70972,092;85233,913;14444,161;Ethiopia_2009
Ethiopia;2010;72513,53;87639,964;15189,14;Ethiopia_2010
Ethiopia;2011;74076,738;90139,929;15970,018;Ethiopia_2011
Ethiopia;2012;75656,319;92726,985;16787,864;Ethiopia_2012
Ethiopia;2013;77262,426;95385,798;17625,298;Ethiopia_2013
Ethiopia;2014;78869,363;98094,265;18497,411;Ethiopia_2014
Ethiopia;2015;80469,946;100835,458;19403,087;Ethiopia_2015
Ethiopia;2016;82059,981;103603,462;20343,215;Ethiopia_2016
Ethiopia;2017;83640,582;106399,924;21316,856;Ethiopia_2017
Ethiopia;2018;85207,113;109224,414;22327,769;Ethiopia_2018
Fiji;2000;422,583;811,006;388,64;Fiji_2000
Fiji;2001;420,952;813,925;393,266;Fiji_2001
Fiji;2002;418,511;815,257;397,18;Fiji_2002
Fiji;2003;415,784;816,076;400,844;Fiji_2003
Fiji;2004;413,443;817,86;404,911;Fiji_2004
Fiji;2005;411,967;821,604;409,85;Fiji_2005
Fiji;2006;411,52;827,87;415,891;Fiji_2006
Fiji;2007;411,92;836,19;422,892;Fiji_2007
Fiji;2008;412,007;845,361;431,333;Fiji_2008
Fiji;2009;411,856;853,637;440,111;Fiji_2009
Fiji;2010;411,306;859,818;448,644;Fiji_2010
Fiji;2011;410,276;863,449;456,81;Fiji_2011
Fiji;2012;408,88;865,069;464,716;Fiji_2012
Fiji;2013;407,254;865,608;472,461;Fiji_2013
Fiji;2014;405,553;866,453;480,253;Fiji_2014
Fiji;2015;403,912;868,627;488,237;Fiji_2015
Fiji;2016;402,329;872,399;496,431;Fiji_2016
Fiji;2017;400,76;877,459;504,742;Fiji_2017
Fiji;2018;399,125;883,483;513,116;Fiji_2018
Finland;2000;924,351;5187,954;4263,603;Finland_2000
Finland;2001;916,956;5200,477;4283,523;Finland_2001
Finland;2002;912,167;5213,366;4301,206;Finland_2002
Finland;2003;907,532;5227,093;4319,571;Finland_2003
Finland;2004;903,126;5242,17;4339,059;Finland_2004
Finland;2005;899,025;5258,927;4359,902;Finland_2005
Finland;2006;895,236;5277,491;4382,334;Finland_2006
Finland;2007;891,744;5297,739;4406,27;Finland_2007
Finland;2008;888,472;5319,449;4431,43;Finland_2008
Finland;2009;885,348;5342,262;4457,298;Finland_2009
Finland;2010;870,88;5365,782;4494,902;Finland_2010
Finland;2011;845,427;5390,038;4543,815;Finland_2011
Finland;2012;820,527;5414,77;4592,453;Finland_2012
Finland;2013;808,694;5438,982;4627,922;Finland_2013
Finland;2014;809,393;5461,411;4650,324;Finland_2014
Finland;2015;809,95;5481,122;4672,016;Finland_2015
Finland;2016;810,329;5497,713;4692,803;Finland_2016
Finland;2017;810,547;5511,371;4712,684;Finland_2017
Finland;2018;810,217;5522,576;4732,3;Finland_2018
France;2000;14382,604;59015,096;45225,597;France_2000
France;2001;14302,809;59384,132;45608,443;France_2001
France;2002;14224,922;59803,441;46000,154;France_2002
France;2003;14149,19;60251,588;46400,907;France_2003
France;2004;14075,407;60697,981;46811,2;France_2004
France;2005;14003,975;61120,127;47229,925;France_2005
France;2006;13934,413;61508,926;47658,471;France_2006
France;2007;13866,281;61869,227;48094,669;France_2007
France;2008;13794,705;62209,207;48534,862;France_2008
France;2009;13717,697;62542,9;48969,824;France_2009
France;2010;13633,442;62879,53;49393,298;France_2010
France;2011;13541,366;63222,227;49802,211;France_2011
France;2012;13442,096;63564,221;50197,777;France_2012
France;2013;13336,757;63893,525;50583,16;France_2013
France;2014;13226,977;64193,55;50963,661;France_2014
France;2015;13113,96;64453,2;51343,241;France_2015
France;2016;12998,038;64667,596;51722,652;France_2016
France;2017;12879,012;64842,509;52100,536;France_2017
France;2018;12756,906;64990,511;52476,365;France_2018
Gabon;2000;260,031;1228,36;971,091;Gabon_2000
Gabon;2001;257,087;1258,003;1005,172;Gabon_2001
Gabon;2002;254,12;1288,315;1040,289;Gabon_2002
Gabon;2003;251,249;1319,953;1076,897;Gabon_2003
Gabon;2004;248,58;1353,795;1115,625;Gabon_2004
Gabon;2005;246,218;1390,549;1156,908;Gabon_2005
Gabon;2006;244,076;1430,152;1200,768;Gabon_2006
Gabon;2007;242,107;1472,575;1247,086;Gabon_2007
Gabon;2008;240,309;1518,54;1296,102;Gabon_2008
Gabon;2009;238,727;1568,928;1348,027;Gabon_2009
Gabon;2010;237,291;1624,14;1402,919;Gabon_2010
Gabon;2011;236,029;1684,635;1461,072;Gabon_2011
Gabon;2012;234,816;1749,682;1522,001;Gabon_2012
Gabon;2013;233,402;1817,071;1583,869;Gabon_2013
Gabon;2014;231,633;1883,8;1644,08;Gabon_2014
Gabon;2015;229,341;1947,686;1700,834;Gabon_2015
Gabon;2016;226,498;2007,873;1753,288;Gabon_2016
Gabon;2017;223,245;2064,823;1801,892;Gabon_2017
Gabon;2018;219,785;2119,275;1847,776;Gabon_2018
Gambia;2000;642,181;1317,703;589,663;Gambia_2000
Gambia;2001;650,815;1360,074;619,68;Gambia_2001
Gambia;2002;659,831;1404,261;651,518;Gambia_2002
Gambia;2003;669,586;1449,925;684,608;Gambia_2003
Gambia;2004;681,267;1496,527;717,306;Gambia_2004
Gambia;2005;692,935;1543,741;751,269;Gambia_2005
Gambia;2006;704,493;1591,445;786,528;Gambia_2006
Gambia;2007;715,979;1639,848;823,137;Gambia_2007
Gambia;2008;727,394;1689,285;861,178;Gambia_2008
Gambia;2009;738,84;1740,279;900,72;Gambia_2009
Gambia;2010;750,273;1793,196;941,876;Gambia_2010
Gambia;2011;761,696;1848,147;984,667;Gambia_2011
Gambia;2012;773,029;1905,013;1029,096;Gambia_2012
Gambia;2013;784,258;1963,712;1075,066;Gambia_2013
Gambia;2014;795,364;2024,042;1122,488;Gambia_2014
Gambia;2015;806,309;2085,86;1171,281;Gambia_2015
Gambia;2016;817,075;2149,136;1221,426;Gambia_2016
Gambia;2017;827,654;2213,889;1272,914;Gambia_2017
Gambia;2018;838,035;2280,094;1325,73;Gambia_2018
Georgia;2000;2236,449;4362,187;2485,61;Georgia_2000
Georgia;2001;2224,052;4296,979;2448,11;Georgia_2001
Georgia;2002;2199,528;4258,571;2425,352;Georgia_2002
Georgia;2003;2159,971;4238,929;2419,111;Georgia_2003
Georgia;2004;2120,781;4225,816;2412,548;Georgia_2004
Georgia;2005;2081,535;4210,168;2405,012;Georgia_2005
Georgia;2006;2042,246;4189,72;2396,65;Georgia_2006
Georgia;2007;2003,024;4166,867;2387,511;Georgia_2007
Georgia;2008;1963,424;4142,655;2377,09;Georgia_2008
Georgia;2009;1923,027;4119,494;2364,669;Georgia_2009
Georgia;2010;1881,61;4099,099;2350,051;Georgia_2010
Georgia;2011;1838,725;4081,017;2332,531;Georgia_2011
Georgia;2012;1794,943;4064,106;2312,776;Georgia_2012
Georgia;2013;1752,471;4048,701;2293,439;Georgia_2013
Georgia;2014;1714,022;4035,311;2278,324;Georgia_2014
Georgia;2015;1681,437;4024,183;2270,087;Georgia_2015
Georgia;2016;1655,077;4015,45;2270,328;Georgia_2016
Georgia;2017;1634,019;4008,716;2278,042;Georgia_2017
Georgia;2018;1616,295;4002,942;2290,836;Georgia_2018
Germany;2000;20400,344;81400,882;61087,413;Germany_2000
Germany;2001;20245,265;81453,885;61290,583;Germany_2001
Germany;2002;20097,558;81535,122;61514,31;Germany_2002
Germany;2003;19950,126;81614,38;61736,369;Germany_2003
Germany;2004;19792,081;81646,474;61923,578;Germany_2004
Germany;2005;19617,625;81602,741;62053,609;Germany_2005
Germany;2006;19423,458;81472,226;62116,895;Germany_2006
Germany;2007;19215,385;81277,83;62129,072;Germany_2007
Germany;2008;19004,672;81065,752;62126,272;Germany_2008
Germany;2009;18807,36;80899,961;62158,252;Germany_2009
Germany;2010;18633,173;80827,002;62261,612;Germany_2010
Germany;2011;18485,321;80855,632;62448,659;Germany_2011
Germany;2012;18507,405;80972,628;62558,823;Germany_2012
Germany;2013;18544,7;81174,367;62720,439;Germany_2013
Germany;2014;18587,788;81450,378;62901,872;Germany_2014
Germany;2015;18629,376;81787,411;63078,413;Germany_2015
Germany;2016;18657,193;82193,768;63257,479;Germany_2016
Germany;2017;18672,1;82658,409;63442,124;Germany_2017
Germany;2018;18671,111;83124,418;63622,346;Germany_2018
Ghana;2000;10619,132;19278,856;8319,63;Ghana_2000
Ghana;2001;10759,435;19756,928;8662,17;Ghana_2001
Ghana;2002;10903,66;20246,381;9020,862;Ghana_2002
Ghana;2003;11051,2;20750,299;9395,582;Ghana_2003
Ghana;2004;11200,504;21272,323;9786,032;Ghana_2004
Ghana;2005;11350,899;21814,642;10191,11;Ghana_2005
Ghana;2006;11501,626;22379,055;10611,799;Ghana_2006
Ghana;2007;11652,304;22963,946;11047,908;Ghana_2007
Ghana;2008;11800,555;23563,825;11498,085;Ghana_2008
Ghana;2009;11944,412;24170,94;11959,419;Ghana_2009
Ghana;2010;12081,325;24779,619;12430,779;Ghana_2010
Ghana;2011;12210,704;25387,712;12911,092;Ghana_2011
Ghana;2012;12333,058;25996,45;13399,991;Ghana_2012
Ghana;2013;12449,163;26607,645;13897,088;Ghana_2013
Ghana;2014;12559,438;27224,473;14403,125;Ghana_2014
Ghana;2015;12664,366;27849,205;14918,455;Ghana_2015
Ghana;2016;12763,904;28481,945;15442,824;Ghana_2016
Ghana;2017;12857,864;29121,465;15975,765;Ghana_2017
Ghana;2018;12946,423;29767,102;16517,22;Ghana_2018
Greece;2000;3040,042;11082,104;8102,077;Greece_2000
Greece;2001;3029,532;11134,457;8154,866;Greece_2001
Greece;2002;2994,553;11182,305;8222,246;Greece_2002
Greece;2003;2958,243;11218,884;8285,324;Greece_2003
Greece;2004;2922,112;11234,992;8348,364;Greece_2004
Greece;2005;2887,279;11224,791;8413,925;Greece_2005
Greece;2006;2854,291;11185,228;8484,479;Greece_2006
Greece;2007;2822,571;11120,358;8558,326;Greece_2007
Greece;2008;2790,077;11040,309;8629,57;Greece_2008
Greece;2009;2754,332;10959,272;8689,496;Greece_2009
Greece;2010;2713,565;10887,637;8732,44;Greece_2010
Greece;2011;2667,285;10829,079;8755,52;Greece_2011
Greece;2012;2616,562;10781,125;8761,695;Greece_2012
Greece;2013;2563,761;10740,5;8757,539;Greece_2013
Greece;2014;2511,81;10701,456;8752,916;Greece_2014
Greece;2015;2462,743;10659,75;8755,057;Greece_2015
Greece;2016;2417,151;10615,185;8766,565;Greece_2016
Greece;2017;2374,332;10569,45;8785,441;Greece_2017
Greece;2018;2333,39;10522,246;8808,771;Greece_2018
Grenada;2000;65,343;102,833;36,276;Grenada_2000
Grenada;2001;65,265;103,249;36,584;Grenada_2001
Grenada;2002;65,432;103,634;36,668;Grenada_2002
Grenada;2003;65,615;104,005;36,76;Grenada_2003
Grenada;2004;65,801;104,347;36,855;Grenada_2004
Grenada;2005;65,995;104,661;36,954;Grenada_2005
Grenada;2006;66,2;104,933;37,059;Grenada_2006
Grenada;2007;66,416;105,19;37,17;Grenada_2007
Grenada;2008;66,643;105,456;37,287;Grenada_2008
Grenada;2009;66,884;105,789;37,412;Grenada_2009
Grenada;2010;67,134;106,233;37,543;Grenada_2010
Grenada;2011;67,396;106,796;37,679;Grenada_2011
Grenada;2012;67,646;107,446;37,835;Grenada_2012
Grenada;2013;67,892;108,17;38,017;Grenada_2013
Grenada;2014;68,136;108,902;38,224;Grenada_2014
Grenada;2015;68,37;109,599;38,453;Grenada_2015
Grenada;2016;68,605;110,261;38,712;Grenada_2016
Grenada;2017;68,831;110,874;38,994;Grenada_2017
Grenada;2018;69,042;111,454;39,297;Grenada_2018
Guatemala;2000;6369,284;11650,743;5281,459;Guatemala_2000
Guatemala;2001;6479,081;11924,946;5445,865;Guatemala_2001
Guatemala;2002;6592,165;12208,848;5616,683;Guatemala_2002
Guatemala;2003;6710,484;12500,478;5789,994;Guatemala_2003
Guatemala;2004;6831,542;12796,925;5965,383;Guatemala_2004
Guatemala;2005;6952,32;13096,028;6143,708;Guatemala_2005
Guatemala;2006;7072,229;13397,021;6324,779;Guatemala_2006
Guatemala;2007;7191,525;13700,327;6508,761;Guatemala_2007
Guatemala;2008;7310,395;14006,428;6695,971;Guatemala_2008
Guatemala;2009;7429,485;14316,263;6886,723;Guatemala_2009
Guatemala;2010;7548,904;14630,417;7081,513;Guatemala_2010
Guatemala;2011;7668,633;14948,801;7280,286;Guatemala_2011
Guatemala;2012;7788,239;15270,771;7482,817;Guatemala_2012
Guatemala;2013;7905,605;15595,816;7690,609;Guatemala_2013
Guatemala;2014;8019,984;15923,236;7903,575;Guatemala_2014
Guatemala;2015;8130,972;16252,429;8121,457;Guatemala_2015
Guatemala;2016;8238,27;16583,076;8344,199;Guatemala_2016
Guatemala;2017;8341,671;16914,97;8571,832;Guatemala_2017
Guatemala;2018;8440,97;17247,849;8804,376;Guatemala_2018
Guinea;2000;6089,434;8240,73;2719,112;Guinea_2000
Guinea;2001;6177,192;8417,081;2793,947;Guinea_2001
Guinea;2002;6266,378;8586,074;2870,967;Guinea_2002
Guinea;2003;6358,823;8753,093;2951,025;Guinea_2003
Guinea;2004;6455,507;8925,743;3034,722;Guinea_2004
Guinea;2005;6557,321;9109,581;3122,424;Guinea_2005
Guinea;2006;6666,117;9307,425;3215,311;Guinea_2006
Guinea;2007;6782,797;9518,162;3313,93;Guinea_2007
Guinea;2008;6905,524;9738,792;3417,618;Guinea_2008
Guinea;2009;7031,556;9964,469;3524,968;Guinea_2009
Guinea;2010;7158,911;10192,176;3635,259;Guinea_2010
Guinea;2011;7286,986;10420,472;3748,184;Guinea_2011
Guinea;2012;7416,978;10652,031;3864,491;Guinea_2012
Guinea;2013;7551,293;10892,817;3985,322;Guinea_2013
Guinea;2014;7692,904;11150,982;4112,605;Guinea_2014
Guinea;2015;7842,402;11432,088;4249,131;Guinea_2015
Guinea;2016;8000,301;11738,429;4395,623;Guinea_2016
Guinea;2017;8165,321;12067,519;4551,855;Guinea_2017
Guinea;2018;8335,437;12414,293;4717,171;Guinea_2018
Guinea-Bissau;2000;792,644;1201,301;450,585;Guinea-Bissau_2000
Guinea-Bissau;2001;803,32;1227,106;464,192;Guinea-Bissau_2001
Guinea-Bissau;2002;814,873;1254,453;478,65;Guinea-Bissau_2002
Guinea-Bissau;2003;827,25;1283,305;493,952;Guinea-Bissau_2003
Guinea-Bissau;2004;840,298;1313,492;510,047;Guinea-Bissau_2004
Guinea-Bissau;2005;853,949;1344,93;526,889;Guinea-Bissau_2005
Guinea-Bissau;2006;868,159;1377,581;544,51;Guinea-Bissau_2006
Guinea-Bissau;2007;882,992;1411,543;562,966;Guinea-Bissau_2007
Guinea-Bissau;2008;898,503;1446,936;582,338;Guinea-Bissau_2008
Guinea-Bissau;2009;914,777;1483,921;602,671;Guinea-Bissau_2009
Guinea-Bissau;2010;931,806;1522,599;624,074;Guinea-Bissau_2010
Guinea-Bissau;2011;949,585;1562,989;646,569;Guinea-Bissau_2011
Guinea-Bissau;2012;968,011;1604,979;670,128;Guinea-Bissau_2012
Guinea-Bissau;2013;986,863;1648,255;694,632;Guinea-Bissau_2013
Guinea-Bissau;2014;1005,842;1692,437;719,902;Guinea-Bissau_2014
Guinea-Bissau;2015;1024,727;1737,202;745,799;Guinea-Bissau_2015
Guinea-Bissau;2016;1043,426;1782,438;772,272;Guinea-Bissau_2016
Guinea-Bissau;2017;1061,947;1828,145;799,336;Guinea-Bissau_2017
Guinea-Bissau;2018;1080,274;1874,303;826,994;Guinea-Bissau_2018
Guyana;2000;537,149;746,715;216,152;Guyana_2000
Guyana;2001;537,07;745,206;215,193;Guyana_2001
Guyana;2002;537,46;744,789;214,424;Guyana_2002
Guyana;2003;539,03;745,143;212,827;Guyana_2003
Guyana;2004;540,711;745,737;210,941;Guyana_2004
Guyana;2005;542,015;746,163;208,931;Guyana_2005
Guyana;2006;542,846;746,343;206,755;Guyana_2006
Guyana;2007;543,379;746,474;204,49;Guyana_2007
Guyana;2008;544,026;746,817;202,288;Guyana_2008
Guyana;2009;545,333;747,718;200,36;Guyana_2009
Guyana;2010;547,72;749,436;198,836;Guyana_2010
Guyana;2011;551,338;752,028;197,762;Guyana_2011
Guyana;2012;554,275;755,399;198,816;Guyana_2012
Guyana;2013;557,948;759,285;200,133;Guyana_2013
Guyana;2014;561,752;763,38;201,641;Guyana_2014
Guyana;2015;565,31;767,432;203,204;Guyana_2015
Guyana;2016;568,513;771,368;204,79;Guyana_2016
Guyana;2017;571,434;775,222;206,425;Guyana_2017
Guyana;2018;574,102;779,006;208,123;Guyana_2018
Haiti;2000;5505,685;8463,806;3043,515;Haiti_2000
Haiti;2001;5454,493;8608,819;3238,074;Haiti_2001
Haiti;2002;5394,951;8754,15;3439,782;Haiti_2002
Haiti;2003;5328,009;8900,104;3648,543;Haiti_2003
Haiti;2004;5318,404;9047,077;3800,774;Haiti_2004
Haiti;2005;5313,686;9195,288;3949,718;Haiti_2005
Haiti;2006;5306,584;9344,785;4102,873;Haiti_2006
Haiti;2007;5296,958;9495,328;4259,931;Haiti_2007
Haiti;2008;5284,322;9646,58;4420,707;Haiti_2008
Haiti;2009;5268,561;9798,046;4584,309;Haiti_2009
Haiti;2010;5248,935;9949,322;4750,682;Haiti_2010
Haiti;2011;5225,56;10100,32;4919,494;Haiti_2011
Haiti;2012;5198,418;10250,93;5090,792;Haiti_2012
Haiti;2013;5167,888;10400,675;5263,888;Haiti_2013
Haiti;2014;5133,539;10549,009;5438,927;Haiti_2014
Haiti;2015;5095,543;10695,542;5615,518;Haiti_2015
Haiti;2016;5055,343;10839,97;5791,991;Haiti_2016
Haiti;2017;5013,421;10982,366;5967,808;Haiti_2017
Haiti;2018;4969,937;11123,178;6143,008;Haiti_2018
Honduras;2000;3558,472;6574,509;2965,811;Honduras_2000
Honduras;2001;3616,67;6751,912;3076,391;Honduras_2001
Honduras;2002;3664,258;6929,265;3198,899;Honduras_2002
Honduras;2003;3709,119;7106,319;3324,702;Honduras_2003
Honduras;2004;3751,429;7282,953;3452,724;Honduras_2004
Honduras;2005;3791,031;7458,985;3582,399;Honduras_2005
Honduras;2006;3827,638;7634,298;3713,768;Honduras_2006
Honduras;2007;3861,301;7808,518;3846,671;Honduras_2007
Honduras;2008;3891,762;7980,955;3980,896;Honduras_2008
Honduras;2009;3919,075;8150,775;4115,946;Honduras_2009
Honduras;2010;3942,955;8317,47;4251,823;Honduras_2010
Honduras;2011;3963,389;8480,671;4388,211;Honduras_2011
Honduras;2012;3980,456;8640,691;4525,19;Honduras_2012
Honduras;2013;3994,867;8798,521;4662,918;Honduras_2013
Honduras;2014;4006,997;8955,589;4802,219;Honduras_2014
Honduras;2015;4017,554;9112,916;4943,275;Honduras_2015
Honduras;2016;4026,684;9270,795;5086,183;Honduras_2016
Honduras;2017;4034,31;9429,013;5230,757;Honduras_2017
Honduras;2018;4040,365;9587,522;5376,802;Honduras_2018
Hungary;2000;3620,82;10220,507;6600,231;Hungary_2000
Hungary;2001;3601,587;10193,449;6592,418;Hungary_2001
Hungary;2002;3550,56;10167,283;6617,312;Hungary_2002
Hungary;2003;3500,049;10141,342;6641,907;Hungary_2003
Hungary;2004;3449,597;10114,48;6665,484;Hungary_2004
Hungary;2005;3392,629;10085,937;6693,836;Hungary_2005
Hungary;2006;3329,016;10055,653;6726,881;Hungary_2006
Hungary;2007;3265,684;10024,149;6758,203;Hungary_2007
Hungary;2008;3202,837;9991,867;6788,364;Hungary_2008
Hungary;2009;3141,05;9959,439;6817,892;Hungary_2009
Hungary;2010;3086,495;9927,37;6841,345;Hungary_2010
Hungary;2011;3033,021;9895,68;6865,183;Hungary_2011
Hungary;2012;2992,731;9864,358;6876,953;Hungary_2012
Hungary;2013;2957,147;9833,923;6884,55;Hungary_2013
Hungary;2014;2921,708;9804,991;6891,627;Hungary_2014
Hungary;2015;2886,258;9777,923;6897,667;Hungary_2015
Hungary;2016;2850,043;9752,975;6903,238;Hungary_2016
Hungary;2017;2813,212;9729,823;6908,347;Hungary_2017
Hungary;2018;2775,785;9707,499;6913,062;Hungary_2018
Iceland;2000;21,31;280,435;259,125;Iceland_2000
Iceland;2001;21,127;282,907;261,78;Iceland_2001
Iceland;2002;20,939;285,329;264,39;Iceland_2002
Iceland;2003;20,765;287,952;267,187;Iceland_2003
Iceland;2004;20,627;291,104;270,477;Iceland_2004
Iceland;2005;20,539;294,979;274,44;Iceland_2005
Iceland;2006;20,506;299,72;279,222;Iceland_2006
Iceland;2007;20,516;305,183;284,684;Iceland_2007
Iceland;2008;20,533;310,856;290,351;Iceland_2008
Iceland;2009;20,512;316,062;295,574;Iceland_2009
Iceland;2010;20,583;320,328;299,745;Iceland_2010
Iceland;2011;20,74;323,474;302,678;Iceland_2011
Iceland;2012;20,834;325,652;304,692;Iceland_2012
Iceland;2013;20,82;327,187;306,209;Iceland_2013
Iceland;2014;20,802;328,594;307,657;Iceland_2014
Iceland;2015;20,805;330,243;309,438;Iceland_2015
Iceland;2016;20,828;332,206;311,646;Iceland_2016
Iceland;2017;20,862;334,393;314,163;Iceland_2017
Iceland;2018;20,899;336,713;316,881;Iceland_2018
India;2000;761700,63;1056575,549;291350,282;India_2000
India;2001;772339,048;1075000,085;299138,807;India_2001
India;2002;782001,968;1093317,189;307805,144;India_2002
India;2003;791442,579;1111523,144;316585,269;India_2003
India;2004;800652,72;1129623,456;325483,057;India_2004
India;2005;809639,268;1147609,927;334479,406;India_2005
India;2006;818387,902;1165486,291;343589,817;India_2006
India;2007;826881,86;1183209,472;352799,379;India_2007
India;2008;835058,767;1200669,765;362088,139;India_2008
India;2009;842864,409;1217726,215;371405,723;India_2009
India;2010;850236,137;1234281,17;380744,554;India_2010
India;2011;857153,804;1250287,943;390082,225;India_2011
India;2012;863513,505;1265780,247;399552,347;India_2012
India;2013;869387,533;1280842,125;409174,674;India_2013
India;2014;874857,621;1295600,772;419001,673;India_2014
India;2015;879984,521;1310152,403;429069,459;India_2015
India;2016;884779,655;1324517,249;439391,699;India_2016
India;2017;889216,746;1338676,785;449963,381;India_2017
India;2018;893272,09;1352642,28;460779,764;India_2018
Indonesia;2000;122688,942;211513,823;88851,487;Indonesia_2000
Indonesia;2001;122734,809;214427,417;91771,693;Indonesia_2001
Indonesia;2002;122744,187;217357,793;94763,872;Indonesia_2002
Indonesia;2003;122719,089;220309,469;97826,125;Indonesia_2003
Indonesia;2004;122654,979;223285,676;100959,67;Indonesia_2004
Indonesia;2005;122557,076;226289,47;104155,654;Indonesia_2005
Indonesia;2006;122417,389;229318,262;107420,813;Indonesia_2006
Indonesia;2007;122237,436;232374,245;110751,705;Indonesia_2007
Indonesia;2008;122011,566;235469,762;114147,71;Indonesia_2008
Indonesia;2009;121743,839;238620,563;117596,639;Indonesia_2009
Indonesia;2010;121471,143;241834,215;121052,98;Indonesia_2010
Indonesia;2011;121392,687;245115,987;124314,824;Indonesia_2011
Indonesia;2012;121265,363;248451,722;127617,869;Indonesia_2012
Indonesia;2013;121087,842;251805,307;130944,421;Indonesia_2013
Indonesia;2014;120843,234;255128,076;134287,882;Indonesia_2014
Indonesia;2015;120527,352;258383,256;137634,761;Indonesia_2015
Indonesia;2016;120142,531;261556,381;140972,925;Indonesia_2016
Indonesia;2017;119696,518;264650,963;144294,861;Indonesia_2017
Indonesia;2018;119191,974;267670,543;147603,006;Indonesia_2018
Iran (Islamic Republic of);2000;23779,764;65623,405;42352,09;Iran (Islamic Republic of)_2000
Iran (Islamic Republic of);2001;23646,162;66449,112;43450,252;Iran (Islamic Republic of)_2001
Iran (Islamic Republic of);2002;23475,745;67284,796;44507,585;Iran (Islamic Republic of)_2002
Iran (Islamic Republic of);2003;23277,974;68122,938;45534,739;Iran (Islamic Republic of)_2003
Iran (Islamic Republic of);2004;23064,517;68951,281;46552,583;Iran (Islamic Republic of)_2004
Iran (Islamic Republic of);2005;22846,437;69762,347;47575,374;Iran (Islamic Republic of)_2005
Iran (Islamic Republic of);2006;22622,393;70554,76;48605,487;Iran (Islamic Republic of)_2006
Iran (Islamic Republic of);2007;22427,746;71336,475;49603,357;Iran (Islamic Republic of)_2007
Iran (Islamic Republic of);2008;22248,124;72120,604;50597,418;Iran (Islamic Republic of)_2008
Iran (Islamic Republic of);2009;22072,992;72924,837;51614,573;Iran (Islamic Republic of)_2009
Iran (Islamic Republic of);2010;21903,373;73762,519;52664,138;Iran (Islamic Republic of)_2010
Iran (Islamic Republic of);2011;21741,243;74634,957;53750,339;Iran (Islamic Republic of)_2011
Iran (Islamic Republic of);2012;21594,353;75539,878;54859,221;Iran (Islamic Republic of)_2012
Iran (Islamic Republic of);2013;21453,348;76481,961;55982,036;Iran (Islamic Republic of)_2013
Iran (Islamic Republic of);2014;21304,537;77465,77;57106,555;Iran (Islamic Republic of)_2014
Iran (Islamic Republic of);2015;21143,455;78492,215;58217,032;Iran (Islamic Republic of)_2015
Iran (Islamic Republic of);2016;20968,583;79563,989;59308,845;Iran (Islamic Republic of)_2016
Iran (Islamic Republic of);2017;20782,6;80673,883;60380,188;Iran (Islamic Republic of)_2017
Iran (Islamic Republic of);2018;20586,68;81800,188;61425,055;Iran (Islamic Republic of)_2018
Iraq;2000;7423,961;23497,585;16141,452;Iraq_2000
Iraq;2001;7627,084;24208,18;16624,565;Iraq_2001
Iraq;2002;7829,905;24931,919;17109,394;Iraq_2002
Iraq;2003;8032,21;25644,499;17595,416;Iraq_2003
Iraq;2004;8233,973;26313,838;18082,636;Iraq_2004
Iraq;2005;8435,932;26922,284;18572,494;Iraq_2005
Iraq;2006;8636,414;27448,124;19061,498;Iraq_2006
Iraq;2007;8837,116;27911,248;19553,317;Iraq_2007
Iraq;2008;9045,912;28385,746;20065,505;Iraq_2008
Iraq;2009;9273,303;28973,162;20621,349;Iraq_2009
Iraq;2010;9504,63;29741,976;21258,071;Iraq_2010
Iraq;2011;9750,42;30725,3;21976,633;Iraq_2011
Iraq;2012;10019,158;31890,011;22757,413;Iraq_2012
Iraq;2013;10302,117;33157,05;23581,028;Iraq_2013
Iraq;2014;10586,506;34411,951;24419,574;Iraq_2014
Iraq;2015;10863,394;35572,261;25252,255;Iraq_2015
Iraq;2016;11125,775;36610,632;26076,797;Iraq_2016
Iraq;2017;11375,936;37552,781;26898,682;Iraq_2017
Iraq;2018;11615,946;38433,6;27723,807;Iraq_2018
Ireland;2000;1572,038;3783,103;2276,738;Ireland_2000
Ireland;2001;1587,218;3842,245;2322,075;Ireland_2001
Ireland;2002;1604,488;3907,998;2371,8;Ireland_2002
Ireland;2003;1622,84;3980,076;2426,707;Ireland_2003
Ireland;2004;1643,163;4058,13;2485,586;Ireland_2004
Ireland;2005;1665,092;4141,223;2547,885;Ireland_2005
Ireland;2006;1689,583;4230,623;2613,787;Ireland_2006
Ireland;2007;1717,899;4324,641;2680,174;Ireland_2007
Ireland;2008;1744,599;4415,872;2744,99;Ireland_2008
Ireland;2009;1765,932;4494,576;2802,132;Ireland_2009
Ireland;2010;1779,414;4554,321;2847,514;Ireland_2010
Ireland;2011;1783,796;4591,105;2878,783;Ireland_2011
Ireland;2012;1780,388;4608,198;2897,729;Ireland_2012
Ireland;2013;1772,537;4615,422;2909,43;Ireland_2013
Ireland;2014;1764,876;4626,844;2921,471;Ireland_2014
Ireland;2015;1760,732;4652,425;2939,375;Ireland_2015
Ireland;2016;1761,09;4695,779;2964,988;Ireland_2016
Ireland;2017;1764,335;4753,279;2997,322;Ireland_2017
Ireland;2018;1769,22;4818,69;3034,528;Ireland_2018
Israel;2000;529,03;5945,95;5484,711;Israel_2000
Israel;2001;535,306;6060,676;5594,224;Israel_2001
Israel;2002;540,933;6169,313;5698,352;Israel_2002
Israel;2003;546,487;6278,374;5803,032;Israel_2003
Israel;2004;552,7;6396,514;5916,127;Israel_2004
Israel;2005;560,059;6529,479;6042,911;Israel_2005
Israel;2006;568,798;6680,637;6186,413;Israel_2006
Israel;2007;578,65;6847,141;6344,035;Israel_2007
Israel;2008;588,921;7020,836;6508,489;Israel_2008
Israel;2009;598,671;7190,034;6669,224;Israel_2009
Israel;2010;606,998;7346,446;6818,961;Israel_2010
Israel;2011;613,695;7487,1;6955,079;Israel_2011
Israel;2012;619,009;7614,952;7080,096;Israel_2012
Israel;2013;623,292;7734,841;7197,813;Israel_2013
Israel;2014;627,075;7854,213;7314,254;Israel_2014
Israel;2015;630,733;7978,49;7433,814;Israel_2015
Israel;2016;634,341;8108,985;7557,487;Israel_2016
Israel;2017;637,763;8243,848;7683,807;Israel_2017
Israel;2018;640,922;8381,516;7811,919;Israel_2018
Italy;2000;18779,731;56692,178;38513,99;Italy_2000
Italy;2001;18815,119;56875,147;38691,248;Italy_2001
Italy;2002;18853,502;57182,519;38948,261;Italy_2002
Italy;2003;18897,042;57564,588;39249,995;Italy_2003
Italy;2004;18940,573;57948,424;39554,131;Italy_2004
Italy;2005;18972,67;58281,212;39835,813;Italy_2005
Italy;2006;18990,436;58542,619;40089,433;Italy_2006
Italy;2007;18995,609;58747,861;40317,902;Italy_2007
Italy;2008;18985,986;58922,109;40516,399;Italy_2008
Italy;2009;18960,542;59105,625;40681,311;Italy_2009
Italy;2010;18918,497;59325,229;40811,31;Italy_2010
Italy;2011;18858,134;59589,076;40901,795;Italy_2011
Italy;2012;18706,111;59879,471;41027,723;Italy_2012
Italy;2013;18509,653;60166,83;41158,347;Italy_2013
Italy;2014;18309,186;60409,62;41276,482;Italy_2014
Italy;2015;18110,394;60578,494;41393,818;Italy_2015
Italy;2016;17914,936;60663,06;41515,002;Italy_2016
Italy;2017;17722,588;60673,701;41637,312;Italy_2017
Italy;2018;17527,87;60627,291;41763,099;Italy_2018
Jamaica;2000;1280,23;2654,701;1376,634;Jamaica_2000
Jamaica;2001;1283,535;2674,702;1393,476;Jamaica_2001
Jamaica;2002;1287,06;2692,845;1408,386;Jamaica_2002
Jamaica;2003;1290,139;2709,437;1422,372;Jamaica_2003
Jamaica;2004;1292,771;2725,015;1436,006;Jamaica_2004
Jamaica;2005;1295,184;2740,003;1449,489;Jamaica_2005
Jamaica;2006;1297,396;2754,407;1462,883;Jamaica_2006
Jamaica;2007;1299,356;2768,227;1476,111;Jamaica_2007
Jamaica;2008;1301,007;2781,876;1489,115;Jamaica_2008
Jamaica;2009;1302,297;2795,837;1501,785;Jamaica_2009
Jamaica;2010;1303,146;2810,46;1514,064;Jamaica_2010
Jamaica;2011;1303,559;2825,929;1525,934;Jamaica_2011
Jamaica;2012;1303,108;2842,132;1537,884;Jamaica_2012
Jamaica;2013;1301,853;2858,712;1549,954;Jamaica_2013
Jamaica;2014;1299,857;2875,139;1562,23;Jamaica_2014
Jamaica;2015;1297,166;2891,021;1574,768;Jamaica_2015
Jamaica;2016;1293,787;2906,236;1587,568;Jamaica_2016
Jamaica;2017;1289,697;2920,848;1600,602;Jamaica_2017
Jamaica;2018;1284,862;2934,847;1613,815;Jamaica_2018
Japan;2000;27230,218;127524,174;100303,716;Japan_2000
Japan;2001;25557,575;127713,828;102165,938;Japan_2001
Japan;2002;23473,865;127893,078;104428,752;Japan_2002
Japan;2003;21520,729;128058,372;106547,065;Japan_2003
Japan;2004;19693,113;128204,195;108520,519;Japan_2004
Japan;2005;17995,058;128326,116;110340,709;Japan_2005
Japan;2006;16545,175;128422,734;111887,819;Japan_2006
Japan;2007;15233,582;128494,057;113271,669;Japan_2007
Japan;2008;14008,192;128538,646;114542,316;Japan_2008
Japan;2009;12870,195;128555,189;115696,464;Japan_2009
Japan;2010;11810,839;128542,353;116741,034;Japan_2010
Japan;2011;11476,384;128498,965;117029,015;Japan_2011
Japan;2012;11368,012;128423,571;117058,372;Japan_2012
Japan;2013;11257,825;128314,195;117055,095;Japan_2013
Japan;2014;11145,296;128168,639;117017,577;Japan_2014
Japan;2015;11030,53;127985,133;116944,428;Japan_2015
Japan;2016;10913,416;127763,265;116835,097;Japan_2016
Japan;2017;10791,174;127502,725;116693,276;Japan_2017
Japan;2018;10663,807;127202,192;116521,525;Japan_2018
Jordan;2000;1108,89;5122,493;3994,24;Jordan_2000
Jordan;2001;1127,867;5217,336;4065,615;Jordan_2001
Jordan;2002;1147,614;5317,506;4139,874;Jordan_2002
Jordan;2003;1170,651;5434,03;4226,123;Jordan_2003
Jordan;2004;1200,064;5580,244;4335,531;Jordan_2004
Jordan;2005;1172,277;5765,635;4541,834;Jordan_2005
Jordan;2006;1129,312;5991,54;4804,92;Jordan_2006
Jordan;2007;1091,804;6255,28;5101,387;Jordan_2007
Jordan;2008;1058,386;6556,478;5431,436;Jordan_2008
Jordan;2009;1028,066;6893,26;5793,05;Jordan_2009
Jordan;2010;999,206;7261,539;6183,184;Jordan_2010
Jordan;2011;971,693;7662,846;6603,25;Jordan_2011
Jordan;2012;944,332;8089,962;7048,241;Jordan_2012
Jordan;2013;914,962;8518,983;7498,502;Jordan_2013
Jordan;2014;880,931;8918,828;7928,375;Jordan_2014
Jordan;2015;892,5;9266,575;8266,802;Jordan_2015
Jordan;2016;897,724;9554,286;8558,078;Jordan_2016
Jordan;2017;897,788;9785,843;8804,565;Jordan_2017
Jordan;2018;893,429;9965,318;9010,373;Jordan_2018
Kazakhstan;2000;6610,426;14922,719;8446,937;Kazakhstan_2000
Kazakhstan;2001;6591,821;14910,205;8448,15;Kazakhstan_2001
Kazakhstan;2002;6609,578;14976,188;8496,067;Kazakhstan_2002
Kazakhstan;2003;6653,891;15100,041;8578,434;Kazakhstan_2003
Kazakhstan;2004;6709,744;15250,015;8676,172;Kazakhstan_2004
Kazakhstan;2005;6766,257;15402,807;8775,2;Kazakhstan_2005
Kazakhstan;2006;6819,865;15551,268;8870,996;Kazakhstan_2006
Kazakhstan;2007;6873,733;15702,104;8967,622;Kazakhstan_2007
Kazakhstan;2008;6931,41;15862,123;9069,766;Kazakhstan_2008
Kazakhstan;2009;6998,909;16043,007;9185,254;Kazakhstan_2009
Kazakhstan;2010;7079,87;16252,279;9319,106;Kazakhstan_2010
Kazakhstan;2011;7175,002;16490,67;9472,378;Kazakhstan_2011
Kazakhstan;2012;7280,687;16751,525;9640,492;Kazakhstan_2012
Kazakhstan;2013;7391,287;17026,117;9815,97;Kazakhstan_2013
Kazakhstan;2014;7499,077;17302,615;9988,702;Kazakhstan_2014
Kazakhstan;2015;7598,48;17572,016;10151,168;Kazakhstan_2015
Kazakhstan;2016;7687,326;17830,901;10300,41;Kazakhstan_2016
Kazakhstan;2017;7766,771;18080,019;10437,728;Kazakhstan_2017
Kazakhstan;2018;7834,88;18319,618;10568,98;Kazakhstan_2018
Kenya;2000;25194,298;31964,557;6256,185;Kenya_2000
Kenya;2001;25779,834;32848,564;6541,648;Kenya_2001
Kenya;2002;26374,762;33751,739;6839,247;Kenya_2002
Kenya;2003;26981,085;34678,779;7149,767;Kenya_2003
Kenya;2004;27600,542;35635,271;7474,389;Kenya_2004
Kenya;2005;28234,834;36624,895;7813,454;Kenya_2005
Kenya;2006;28883,861;37649,033;8168,189;Kenya_2006
Kenya;2007;29547,088;38705,932;8538,821;Kenya_2007
Kenya;2008;30222,715;39791,981;8925,701;Kenya_2008
Kenya;2009;30909,074;40901,792;9328,13;Kenya_2009
Kenya;2010;31603,483;42030,676;9746,669;Kenya_2010
Kenya;2011;32303,238;43178,274;10183,601;Kenya_2011
Kenya;2012;33007,2;44343,467;10639,429;Kenya_2012
Kenya;2013;33712,691;45519,981;11114,158;Kenya_2013
Kenya;2014;34416,636;46700,055;11607,614;Kenya_2014
Kenya;2015;35116,503;47878,336;12119,756;Kenya_2015
Kenya;2016;35810,733;49051,534;12650,834;Kenya_2016
Kenya;2017;36498,515;50221,142;13201,347;Kenya_2017
Kenya;2018;37179,074;51392,565;13771,805;Kenya_2018
Kiribati;2000;48,147;84,396;36,259;Kiribati_2000
Kiribati;2001;48,533;85,849;37,325;Kiribati_2001
Kiribati;2002;49,355;87,305;37,988;Kiribati_2002
Kiribati;2003;50,215;88,835;38,68;Kiribati_2003
Kiribati;2004;51,127;90,499;39,415;Kiribati_2004
Kiribati;2005;52,116;92,325;40,209;Kiribati_2005
Kiribati;2006;52,757;94,343;41,503;Kiribati_2006
Kiribati;2007;53,1;96,527;43,211;Kiribati_2007
Kiribati;2008;53,447;98,761;44,993;Kiribati_2008
Kiribati;2009;53,757;100,93;46,811;Kiribati_2009
Kiribati;2010;54,005;102,927;48,647;Kiribati_2010
Kiribati;2011;54,175;104,728;50,481;Kiribati_2011
Kiribati;2012;54,285;106,37;52,328;Kiribati_2012
Kiribati;2013;54,347;107,89;54,188;Kiribati_2013
Kiribati;2014;54,375;109,391;56,083;Kiribati_2014
Kiribati;2015;54,383;110,93;58,024;Kiribati_2015
Kiribati;2016;54,395;112,524;60,0;Kiribati_2016
Kiribati;2017;54,402;114,158;61,996;Kiribati_2017
Kiribati;2018;54,403;115,847;64,011;Kiribati_2018
Kuwait;2000;20,507;2045,123;2030,234;Kuwait_2000
Kuwait;2001;1,938;2103,282;2107,417;Kuwait_2001
Kuwait;2002;0,0;2136,997;2143,833;Kuwait_2002
Kuwait;2003;0,0;2161,626;2169,118;Kuwait_2003
Kuwait;2004;0,0;2200,492;2207,939;Kuwait_2004
Kuwait;2005;0,0;2270,198;2276,623;Kuwait_2005
Kuwait;2006;0,0;2373,672;2377,258;Kuwait_2006
Kuwait;2007;0,0;2504,019;2503,41;Kuwait_2007
Kuwait;2008;0,0;2656,009;2652,34;Kuwait_2008
Kuwait;2009;0,0;2821,045;2818,939;Kuwait_2009
Kuwait;2010;0,0;2991,884;2998,083;Kuwait_2010
Kuwait;2011;0,0;3168,06;3191,051;Kuwait_2011
Kuwait;2012;0,0;3348,853;3395,556;Kuwait_2012
Kuwait;2013;0,0;3526,376;3598,385;Kuwait_2013
Kuwait;2014;0,0;3690,941;3782,45;Kuwait_2014
Kuwait;2015;0,0;3835,591;3935,794;Kuwait_2015
Kuwait;2016;0,0;3956,875;4052,584;Kuwait_2016
Kuwait;2017;0,0;4056,099;4136,528;Kuwait_2017
Kuwait;2018;0,0;4137,312;4197,128;Kuwait_2018
Kyrgyzstan;2000;3183,803;4920,712;1736,915;Kyrgyzstan_2000
Kyrgyzstan;2001;3210,973;4962,836;1751,617;Kyrgyzstan_2001
Kyrgyzstan;2002;3229,231;4991,483;1761,456;Kyrgyzstan_2002
Kyrgyzstan;2003;3243,275;5013,53;1768,994;Kyrgyzstan_2003
Kyrgyzstan;2004;3259,958;5039,005;1777,971;Kyrgyzstan_2004
Kyrgyzstan;2005;3284,272;5075,347;1791,108;Kyrgyzstan_2005
Kyrgyzstan;2006;3317,581;5124,382;1809,149;Kyrgyzstan_2006
Kyrgyzstan;2007;3358,424;5184,392;1831,296;Kyrgyzstan_2007
Kyrgyzstan;2008;3405,472;5254,979;1856,822;Kyrgyzstan_2008
Kyrgyzstan;2009;3456,349;5334,71;1884,432;Kyrgyzstan_2009
Kyrgyzstan;2010;3507,918;5422,293;1914,419;Kyrgyzstan_2010
Kyrgyzstan;2011;3559,886;5517,922;1946,715;Kyrgyzstan_2011
Kyrgyzstan;2012;3612,53;5621,576;1981,578;Kyrgyzstan_2012
Kyrgyzstan;2013;3665,102;5731,303;2018,706;Kyrgyzstan_2013
Kyrgyzstan;2014;3716,797;5844,532;2057,769;Kyrgyzstan_2014
Kyrgyzstan;2015;3766,909;5959,121;2098,492;Kyrgyzstan_2015
Kyrgyzstan;2016;3814,995;6074,33;2140,739;Kyrgyzstan_2016
Kyrgyzstan;2017;3860,7;6189,733;2184,417;Kyrgyzstan_2017
Kyrgyzstan;2018;3903,563;6304,03;2229,369;Kyrgyzstan_2018
Lao People's Democratic Republic;2000;4158,068;5323,7;1171,236;Lao People's Democratic Republic_2000
Lao People's Democratic Republic;2001;4169,569;5409,582;1244,999;Lao People's Democratic Republic_2001
Lao People's Democratic Republic;2002;4175,525;5493,246;1321,748;Lao People's Democratic Republic_2002
Lao People's Democratic Republic;2003;4177,699;5576,64;1401,957;Lao People's Democratic Republic_2003
Lao People's Democratic Republic;2004;4178,088;5662,208;1486,517;Lao People's Democratic Republic_2004
Lao People's Democratic Republic;2005;4189,729;5751,676;1564,297;Lao People's Democratic Republic_2005
Lao People's Democratic Republic;2006;4226,291;5846,074;1623,065;Lao People's Democratic Republic_2006
Lao People's Democratic Republic;2007;4265,018;5944,948;1684,769;Lao People's Democratic Republic_2007
Lao People's Democratic Republic;2008;4303,532;6046,62;1748,658;Lao People's Democratic Republic_2008
Lao People's Democratic Republic;2009;4338,737;6148,623;1813,299;Lao People's Democratic Republic_2009
Lao People's Democratic Republic;2010;4368,384;6249,165;1877,89;Lao People's Democratic Republic_2010
Lao People's Democratic Republic;2011;4391,626;6347,567;1941,861;Lao People's Democratic Republic_2011
Lao People's Democratic Republic;2012;4409,554;6444,53;2005,615;Lao People's Democratic Republic_2012
Lao People's Democratic Republic;2013;4424,627;6541,304;2069,93;Lao People's Democratic Republic_2013
Lao People's Democratic Republic;2014;4439,922;6639,756;2136,475;Lao People's Democratic Republic_2014
Lao People's Democratic Republic;2015;4457,637;6741,164;2206,33;Lao People's Democratic Republic_2015
Lao People's Democratic Republic;2016;4478,363;6845,846;2279,99;Lao People's Democratic Republic_2016
Lao People's Democratic Republic;2017;4501,174;6953,035;2356,986;Lao People's Democratic Republic_2017
Lao People's Democratic Republic;2018;4524,499;7061,507;2436,711;Lao People's Democratic Republic_2018
Latvia;2000;761,342;2384,164;1622,821;Latvia_2000
Latvia;2001;755,946;2358,693;1602,731;Latvia_2001
Latvia;2002;749,886;2332,53;1582,606;Latvia_2002
Latvia;2003;742,46;2305,848;1563,315;Latvia_2003
Latvia;2004;731,523;2278,921;1547,332;Latvia_2004
Latvia;2005;720,635;2251,993;1531,348;Latvia_2005
Latvia;2006;712,806;2225,066;1512,417;Latvia_2006
Latvia;2007;705,716;2198,089;1492,802;Latvia_2007
Latvia;2008;698,617;2171,259;1473,264;Latvia_2008
Latvia;2009;690,494;2144,785;1454,815;Latvia_2009
Latvia;2010;681,39;2118,861;1437,458;Latvia_2010
Latvia;2011;672,334;2093,61;1420,159;Latvia_2011
Latvia;2012;663,369;2069,016;1403,005;Latvia_2012
Latvia;2013;654,589;2044,957;1386,195;Latvia_2013
Latvia;2014;646,121;2021,219;1370,004;Latvia_2014
Latvia;2015;638,051;1997,674;1354,612;Latvia_2015
Latvia;2016;630,159;1974,266;1340,371;Latvia_2016
Latvia;2017;622,436;1951,097;1327,234;Latvia_2017
Latvia;2018;614,843;1928,459;1315,095;Latvia_2018
Lebanon;2000;452,951;3842,778;2782,415;Lebanon_2000
Lebanon;2001;466,411;3991,001;2893,448;Lebanon_2001
Lebanon;2002;484,74;4182,205;3038,097;Lebanon_2002
Lebanon;2003;504,674;4388,375;3196,79;Lebanon_2003
Lebanon;2004;521,754;4569,378;3341,513;Lebanon_2004
Lebanon;2005;533,172;4698,763;3453,68;Lebanon_2005
Lebanon;2006;537,103;4759,753;3520,247;Lebanon_2006
Lebanon;2007;535,295;4767,344;3551,171;Lebanon_2007
Lebanon;2008;532,696;4764,741;3578,351;Lebanon_2008
Lebanon;2009;536,0;4813,026;3647,156;Lebanon_2009
Lebanon;2010;549,35;4953,061;3787,791;Lebanon_2010
Lebanon;2011;574,302;5202,026;4014,066;Lebanon_2011
Lebanon;2012;607,879;5537,612;4308,525;Lebanon_2012
Lebanon;2013;644,202;5913,022;4631,9;Lebanon_2013
Lebanon;2014;675,369;6261,044;4927,91;Lebanon_2014
Lebanon;2015;695,996;6532,678;5155,483;Lebanon_2015
Lebanon;2016;704,804;6714,281;5301,864;Lebanon_2016
Lebanon;2017;703,805;6819,373;5378,552;Lebanon_2017
Lebanon;2018;695,098;6859,408;5398,411;Lebanon_2018
Lesotho;2000;1503,411;2032,804;365,288;Lesotho_2000
Lesotho;2001;1507,504;2035,74;378,451;Lesotho_2001
Lesotho;2002;1510,496;2029,829;391,816;Lesotho_2002
Lesotho;2003;1512,665;2018,348;405,432;Lesotho_2003
Lesotho;2004;1514,33;2005,94;419,398;Lesotho_2004
Lesotho;2005;1515,794;1996,114;433,749;Lesotho_2005
Lesotho;2006;1517,098;1989,939;448,564;Lesotho_2006
Lesotho;2007;1520,337;1986,922;461,95;Lesotho_2007
Lesotho;2008;1524,036;1987,129;475,894;Lesotho_2008
Lesotho;2009;1528,685;1990,131;490,524;Lesotho_2009
Lesotho;2010;1534,536;1995,581;506,015;Lesotho_2010
Lesotho;2011;1541,726;2003,788;522,44;Lesotho_2011
Lesotho;2012;1552,732;2014,994;537,196;Lesotho_2012
Lesotho;2013;1564,71;2028,53;552,651;Lesotho_2013
Lesotho;2014;1577,102;2043,445;568,683;Lesotho_2014
Lesotho;2015;1589,499;2059,021;585,146;Lesotho_2015
Lesotho;2016;1601,793;2075,03;602,028;Lesotho_2016
Lesotho;2017;1614,034;2091,534;619,305;Lesotho_2017
Lesotho;2018;1625,909;2108,328;637,101;Lesotho_2018
Liberia;2000;1605,791;2848,456;1278,731;Liberia_2000
Liberia;2001;1654,891;2953,927;1336,241;Liberia_2001
Liberia;2002;1684,052;3024,729;1378,811;Liberia_2002
Liberia;2003;1702,673;3077,058;1413,56;Liberia_2003
Liberia;2004;1724,596;3135,651;1451,818;Liberia_2004
Liberia;2005;1759,411;3218,116;1501,819;Liberia_2005
Liberia;2006;1809,583;3329,211;1566,255;Liberia_2006
Liberia;2007;1870,927;3461,911;1642,005;Liberia_2007
Liberia;2008;1938,155;3607,86;1724,838;Liberia_2008
Liberia;2009;2003,149;3754,133;1808,379;Liberia_2009
Liberia;2010;2060,392;3891,356;1887,733;Liberia_2010
Liberia;2011;2108,635;4017,443;1961,532;Liberia_2011
Liberia;2012;2150,015;4135,659;2031,548;Liberia_2012
Liberia;2013;2186,655;4248,334;2099,636;Liberia_2013
Liberia;2014;2221,838;4359,506;2168,899;Liberia_2014
Liberia;2015;2257,906;4472,23;2241,715;Liberia_2015
Liberia;2016;2295,213;4586,787;2318,61;Liberia_2016
Liberia;2017;2332,953;4702,226;2398,953;Liberia_2017
Liberia;2018;2370,874;4818,973;2482,642;Liberia_2018
Libya;2000;1264,648;5357,891;4091,103;Libya_2000
Libya;2001;1278,407;5443,248;4162,159;Libya_2001
Libya;2002;1291,813;5531,089;4235,702;Libya_2002
Libya;2003;1304,684;5620,547;4311,268;Libya_2003
Libya;2004;1316,735;5710,154;4388,024;Libya_2004
Libya;2005;1327,659;5798,614;4465,029;Libya_2005
Libya;2006;1337,827;5886,872;4543,608;Libya_2006
Libya;2007;1347,074;5974,787;4623,288;Libya_2007
Libya;2008;1353,957;6058,748;4699,121;Libya_2008
Libya;2009;1356,609;6133,984;4764,444;Libya_2009
Libya;2010;1353,986;6197,663;4815,154;Libya_2010
Libya;2011;1345,388;6247,439;4848,113;Libya_2011
Libya;2012;1331,872;6285,748;4866,386;Libya_2012
Libya;2013;1316,263;6320,36;4879,707;Libya_2013
Libya;2014;1302,302;6362,037;4901,806;Libya_2014
Libya;2015;1292,476;6418,315;4942,479;Libya_2015
Libya;2016;1287,595;6492,162;5005,658;Libya_2016
Libya;2017;1286,565;6580,724;5088,051;Libya_2017
Libya;2018;1287,593;6678,559;5183,363;Libya_2018
Lithuania;2000;1156,103;3501,839;2345,732;Lithuania_2000
Lithuania;2001;1149,12;3473,625;2324,497;Lithuania_2001
Lithuania;2002;1142,699;3444,763;2302,055;Lithuania_2002
Lithuania;2003;1135,717;3414,365;2278,635;Lithuania_2003
Lithuania;2004;1127,745;3381,131;2253,373;Lithuania_2004
Lithuania;2005;1115,801;3344,268;2228,451;Lithuania_2005
Lithuania;2006;1099,915;3303,335;2203,756;Lithuania_2006
Lithuania;2007;1083,093;3258,98;2176,998;Lithuania_2007
Lithuania;2008;1065,707;3212,865;2148,92;Lithuania_2008
Lithuania;2009;1050,712;3167,265;2118,06;Lithuania_2009
Lithuania;2010;1038,457;3123,816;2085,346;Lithuania_2010
Lithuania;2011;1024,337;3083,403;2055,544;Lithuania_2011
Lithuania;2012;1006,428;3045,561;2030,818;Lithuania_2012
Lithuania;2013;989,541;3008,934;2007,793;Lithuania_2013
Lithuania;2014;974,207;2971,497;1987,639;Lithuania_2014
Lithuania;2015;960,792;2931,88;1971,134;Lithuania_2015
Lithuania;2016;949,079;2889,557;1959,17;Lithuania_2016
Lithuania;2017;938,898;2845,414;1951,399;Lithuania_2017
Lithuania;2018;929,713;2801,264;1946,762;Lithuania_2018
Luxembourg;2000;68,834;436,103;367,269;Luxembourg_2000
Luxembourg;2001;66,722;440,198;373,476;Luxembourg_2001
Luxembourg;2002;65,234;443,726;378,492;Luxembourg_2002
Luxembourg;2003;63,775;447,322;383,547;Luxembourg_2003
Luxembourg;2004;62,457;451,819;389,362;Luxembourg_2004
Luxembourg;2005;61,36;457,842;396,482;Luxembourg_2005
Luxembourg;2006;60,48;465,61;405,074;Luxembourg_2006
Luxembourg;2007;59,77;474,915;414,952;Luxembourg_2007
Luxembourg;2008;59,185;485,405;425,92;Luxembourg_2008
Luxembourg;2009;58,668;496,527;437,611;Luxembourg_2009
Luxembourg;2010;58,167;507,889;449,722;Luxembourg_2010
Luxembourg;2011;57,681;519,307;462,26;Luxembourg_2011
Luxembourg;2012;57,239;530,857;475,148;Luxembourg_2012
Luxembourg;2013;56,792;542,56;487,929;Luxembourg_2013
Luxembourg;2014;56,277;554,516;500,039;Luxembourg_2014
Luxembourg;2015;55,66;566,741;511,081;Luxembourg_2015
Luxembourg;2016;54,927;579,264;520,82;Luxembourg_2016
Luxembourg;2017;54,103;591,91;529,352;Luxembourg_2017
Luxembourg;2018;53,239;604,245;537,082;Luxembourg_2018
Madagascar;2000;11490,635;15766,806;4276,171;Madagascar_2000
Madagascar;2001;11806,896;16260,932;4454,036;Madagascar_2001
Madagascar;2002;12127,427;16765,117;4637,69;Madagascar_2002
Madagascar;2003;12452,023;17279,141;4827,118;Madagascar_2003
Madagascar;2004;12780,505;17802,997;5022,492;Madagascar_2004
Madagascar;2005;13053,181;18336,724;5283,543;Madagascar_2005
Madagascar;2006;13324,762;18880,269;5555,506;Madagascar_2006
Madagascar;2007;13595,04;19433,53;5838,483;Madagascar_2007
Madagascar;2008;13863,552;19996,473;6132,917;Madagascar_2008
Madagascar;2009;14130,85;20569,117;6438,271;Madagascar_2009
Madagascar;2010;14396,303;21151,64;6755,337;Madagascar_2010
Madagascar;2011;14659,814;21743,967;7084,135;Madagascar_2011
Madagascar;2012;14921,525;22346,645;7425,048;Madagascar_2012
Madagascar;2013;15182,304;22961,255;7778,842;Madagascar_2013
Madagascar;2014;15443,315;23589,888;8146,486;Madagascar_2014
Madagascar;2015;15705,295;24234,088;8528,793;Madagascar_2015
Madagascar;2016;15968,305;24894,37;8926,246;Madagascar_2016
Madagascar;2017;16231,87;25570,512;9339,025;Madagascar_2017
Madagascar;2018;16495,525;26262,313;9767,285;Madagascar_2018
Malawi;2000;9714,122;11148,758;1662,05;Malawi_2000
Malawi;2001;9976,835;11432,0;1719,028;Malawi_2001
Malawi;2002;10237,35;11713,664;1776,361;Malawi_2002
Malawi;2003;10501,614;12000,181;1835,073;Malawi_2003
Malawi;2004;10779,157;12301,838;1896,881;Malawi_2004
Malawi;2005;11076,729;12625,952;1962,982;Malawi_2005
Malawi;2006;11395,534;12973,699;2033,728;Malawi_2006
Malawi;2007;11732,355;13341,806;2108,614;Malawi_2007
Malawi;2008;12084,063;13727,89;2187,171;Malawi_2008
Malawi;2009;12444,33;14128,155;2270,272;Malawi_2009
Malawi;2010;12809,514;14539,612;2357,581;Malawi_2010
Malawi;2011;13178,48;14962,115;2449,138;Malawi_2011
Malawi;2012;13551,942;15396,015;2545,363;Malawi_2012
Malawi;2013;13930,476;15839,286;2646,671;Malawi_2013
Malawi;2014;14315,223;16289,552;2753,615;Malawi_2014
Malawi;2015;14706,907;16745,303;2866,7;Malawi_2015
Malawi;2016;15105,299;17205,261;2986,276;Malawi_2016
Malawi;2017;15509,514;17670,196;3112,59;Malawi_2017
Malawi;2018;15918,795;18143,217;3245,933;Malawi_2018
Malaysia;2000;8815,954;23194,257;14369,654;Malaysia_2000
Malaysia;2001;8787,057;23709,119;14911,85;Malaysia_2001
Malaysia;2002;8746,392;24208,391;15452,419;Malaysia_2002
Malaysia;2003;8695,421;24698,819;15993,282;Malaysia_2003
Malaysia;2004;8636,297;25190,652;16537,812;Malaysia_2004
Malaysia;2005;8571,839;25690,611;17087,554;Malaysia_2005
Malaysia;2006;8501,085;26201,961;17642,481;Malaysia_2006
Malaysia;2007;8424,428;26720,37;18201,417;Malaysia_2007
Malaysia;2008;8343,387;27236,006;18767,682;Malaysia_2008
Malaysia;2009;8260,981;27735,04;19344,402;Malaysia_2009
Malaysia;2010;8177,34;28208,035;19934,949;Malaysia_2010
Malaysia;2011;8129,924;28650,959;20505,204;Malaysia_2011
Malaysia;2012;8087,429;29068,189;21083,027;Malaysia_2012
Malaysia;2013;8041,475;29468,923;21665,249;Malaysia_2013
Malaysia;2014;7987,242;29866,603;22240,775;Malaysia_2014
Malaysia;2015;7922,592;30270,962;22800,563;Malaysia_2015
Malaysia;2016;7846,716;30684,654;23340,549;Malaysia_2016
Malaysia;2017;7764,814;31104,646;23859,45;Malaysia_2017
Malaysia;2018;7678,728;31528,033;24363,73;Malaysia_2018
Maldives;2000;202,701;279,398;77,683;Maldives_2000
Maldives;2001;204,194;286,306;82,833;Maldives_2001
Maldives;2002;205,915;294,186;88,426;Maldives_2002
Maldives;2003;207,762;302,683;94,447;Maldives_2003
Maldives;2004;209,566;311,265;100,857;Maldives_2004
Maldives;2005;211,23;319,608;107,606;Maldives_2005
Maldives;2006;213,467;327,487;113,904;Maldives_2006
Maldives;2007;217,772;335,169;118,298;Maldives_2007
Maldives;2008;222,18;343,452;122,874;Maldives_2008
Maldives;2009;226,807;353,398;127,694;Maldives_2009
Maldives;2010;231,706;365,734;132,805;Maldives_2010
Maldives;2011;236,899;380,495;138,232;Maldives_2011
Maldives;2012;242,277;397,237;143,926;Maldives_2012
Maldives;2013;247,637;415,593;149,76;Maldives_2013
Maldives;2014;252,679;435,015;155,568;Maldives_2014
Maldives;2015;257,196;454,915;161,207;Maldives_2015
Maldives;2016;261,129;475,512;166,627;Maldives_2016
Maldives;2017;264,503;496,402;171,827;Maldives_2017
Maldives;2018;267,408;515,696;176,851;Maldives_2018
Mali;2000;7857,672;10946,445;3110,018;Mali_2000
Mali;2001;8009,704;11271,6;3283,554;Mali_2001
Mali;2002;8169,81;11616,887;3469,119;Mali_2002
Mali;2003;8337,868;11982,695;3667,26;Mali_2003
Mali;2004;8513,241;12369,07;3878,665;Mali_2004
Mali;2005;8695,429;12775,516;4103,334;Mali_2005
Mali;2006;8884,418;13203,378;4342,646;Mali_2006
Mali;2007;9078,96;13651,464;4596,646;Mali_2007
Mali;2008;9274,295;14113,577;4863,921;Mali_2008
Mali;2009;9465,102;14581,429;5141,495;Mali_2009
Mali;2010;9648,158;15049,353;5426,927;Mali_2010
Mali;2011;9822,006;15514,59;5718,983;Mali_2011
Mali;2012;9988,283;15979,496;6018,387;Mali_2012
Mali;2013;10150,619;16449,854;6327,199;Mali_2013
Mali;2014;10314,127;16934,214;6648,719;Mali_2014
Mali;2015;10482,312;17438,778;6985,593;Mali_2015
Mali;2016;10655,945;17965,443;7338,892;Mali_2016
Mali;2017;10833,712;18512,43;7708,268;Mali_2017
Mali;2018;11014,386;19077,749;8093,32;Mali_2018
Malta;2000;30,274;393,645;366,394;Malta_2000
Malta;2001;29,376;396,328;369,779;Malta_2001
Malta;2002;28,474;398,718;372,829;Malta_2002
Malta;2003;27,58;400,859;375,631;Malta_2003
Malta;2004;26,703;402,817;378,304;Malta_2004
Malta;2005;25,851;404,653;380,936;Malta_2005
Malta;2006;25,398;406,328;383,165;Malta_2006
Malta;2007;25,207;407,852;385,117;Malta_2007
Malta;2008;25,019;409,491;387,109;Malta_2008
Malta;2009;24,84;411,552;389,205;Malta_2009
Malta;2010;24,669;414,253;391,441;Malta_2010
Malta;2011;24,51;417,714;393,857;Malta_2011
Malta;2012;24,36;421,809;396,429;Malta_2012
Malta;2013;24,213;426,151;399,033;Malta_2013
Malta;2014;24,058;430,197;401,512;Malta_2014
Malta;2015;23,888;433,559;403,728;Malta_2015
Malta;2016;23,701;436,097;405,661;Malta_2016
Malta;2017;23,498;437,933;407,337;Malta_2017
Malta;2018;23,28;439,248;408,809;Malta_2018
Marshall Islands;2000;16,388;50,753;35,771;Marshall Islands_2000
Marshall Islands;2001;16,124;51,422;36,059;Marshall Islands_2001
Marshall Islands;2002;15,847;52,37;36,311;Marshall Islands_2002
Marshall Islands;2003;15,567;53,456;36,549;Marshall Islands_2003
Marshall Islands;2004;15,29;54,476;36,784;Marshall Islands_2004
Marshall Islands;2005;15,024;55,258;37,031;Marshall Islands_2005
Marshall Islands;2006;14,772;55,767;37,306;Marshall Islands_2006
Marshall Islands;2007;14,533;56,051;37,604;Marshall Islands_2007
Marshall Islands;2008;14,301;56,174;37,917;Marshall Islands_2008
Marshall Islands;2009;14,078;56,25;38,242;Marshall Islands_2009
Marshall Islands;2010;13,857;56,366;38,568;Marshall Islands_2010
Marshall Islands;2011;13,641;56,531;38,901;Marshall Islands_2011
Marshall Islands;2012;13,43;56,717;39,233;Marshall Islands_2012
Marshall Islands;2013;13,227;56,938;39,566;Marshall Islands_2013
Marshall Islands;2014;13,021;57,179;39,877;Marshall Islands_2014
Marshall Islands;2015;12,819;57,439;40,175;Marshall Islands_2015
Marshall Islands;2016;12,615;57,735;40,451;Marshall Islands_2016
Marshall Islands;2017;12,413;58,058;40,714;Marshall Islands_2017
Marshall Islands;2018;12,212;58,413;40,955;Marshall Islands_2018
Mauritania;2000;1677,325;2630,219;1032,034;Mauritania_2000
Mauritania;2001;1713,052;2702,4;1077,677;Mauritania_2001
Mauritania;2002;1738,864;2778,099;1134,364;Mauritania_2002
Mauritania;2003;1763,883;2857,148;1193,234;Mauritania_2003
Mauritania;2004;1788,286;2939,247;1254,537;Mauritania_2004
Mauritania;2005;1812,352;3024,194;1318,368;Mauritania_2005
Mauritania;2006;1835,828;3111,906;1384,825;Mauritania_2006
Mauritania;2007;1858,724;3202,517;1453,941;Mauritania_2007
Mauritania;2008;1881,382;3296,238;1526,159;Mauritania_2008
Mauritania;2009;1904,408;3393,409;1601,88;Mauritania_2009
Mauritania;2010;1927,922;3494,195;1681,621;Mauritania_2010
Mauritania;2011;1952,048;3598,648;1765,624;Mauritania_2011
Mauritania;2012;1976,397;3706,555;1853,842;Mauritania_2012
Mauritania;2013;2000,466;3817,494;1945,704;Mauritania_2013
Mauritania;2014;2023,713;3930,896;2040,207;Mauritania_2014
Mauritania;2015;2045,642;4046,301;2136,699;Mauritania_2015
Mauritania;2016;2066,106;4163,533;2234,912;Mauritania_2016
Mauritania;2017;2085,278;4282,57;2334,906;Mauritania_2017
Mauritania;2018;2103,324;4403,313;2436,744;Mauritania_2018
Mauritius;2000;679,44;1185,145;505,705;Mauritius_2000
Mauritius;2001;685,803;1193,917;508,114;Mauritius_2001
Mauritius;2002;691,683;1201,812;510,129;Mauritius_2002
Mauritius;2003;697,168;1208,994;511,826;Mauritius_2003
Mauritius;2004;702,381;1215,677;513,296;Mauritius_2004
Mauritius;2005;707,398;1222,003;514,605;Mauritius_2005
Mauritius;2006;712,296;1228,089;515,802;Mauritius_2006
Mauritius;2007;717,043;1233,889;516,868;Mauritius_2007
Mauritius;2008;721,553;1239,262;517,74;Mauritius_2008
Mauritius;2009;725,69;1243,991;518,334;Mauritius_2009
Mauritius;2010;729,371;1247,955;518,584;Mauritius_2010
Mauritius;2011;732,554;1251,08;518,469;Mauritius_2011
Mauritius;2012;735,323;1253,488;518,048;Mauritius_2012
Mauritius;2013;737,839;1255,452;517,451;Mauritius_2013
Mauritius;2014;740,367;1257,355;516,852;Mauritius_2014
Mauritius;2015;743,079;1259,456;516,377;Mauritius_2015
Mauritius;2016;745,793;1261,865;516,339;Mauritius_2016
Mauritius;2017;748,44;1264,499;516,698;Mauritius_2017
Mauritius;2018;750,928;1267,185;517,387;Mauritius_2018
Mexico;2000;25712,262;98899,845;76007,411;Mexico_2000
Mexico;2001;25720,596;100298,153;77346,472;Mexico_2001
Mexico;2002;25708,164;101684,758;78647,444;Mexico_2002
Mexico;2003;25689,517;103081,02;79950,936;Mexico_2003
Mexico;2004;25682,103;104514,932;81313,48;Mexico_2004
Mexico;2005;25698,905;106005,203;82773,323;Mexico_2005
Mexico;2006;25744,268;107560,153;84348,11;Mexico_2006
Mexico;2007;25812,028;109170,502;86024,318;Mexico_2007
Mexico;2008;25890,431;110815,271;87771,378;Mexico_2008
Mexico;2009;25966,026;112463,887;89539,202;Mexico_2009
Mexico;2010;26026,826;114092,963;91292,115;Mexico_2010
Mexico;2011;26068,11;115695,473;93021,907;Mexico_2011
Mexico;2012;26092,527;117274,155;94735,78;Mexico_2012
Mexico;2013;26100,98;118827,161;96434,989;Mexico_2013
Mexico;2014;26095,704;120355,128;98125,896;Mexico_2014
Mexico;2015;26078,248;121858,258;99812,701;Mexico_2015
Mexico;2016;26048,191;123333,376;101492,232;Mexico_2016
Mexico;2017;26004,525;124777,324;103158,751;Mexico_2017
Mexico;2018;25947,576;126190,788;104811,498;Mexico_2018
Micronesia (Federated States of);2000;83,442;107,402;23,99;Micronesia (Federated States of)_2000
Micronesia (Federated States of);2001;83,235;107,173;23,93;Micronesia (Federated States of)_2001
Micronesia (Federated States of);2002;83,094;107,03;23,889;Micronesia (Federated States of)_2002
Micronesia (Federated States of);2003;82,964;106,901;23,852;Micronesia (Federated States of)_2003
Micronesia (Federated States of);2004;82,778;106,625;23,799;Micronesia (Federated States of)_2004
Micronesia (Federated States of);2005;82,482;106,129;23,714;Micronesia (Federated States of)_2005
Micronesia (Federated States of);2006;82,091;105,371;23,593;Micronesia (Federated States of)_2006
Micronesia (Federated States of);2007;81,627;104,444;23,451;Micronesia (Federated States of)_2007
Micronesia (Federated States of);2008;81,168;103,543;23,31;Micronesia (Federated States of)_2008
Micronesia (Federated States of);2009;80,772;102,975;23,188;Micronesia (Federated States of)_2009
Micronesia (Federated States of);2010;80,511;102,911;23,105;Micronesia (Federated States of)_2010
Micronesia (Federated States of);2011;80,39;103,45;23,078;Micronesia (Federated States of)_2011
Micronesia (Federated States of);2012;80,397;104,506;23,106;Micronesia (Federated States of)_2012
Micronesia (Federated States of);2013;80,519;105,926;23,183;Micronesia (Federated States of)_2013
Micronesia (Federated States of);2014;80,716;107,446;23,299;Micronesia (Federated States of)_2014
Micronesia (Federated States of);2015;80,981;108,895;23,452;Micronesia (Federated States of)_2015
Micronesia (Federated States of);2016;81,299;110,215;23,638;Micronesia (Federated States of)_2016
Micronesia (Federated States of);2017;81,683;111,459;23,861;Micronesia (Federated States of)_2017
Micronesia (Federated States of);2018;82,11;112,64;24,117;Micronesia (Federated States of)_2018
Monaco;2000;0,0;32,147;32,082;Monaco_2000
Monaco;2001;0,0;32,47;32,36;Monaco_2001
Monaco;2002;0,0;32,806;32,629;Monaco_2002
Monaco;2003;0,0;33,153;32,933;Monaco_2003
Monaco;2004;0,0;33,5;33,314;Monaco_2004
Monaco;2005;0,0;33,843;33,793;Monaco_2005
Monaco;2006;0,0;34,19;34,408;Monaco_2006
Monaco;2007;0,0;34,525;35,111;Monaco_2007
Monaco;2008;0,0;34,872;35,853;Monaco_2008
Monaco;2009;0,0;35,226;36,534;Monaco_2009
Monaco;2010;0,0;35,612;37,094;Monaco_2010
Monaco;2011;0,0;36,024;37,497;Monaco_2011
Monaco;2012;0,0;36,46;37,783;Monaco_2012
Monaco;2013;0,0;36,901;37,971;Monaco_2013
Monaco;2014;0,0;37,322;38,132;Monaco_2014
Monaco;2015;0,0;37,718;38,307;Monaco_2015
Monaco;2016;0,0;38,07;38,499;Monaco_2016
Monaco;2017;0,0;38,392;38,695;Monaco_2017
Monaco;2018;0,0;38,682;38,897;Monaco_2018
Mongolia;2000;1027,711;2397,418;1369,725;Mongolia_2000
Mongolia;2001;1010,938;2419,588;1408,838;Mongolia_2001
Mongolia;2002;994,464;2443,271;1449,195;Mongolia_2002
Mongolia;2003;978,385;2468,762;1490,901;Mongolia_2003
Mongolia;2004;962,707;2496,391;1534,125;Mongolia_2004
Mongolia;2005;947,564;2526,424;1578,882;Mongolia_2005
Mongolia;2006;932,771;2558,856;1625,241;Mongolia_2006
Mongolia;2007;918,387;2593,82;1673,283;Mongolia_2007
Mongolia;2008;904,588;2631,898;1723,543;Mongolia_2008
Mongolia;2009;891,731;2673,796;1776,558;Mongolia_2009
Mongolia;2010;879,794;2719,896;1832,856;Mongolia_2010
Mongolia;2011;884,714;2770,361;1876,802;Mongolia_2011
Mongolia;2012;899,714;2824,698;1914,512;Mongolia_2012
Mongolia;2013;915,345;2881,791;1953,762;Mongolia_2013
Mongolia;2014;930,872;2940,108;1993,024;Mongolia_2014
Mongolia;2015;945,754;2998,439;2031,123;Mongolia_2015
Mongolia;2016;959,785;3056,364;2067,613;Mongolia_2016
Mongolia;2017;973,037;3113,786;2102,61;Mongolia_2017
Mongolia;2018;985,062;3170,216;2136,71;Mongolia_2018
Montenegro;2006;229,817;617,86;388,015;Montenegro_2006
Montenegro;2007;228,348;619,555;391,136;Montenegro_2007
Montenegro;2008;226,898;621,32;394,307;Montenegro_2008
Montenegro;2009;225,423;622,939;397,429;Montenegro_2009
Montenegro;2010;223,866;624,275;400,419;Montenegro_2010
Montenegro;2011;222,219;625,27;403,247;Montenegro_2011
Montenegro;2012;220,462;625,925;405,924;Montenegro_2012
Montenegro;2013;218,623;626,345;408,471;Montenegro_2013
Montenegro;2014;216,73;626,645;410,944;Montenegro_2014
Montenegro;2015;214,802;626,956;413,376;Montenegro_2015
Montenegro;2016;212,843;627,264;415,772;Montenegro_2016
Montenegro;2017;210,847;627,563;418,113;Montenegro_2017
Montenegro;2018;208,816;627,809;420,403;Montenegro_2018
Morocco;2000;13462,682;28793,679;15386,939;Morocco_2000
Morocco;2001;13522,209;29126,33;15659,623;Morocco_2001
Morocco;2002;13578,75;29454,768;15933,618;Morocco_2002
Morocco;2003;13633,701;29782,884;16210,236;Morocco_2003
Morocco;2004;13688,174;30115,214;16491,111;Morocco_2004
Morocco;2005;13681,416;30455,561;16839,654;Morocco_2005
Morocco;2006;13660,936;30804,683;17208,41;Morocco_2006
Morocco;2007;13640,554;31163,673;17585,327;Morocco_2007
Morocco;2008;13622,608;31536,811;17974,247;Morocco_2008
Morocco;2009;13610,904;31929,087;18378,993;Morocco_2009
Morocco;2010;13606,337;32343,389;18803,302;Morocco_2010
Morocco;2011;13609,908;32781,853;19248,915;Morocco_2011
Morocco;2012;13619,442;33241,9;19714,347;Morocco_2012
Morocco;2013;13631,417;33715,703;20193,352;Morocco_2013
Morocco;2014;13639,438;34192,357;20678,644;Morocco_2014
Morocco;2015;13639,728;34663,603;21163,594;Morocco_2015
Morocco;2016;13630,788;35126,283;21645,998;Morocco_2016
Morocco;2017;13613,878;35581,255;22125,702;Morocco_2017
Morocco;2018;13589,062;36029,093;22602,743;Morocco_2018
Mozambique;2000;12810,292;17711,927;5257,395;Mozambique_2000
Mozambique;2001;13146,513;18221,888;5442,245;Mozambique_2001
Mozambique;2002;13501,744;18764,155;5637,914;Mozambique_2002
Mozambique;2003;13873,191;19331,1;5843,407;Mozambique_2003
Mozambique;2004;14255,83;19910,552;6056,875;Mozambique_2004
Mozambique;2005;14646,262;20493,925;6276,808;Mozambique_2005
Mozambique;2006;15044,085;21080,11;6503,378;Mozambique_2006
Mozambique;2007;15451,006;21673,316;6737,381;Mozambique_2007
Mozambique;2008;15802,686;22276,596;7044,072;Mozambique_2008
Mozambique;2009;16154,357;22894,71;7369,706;Mozambique_2009
Mozambique;2010;16511,748;23531,574;7709,657;Mozambique_2010
Mozambique;2011;16874,793;24187,494;8064,212;Mozambique_2011
Mozambique;2012;17242,761;24862,664;8433,845;Mozambique_2012
Mozambique;2013;17615,928;25560,755;8818,444;Mozambique_2013
Mozambique;2014;17993,425;26286,191;9218,957;Mozambique_2014
Mozambique;2015;18375,089;27042,002;9635,602;Mozambique_2015
Mozambique;2016;18760,441;27829,938;10069,035;Mozambique_2016
Mozambique;2017;19149,788;28649,018;10519,046;Mozambique_2017
Mozambique;2018;19542,053;29496,004;10986,62;Mozambique_2018
Myanmar;2000;33637,935;46719,701;12457,527;Myanmar_2000
Myanmar;2001;33941,554;47225,12;12686,44;Myanmar_2001
Myanmar;2002;34228,006;47702,171;12912,214;Myanmar_2002
Myanmar;2003;34492,26;48148,902;13132,634;Myanmar_2003
Myanmar;2004;34728,333;48564,484;13345,374;Myanmar_2004
Myanmar;2005;34933,87;48949,924;13548,744;Myanmar_2005
Myanmar;2006;35105,021;49301,05;13741,453;Myanmar_2006
Myanmar;2007;35246,67;49621,475;13924,916;Myanmar_2007
Myanmar;2008;35374,487;49929,642;14105,265;Myanmar_2008
Myanmar;2009;35510,138;50250,367;14290,552;Myanmar_2009
Myanmar;2010;35668,447;50600,818;14487,449;Myanmar_2010
Myanmar;2011;35854,775;50990,617;14698,256;Myanmar_2011
Myanmar;2012;36064,794;51413,704;14921,72;Myanmar_2012
Myanmar;2013;36292,944;51852,468;15155,252;Myanmar_2013
Myanmar;2014;36528,875;52280,824;15395,307;Myanmar_2014
Myanmar;2015;36757,132;52680,726;15646,537;Myanmar_2015
Myanmar;2016;36976,382;53045,201;15908,841;Myanmar_2016
Myanmar;2017;37187,526;53382,523;16183,083;Myanmar_2017
Myanmar;2018;37387,374;53708,32;16468,361;Myanmar_2018
Namibia;2000;1284,412;1794,571;614,845;Namibia_2000
Namibia;2001;1297,49;1823,672;636,106;Namibia_2001
Namibia;2002;1299,607;1851,523;662,54;Namibia_2002
Namibia;2003;1297,022;1879,117;689,513;Namibia_2003
Namibia;2004;1292,615;1907,745;716,613;Namibia_2004
Namibia;2005;1287,768;1938,32;744,428;Namibia_2005
Namibia;2006;1282,581;1971,317;773,153;Namibia_2006
Namibia;2007;1277,117;2006,514;802,798;Namibia_2007
Namibia;2008;1272,323;2043,394;834,052;Namibia_2008
Namibia;2009;1269,37;2081,044;867,67;Namibia_2009
Namibia;2010;1268,79;2118,874;904,38;Namibia_2010
Namibia;2011;1270,945;2156,698;944,676;Namibia_2011
Namibia;2012;1274,757;2194,783;989,177;Namibia_2012
Namibia;2013;1279,729;2233,508;1036,791;Namibia_2013
Namibia;2014;1284,455;2273,423;1086,537;Namibia_2014
Namibia;2015;1287,973;2314,904;1137,588;Namibia_2015
Namibia;2016;1290,418;2358,044;1189,295;Namibia_2016
Namibia;2017;1292,108;2402,633;1241,686;Namibia_2017
Namibia;2018;1293,06;2448,301;1294,741;Namibia_2018
Nauru;2000;0,0;10,337;10,037;Nauru_2000
Nauru;2001;0,0;10,215;10,052;Nauru_2001
Nauru;2002;0,0;10,102;10,08;Nauru_2002
Nauru;2003;0,0;9,994;10,106;Nauru_2003
Nauru;2004;0,0;9,902;10,126;Nauru_2004
Nauru;2005;0,0;9,849;10,114;Nauru_2005
Nauru;2006;0,0;9,828;10,071;Nauru_2006
Nauru;2007;0,0;9,842;10,002;Nauru_2007
Nauru;2008;0,0;9,891;9,947;Nauru_2008
Nauru;2009;0,0;9,939;9,945;Nauru_2009
Nauru;2010;0,0;10,005;10,025;Nauru_2010
Nauru;2011;0,0;10,07;10,208;Nauru_2011
Nauru;2012;0,0;10,14;10,478;Nauru_2012
Nauru;2013;0,0;10,209;10,79;Nauru_2013
Nauru;2014;0,0;10,289;11,07;Nauru_2014
Nauru;2015;0,0;10,383;11,26;Nauru_2015
Nauru;2016;0,0;10,475;11,347;Nauru_2016
Nauru;2017;0,0;10,573;11,359;Nauru_2017
Nauru;2018;0,0;10,67;11,312;Nauru_2018
Nepal;2000;20560,41;23941,11;3180,501;Nepal_2000
Nepal;2001;20791,897;24347,106;3369,88;Nepal_2001
Nepal;2002;21068,143;24725,627;3498,199;Nepal_2002
Nepal;2003;21323,411;25080,872;3627,212;Nepal_2003
Nepal;2004;21553,302;25419,344;3756,147;Nepal_2004
Nepal;2005;21756,151;25744,5;3884,136;Nepal_2005
Nepal;2006;21929,706;26066,693;4010,912;Nepal_2006
Nepal;2007;22078,011;26382,581;4136,836;Nepal_2007
Nepal;2008;22211,953;26666,576;4263,906;Nepal_2008
Nepal;2009;22346,548;26883,535;4394,555;Nepal_2009
Nepal;2010;22491,798;27013,212;4531,339;Nepal_2010
Nepal;2011;22651,895;27041,22;4675,252;Nepal_2011
Nepal;2012;22822,896;26989,163;4827,029;Nepal_2012
Nepal;2013;22999,677;26916,793;4985,633;Nepal_2013
Nepal;2014;23173,611;26905,978;5149,63;Nepal_2014
Nepal;2015;23338,483;27015,031;5317,799;Nepal_2015
Nepal;2016;23492,872;27263,433;5489,899;Nepal_2016
Nepal;2017;23638,57;27632,681;5666,428;Nepal_2017
Nepal;2018;23776,364;28095,714;5847,671;Nepal_2018
Netherlands;2000;3695,706;15926,188;12230,482;Netherlands_2000
Netherlands;2001;3551,153;16018,114;12466,961;Netherlands_2001
Netherlands;2002;3364,924;16110,355;12745,431;Netherlands_2002
Netherlands;2003;3184,995;16200,951;13015,956;Netherlands_2003
Netherlands;2004;3010,783;16287,182;13276,399;Netherlands_2004
Netherlands;2005;2842,946;16367,158;13524,212;Netherlands_2005
Netherlands;2006;2690,294;16440,097;13749,928;Netherlands_2006
Netherlands;2007;2552,168;16506,655;13954,888;Netherlands_2007
Netherlands;2008;2418,707;16568,104;14150,027;Netherlands_2008
Netherlands;2009;2279,916;16626,373;14347,01;Netherlands_2009
Netherlands;2010;2146,443;16682,917;14536,474;Netherlands_2010
Netherlands;2011;2028,656;16738,193;14708,346;Netherlands_2011
Netherlands;2012;1915,976;16791,84;14873,119;Netherlands_2012
Netherlands;2013;1820,817;16843,502;15018,882;Netherlands_2013
Netherlands;2014;1741,23;16892,523;15148,126;Netherlands_2014
Netherlands;2015;1664,62;16938,499;15273,879;Netherlands_2015
Netherlands;2016;1590,832;16981,295;15396,498;Netherlands_2016
Netherlands;2017;1520,119;17021,347;15515,819;Netherlands_2017
Netherlands;2018;1453,872;17059,56;15630,587;Netherlands_2018
New Zealand;2000;539,447;3858,999;3319,552;New Zealand_2000
New Zealand;2001;543,196;3907,933;3364,737;New Zealand_2001
New Zealand;2002;548,484;3963,206;3414,722;New Zealand_2002
New Zealand;2003;554,208;4022,069;3467,861;New Zealand_2003
New Zealand;2004;559,799;4080,438;3520,639;New Zealand_2004
New Zealand;2005;564,865;4135,355;3570,49;New Zealand_2005
New Zealand;2006;569,292;4185,888;3616,625;New Zealand_2006
New Zealand;2007;578,237;4233,046;3654,914;New Zealand_2007
New Zealand;2008;586,969;4278,155;3691,356;New Zealand_2008
New Zealand;2009;595,754;4323,337;3727,728;New Zealand_2009
New Zealand;2010;604,805;4370,062;3765,257;New Zealand_2010
New Zealand;2011;614,145;4418,678;3804,22;New Zealand_2011
New Zealand;2012;618,306;4468,457;3849,437;New Zealand_2012
New Zealand;2013;622,479;4518,515;3895,048;New Zealand_2013
New Zealand;2014;626,516;4567,527;3940,184;New Zealand_2014
New Zealand;2015;630,32;4614,532;3984,212;New Zealand_2015
New Zealand;2016;633,866;4659,265;4026,967;New Zealand_2016
New Zealand;2017;636,894;4702,034;4068,924;New Zealand_2017
New Zealand;2018;639,408;4743,131;4110,19;New Zealand_2018
Nicaragua;2000;2252,737;5069,302;2774,059;Nicaragua_2000
Nicaragua;2001;2278,271;5145,366;2822,479;Nicaragua_2001
Nicaragua;2002;2302,257;5219,328;2869,477;Nicaragua_2002
Nicaragua;2003;2325,221;5292,118;2915,658;Nicaragua_2003
Nicaragua;2004;2347,83;5364,935;2961,873;Nicaragua_2004
Nicaragua;2005;2370,424;5438,69;3008,904;Nicaragua_2005
Nicaragua;2006;2390,923;5513,763;3059,288;Nicaragua_2006
Nicaragua;2007;2411,595;5590,055;3110,511;Nicaragua_2007
Nicaragua;2008;2432,201;5667,432;3162,305;Nicaragua_2008
Nicaragua;2009;2452,422;5745,526;3214,159;Nicaragua_2009
Nicaragua;2010;2471,956;5824,065;3265,767;Nicaragua_2010
Nicaragua;2011;2490,775;5903,039;3317,045;Nicaragua_2011
Nicaragua;2012;2508,971;5982,526;3368,137;Nicaragua_2012
Nicaragua;2013;2526,665;6062,457;3419,082;Nicaragua_2013
Nicaragua;2014;2543,925;6142,731;3470,072;Nicaragua_2014
Nicaragua;2015;2560,844;6223,24;3521,191;Nicaragua_2015
Nicaragua;2016;2577,435;6303,974;3572,493;Nicaragua_2016
Nicaragua;2017;2592,801;6384,846;3624,78;Nicaragua_2017
Nicaragua;2018;2606,772;6465,501;3677,985;Nicaragua_2018
Niger;2000;9515,369;11331,557;1837,604;Niger_2000
Niger;2001;9857,911;11751,365;1914,065;Niger_2001
Niger;2002;10221,895;12189,983;1984,107;Niger_2002
Niger;2003;10600,022;12647,984;2056,848;Niger_2003
Niger;2004;10994,331;13125,916;2132,681;Niger_2004
Niger;2005;11406,515;13624,467;2211,934;Niger_2005
Niger;2006;11837,319;14143,971;2294,745;Niger_2006
Niger;2007;12287,148;14685,399;2381,19;Niger_2007
Niger;2008;12757,057;15250,908;2471,468;Niger_2008
Niger;2009;13248,124;15843,133;2565,789;Niger_2009
Niger;2010;13761,257;16464,025;2664,321;Niger_2010
Niger;2011;14297,394;17114,766;2767,242;Niger_2011
Niger;2012;14856,997;17795,21;2874,637;Niger_2012
Niger;2013;15439,9;18504,281;2986,472;Niger_2013
Niger;2014;16042,54;19240,179;3105,679;Niger_2014
Niger;2015;16664,382;20001,663;3232,583;Niger_2015
Niger;2016;17305,349;20788,798;3367,638;Niger_2016
Niger;2017;17965,903;21602,382;3511,445;Niger_2017
Niger;2018;18646,683;22442,822;3664,692;Niger_2018
Nigeria;2000;79724,569;122283,85;42627,44;Nigeria_2000
Nigeria;2001;80711,492;125394,046;44751,942;Nigeria_2001
Nigeria;2002;81692,471;128596,076;46974,239;Nigeria_2002
Nigeria;2003;82673,013;131900,631;49299,52;Nigeria_2003
Nigeria;2004;83656,546;135320,422;51737,07;Nigeria_2004
Nigeria;2005;84650,56;138865,016;54288,918;Nigeria_2005
Nigeria;2006;85649,313;142538,308;56964,781;Nigeria_2006
Nigeria;2007;86650,758;146339,977;59766,266;Nigeria_2007
Nigeria;2008;87649,227;150269,623;62698,163;Nigeria_2008
Nigeria;2009;88645,241;154324,933;65756,94;Nigeria_2009
Nigeria;2010;89628,433;158503,197;68949,828;Nigeria_2010
Nigeria;2011;90614,743;162805,077;72262,333;Nigeria_2011
Nigeria;2012;91602,273;167228,794;75695,011;Nigeria_2012
Nigeria;2013;92584,883;171765,816;79244,42;Nigeria_2013
Nigeria;2014;93555,299;176404,934;82905,203;Nigeria_2014
Nigeria;2015;94508,65;181137,448;86673,094;Nigeria_2015
Nigeria;2016;95443,463;185960,241;90546,177;Nigeria_2016
Nigeria;2017;96361,295;190873,244;94525,016;Nigeria_2017
Nigeria;2018;97264,436;195874,683;98610,801;Nigeria_2018
Niue;2000;1,271;1,899;0,628;Niue_2000
Niue;2001;1,234;1,854;0,62;Niue_2001
Niue;2002;1,183;1,791;0,606;Niue_2002
Niue;2003;1,153;1,755;0,602;Niue_2003
Niue;2004;1,119;1,715;0,596;Niue_2004
Niue;2005;1,09;1,683;0,593;Niue_2005
Niue;2006;1,069;1,661;0,593;Niue_2006
Niue;2007;1,051;1,643;0,6;Niue_2007
Niue;2008;1,03;1,635;0,609;Niue_2008
Niue;2009;1,016;1,628;0,62;Niue_2009
Niue;2010;1,0;1,618;0,63;Niue_2010
Niue;2011;0,987;1,62;0,643;Niue_2011
Niue;2012;0,97;1,61;0,653;Niue_2012
Niue;2013;0,957;1,612;0,666;Niue_2013
Niue;2014;0,94;1,609;0,676;Niue_2014
Niue;2015;0,936;1,619;0,693;Niue_2015
Niue;2016;0,921;1,614;0,703;Niue_2016
Niue;2017;0,905;1,609;0,713;Niue_2017
Niue;2018;0,897;1,62;0,727;Niue_2018
Norway;2000;1078,958;4499,367;3420,409;Norway_2000
Norway;2001;1068,456;4523,145;3454,689;Norway_2001
Norway;2002;1057,72;4546,019;3488,299;Norway_2002
Norway;2003;1047,27;4570,106;3522,836;Norway_2003
Norway;2004;1039,256;4598,214;3558,958;Norway_2004
Norway;2005;1034,154;4632,364;3598,21;Norway_2005
Norway;2006;1030,404;4672,994;3642,666;Norway_2006
Norway;2007;1027,294;4719,402;3692,354;Norway_2007
Norway;2008;1024,599;4771,019;3746,81;Norway_2008
Norway;2009;1022,628;4826,848;3804,552;Norway_2009
Norway;2010;1021,067;4885,878;3864,811;Norway_2010
Norway;2011;1016,484;4948,33;3931,111;Norway_2011
Norway;2012;1008,706;5013,709;4003,301;Norway_2012
Norway;2013;1000,906;5079,455;4076,195;Norway_2013
Norway;2014;992,506;5142,265;4147,805;Norway_2014
Norway;2015;983,228;5199,836;4216,608;Norway_2015
Norway;2016;972,918;5250,949;4281,776;Norway_2016
Norway;2017;961,814;5296,326;4343,569;Norway_2017
Norway;2018;950,323;5337,962;4403,04;Norway_2018
Oman;2000;644,819;2267,973;1623,172;Oman_2000
Oman;2001;652,896;2294,962;1641,891;Oman_2001
Oman;2002;664,6;2334,858;1669,685;Oman_2002
Oman;2003;679,589;2386,166;1705,666;Oman_2003
Oman;2004;688,77;2445,517;1755,981;Oman_2004
Oman;2005;693,105;2511,251;1818,164;Oman_2005
Oman;2006;698,251;2580,758;1884,74;Oman_2006
Oman;2007;704,911;2657,158;1957,851;Oman_2007
Oman;2008;715,134;2750,963;2043,88;Oman_2008
Oman;2009;731,574;2876,186;2151,368;Oman_2009
Oman;2010;755,463;3041,434;2285,997;Oman_2010
Oman;2011;771,005;3251,108;2466,263;Oman_2011
Oman;2012;777,34;3498,029;2687,304;Oman_2012
Oman;2013;783,774;3764,806;2927,707;Oman_2013
Oman;2014;786,43;4027,26;3174,495;Oman_2014
Oman;2015;783,245;4267,348;3416,565;Oman_2015
Oman;2016;774,333;4479,219;3650,429;Oman_2016
Oman;2017;762,22;4665,928;3874,042;Oman_2017
Oman;2018;746,74;4829,473;4083,206;Oman_2018
Pakistan;2000;92835,896;142343,578;45687,389;Pakistan_2000
Pakistan;2001;94617,502;145978,402;46983,935;Pakistan_2001
Pakistan;2002;96368,659;149549,7;48285,484;Pakistan_2002
Pakistan;2003;98104,46;153093,373;49598,941;Pakistan_2003
Pakistan;2004;99845,05;156664,697;50935,25;Pakistan_2004
Pakistan;2005;101607,86;160304,008;52301,807;Pakistan_2005
Pakistan;2006;103392,912;164022,627;53701,081;Pakistan_2006
Pakistan;2007;105200,045;167808,105;55132,929;Pakistan_2007
Pakistan;2008;107040,193;171648,986;56604,41;Pakistan_2008
Pakistan;2009;108927,738;175525,609;58121,842;Pakistan_2009
Pakistan;2010;110868,669;179424,641;59691,513;Pakistan_2010
Pakistan;2011;112867,839;183340,174;61316,426;Pakistan_2011
Pakistan;2012;114917,348;187280,129;62994,185;Pakistan_2012
Pakistan;2013;116999,097;191260,806;64713,498;Pakistan_2013
Pakistan;2014;119084,632;195305,013;66461,625;Pakistan_2014
Pakistan;2015;121153,73;199426,964;68226,783;Pakistan_2015
Pakistan;2016;123198,205;203631,353;70005,271;Pakistan_2016
Pakistan;2017;125220,255;207906,209;71795,7;Pakistan_2017
Pakistan;2018;127183,388;212228,286;73630,43;Pakistan_2018
Palau;2000;5,688;19,105;13,487;Palau_2000
Palau;2001;5,803;19,386;13,601;Palau_2001
Palau;2002;5,902;19,637;13,672;Palau_2002
Palau;2003;5,989;19,809;13,711;Palau_2003
Palau;2004;5,865;19,867;13,939;Palau_2004
Palau;2005;5,743;19,781;14,163;Palau_2005
Palau;2006;5,621;19,54;14,391;Palau_2006
Palau;2007;5,501;19,158;14,615;Palau_2007
Palau;2008;5,383;18,704;14,845;Palau_2008
Palau;2009;5,267;18,285;15,075;Palau_2009
Palau;2010;5,155;17,955;15,315;Palau_2010
Palau;2011;5,044;17,745;15,555;Palau_2011
Palau;2012;4,942;17,64;15,816;Palau_2012
Palau;2013;4,841;17,606;16,079;Palau_2013
Palau;2014;4,743;17,626;16,351;Palau_2014
Palau;2015;4,65;17,665;16,638;Palau_2015
Palau;2016;4,564;17,725;16,939;Palau_2016
Palau;2017;4,484;17,808;17,245;Palau_2017
Palau;2018;4,408;17,907;17,556;Palau_2018
Panama;2000;1145,519;3030,328;1884,828;Panama_2000
Panama;2001;1158,733;3089,648;1930,951;Panama_2001
Panama;2002;1171,701;3149,188;1977,564;Panama_2002
Panama;2003;1184,467;3209,048;2024,707;Panama_2003
Panama;2004;1197,063;3269,356;2072,478;Panama_2004
Panama;2005;1209,565;3330,217;2120,9;Panama_2005
Panama;2006;1221,915;3391,666;2169,99;Panama_2006
Panama;2007;1234,105;3453,675;2219,702;Panama_2007
Panama;2008;1246,153;3516,204;2270,115;Panama_2008
Panama;2009;1258,135;3579,215;2321,25;Panama_2009
Panama;2010;1270,027;3642,687;2373,195;Panama_2010
Panama;2011;1281,524;3706,483;2426,258;Panama_2011
Panama;2012;1292,567;3770,626;2480,371;Panama_2012
Panama;2013;1303,066;3835,435;2535,396;Panama_2013
Panama;2014;1312,887;3901,314;2591,099;Panama_2014
Panama;2015;1321,936;3968,487;2647,313;Panama_2015
Panama;2016;1330,168;4037,078;2703,951;Panama_2016
Panama;2017;1337,579;4106,769;2761,008;Panama_2017
Panama;2018;1344,157;4176,869;2818,461;Panama_2018
Papua New Guinea;2000;4836,481;5847,586;735,741;Papua New Guinea_2000
Papua New Guinea;2001;4962,641;5974,629;753,511;Papua New Guinea_2001
Papua New Guinea;2002;5090,608;6098,621;771,708;Papua New Guinea_2002
Papua New Guinea;2003;5220,577;6223,377;790,147;Papua New Guinea_2003
Papua New Guinea;2004;5352,671;6354,245;808,846;Papua New Guinea_2004
Papua New Guinea;2005;5486,901;6494,903;827,808;Papua New Guinea_2005
Papua New Guinea;2006;5623,247;6646,895;847,025;Papua New Guinea_2006
Papua New Guinea;2007;5761,463;6808,514;866,459;Papua New Guinea_2007
Papua New Guinea;2008;5901,14;6976,201;886,047;Papua New Guinea_2008
Papua New Guinea;2009;6041,735;7144,776;905,712;Papua New Guinea_2009
Papua New Guinea;2010;6182,852;7310,507;925,387;Papua New Guinea_2010
Papua New Guinea;2011;6324,3;7472,199;945,048;Papua New Guinea_2011
Papua New Guinea;2012;6466,137;7631,001;964,699;Papua New Guinea_2012
Papua New Guinea;2013;6607,438;7788,38;985,427;Papua New Guinea_2013
Papua New Guinea;2014;6748,445;7946,73;1007,34;Papua New Guinea_2014
Papua New Guinea;2015;6889,286;8107,775;1030,539;Papua New Guinea_2015
Papua New Guinea;2016;7029,89;8271,762;1055,101;Papua New Guinea_2016
Papua New Guinea;2017;7170,073;8438,036;1081,089;Papua New Guinea_2017
Papua New Guinea;2018;7309,758;8606,323;1108,588;Papua New Guinea_2018
Paraguay;2000;2368,649;5323,201;2934,051;Paraguay_2000
Paraguay;2001;2380,757;5428,444;3025,867;Paraguay_2001
Paraguay;2002;2390,764;5531,962;3117,847;Paraguay_2002
Paraguay;2003;2412,728;5632,983;3195,222;Paraguay_2003
Paraguay;2004;2435,187;5730,549;3268,553;Paraguay_2004
Paraguay;2005;2455,395;5824,096;3340,099;Paraguay_2005
Paraguay;2006;2473,144;5913,209;3409,652;Paraguay_2006
Paraguay;2007;2488,72;5998,427;3477,439;Paraguay_2007
Paraguay;2008;2502,774;6081,296;3544,343;Paraguay_2008
Paraguay;2009;2516,303;6163,972;3611,534;Paraguay_2009
Paraguay;2010;2529,866;6248,02;3680,011;Paraguay_2010
Paraguay;2011;2543,703;6333,976;3750,08;Paraguay_2011
Paraguay;2012;2557,635;6421,513;3821,584;Paraguay_2012
Paraguay;2013;2573,579;6510,276;3892,161;Paraguay_2013
Paraguay;2014;2590,005;6599,526;3962,579;Paraguay_2014
Paraguay;2015;2605,873;6688,746;4033,246;Paraguay_2015
Paraguay;2016;2621,149;6777,872;4104,159;Paraguay_2016
Paraguay;2017;2635,972;6867,061;4175,325;Paraguay_2017
Paraguay;2018;2649,475;6956,066;4247,433;Paraguay_2018
Peru;2000;6986,192;26459,944;18928,687;Peru_2000
Peru;2001;6972,982;26799,285;19288,381;Peru_2001
Peru;2002;6956,188;27100,968;19645,279;Peru_2002
Peru;2003;6936,737;27372,226;20001,001;Peru_2003
Peru;2004;6915,339;27624,213;20357,855;Peru_2004
Peru;2005;6893,135;27866,145;20717,275;Peru_2005
Peru;2006;6869,848;28102,056;21080,096;Peru_2006
Peru;2007;6845,868;28333,052;21446,856;Peru_2007
Peru;2008;6859,12;28562,317;21782,86;Peru_2008
Peru;2009;6890,339;28792,655;22111,168;Peru_2009
Peru;2010;6923,397;29027,674;22450,249;Peru_2010
Peru;2011;6958,683;29264,318;22801,306;Peru_2011
Peru;2012;6995,686;29506,788;23163,28;Peru_2012
Peru;2013;7033,463;29773,987;23532,253;Peru_2013
Peru;2014;7070,179;30090,359;23903,175;Peru_2014
Peru;2015;7104,742;30470,734;24271,929;Peru_2015
Peru;2016;7136,697;30926,032;24637,142;Peru_2016
Peru;2017;7166,47;31444,298;24999,015;Peru_2017
Peru;2018;7191,715;31989,26;25360,1;Peru_2018
Philippines;2000;42010,504;77991,755;35981,065;Philippines_2000
Philippines;2001;42979,692;79672,873;36685,623;Philippines_2001
Philippines;2002;43958,821;81365,258;37393,239;Philippines_2002
Philippines;2003;44937,089;83051,971;38094,865;Philippines_2003
Philippines;2004;45900,211;84710,542;38778,282;Philippines_2004
Philippines;2005;46838,332;86326,25;39435,905;Philippines_2005
Philippines;2006;47746,31;87888,675;40063,109;Philippines_2006
Philippines;2007;48629,037;89405,482;40664,453;Philippines_2007
Philippines;2008;49500,348;90901,965;41251,516;Philippines_2008
Philippines;2009;50379,709;92414,158;41841,17;Philippines_2009
Philippines;2010;51238,69;93966,78;42487,934;Philippines_2010
Philippines;2011;51905,589;95570,05;43372,351;Philippines_2011
Philippines;2012;52586,504;97212,643;44280,138;Philippines_2012
Philippines;2013;53275,654;98871,555;45205,378;Philippines_2013
Philippines;2014;53961,963;100513,142;46140,286;Philippines_2014
Philippines;2015;54638,16;102113,212;47078,199;Philippines_2015
Philippines;2016;55302,333;103663,816;48017,889;Philippines_2016
Philippines;2017;55939,801;105172,925;48978,289;Philippines_2017
Philippines;2018;56550,096;106651,394;49961,978;Philippines_2018
Poland;2000;14758,595;38556,693;23791,9;Poland_2000
Poland;2001;14731,334;38529,582;23792,671;Poland_2001
Poland;2002;14706,001;38488,647;23778,471;Poland_2002
Poland;2003;14731,403;38441,824;23707,423;Poland_2003
Poland;2004;14757,919;38399,558;23638,147;Poland_2004
Poland;2005;14787,876;38368,949;23574,79;Poland_2005
Poland;2006;14822,414;38354,45;23518,622;Poland_2006
Poland;2007;14860,895;38353,338;23468,69;Poland_2007
Poland;2008;14902,394;38356,786;23423,295;Poland_2008
Poland;2009;14945,01;38351,916;23379,86;Poland_2009
Poland;2010;14987,475;38329,781;23335,927;Poland_2010
Poland;2011;15029,607;38286,831;23291,34;Poland_2011
Poland;2012;15076,293;38227,044;23241,111;Poland_2012
Poland;2013;15121,151;38158,041;23188,3;Poland_2013
Poland;2014;15162,767;38091,089;23130,293;Poland_2014
Poland;2015;15199,849;38034,079;23065,377;Poland_2015
Poland;2016;15221,747;37989,22;23002,663;Poland_2016
Poland;2017;15228,329;37953,18;22942,383;Poland_2017
Poland;2018;15219,933;37921,592;22884,899;Poland_2018
Portugal;2000;4721,99;10297,112;5633,127;Portugal_2000
Portugal;2001;4675,151;10341,454;5724,161;Portugal_2001
Portugal;2002;4630,074;10385,987;5813,594;Portugal_2002
Portugal;2003;4584,232;10429,612;5902,881;Portugal_2003
Portugal;2004;4536,981;10470,921;5991,287;Portugal_2004
Portugal;2005;4488,055;10508,495;6077,668;Portugal_2005
Portugal;2006;4437,475;10542,83;6162,476;Portugal_2006
Portugal;2007;4385,066;10573,143;6245,054;Portugal_2007
Portugal;2008;4329,158;10595,314;6322,941;Portugal_2008
Portugal;2009;4268,076;10604,056;6392,54;Portugal_2009
Portugal;2010;4200,496;10596,058;6451,825;Portugal_2010
Portugal;2011;4126,097;10569,38;6499,233;Portugal_2011
Portugal;2012;4046,172;10526,308;6535,649;Portugal_2012
Portugal;2013;3963,418;10473,021;6564,256;Portugal_2013
Portugal;2014;3881,018;10418,218;6590,15;Portugal_2014
Portugal;2015;3801,276;10368,351;6617,197;Portugal_2015
Portugal;2016;3724,867;10325,538;6646,76;Portugal_2016
Portugal;2017;3651,305;10288,527;6678,201;Portugal_2017
Portugal;2018;3580,203;10256,193;6710,993;Portugal_2018
Qatar;2000;21,85;592,468;570,417;Qatar_2000
Qatar;2001;21,554;615,012;595,332;Qatar_2001
Qatar;2002;21,361;640,868;624,298;Qatar_2002
Qatar;2003;21,57;681,788;667,016;Qatar_2003
Qatar;2004;22,085;753,334;736,77;Qatar_2004
Qatar;2005;22,523;865,416;842,34;Qatar_2005
Qatar;2006;23,534;1022,711;986,848;Qatar_2006
Qatar;2007;24,776;1218,434;1164,857;Qatar_2007
Qatar;2008;25,861;1436,665;1363,481;Qatar_2008
Qatar;2009;26,467;1654,95;1564,313;Qatar_2009
Qatar;2010;26,68;1856,327;1752,996;Qatar_2010
Qatar;2011;27,283;2035,871;1924,771;Qatar_2011
Qatar;2012;27,484;2196,073;2082,084;Qatar_2012
Qatar;2013;27,334;2336,574;2223,139;Qatar_2013
Qatar;2014;26,882;2459,198;2347,537;Qatar_2014
Qatar;2015;26,186;2565,71;2455,353;Qatar_2015
Qatar;2016;25,324;2654,374;2544,48;Qatar_2016
Qatar;2017;24,338;2724,728;2614,873;Qatar_2017
Qatar;2018;23,303;2781,682;2671,546;Qatar_2018
Republic of Korea;2000;9656,885;47379,241;37729,427;Republic of Korea_2000
Republic of Korea;2001;9571,083;47706,224;38141,705;Republic of Korea_2001
Republic of Korea;2002;9457,554;47999,547;38547,232;Republic of Korea_2002
Republic of Korea;2003;9338,132;48260,897;38926,894;Republic of Korea_2003
Republic of Korea;2004;9213,825;48493,441;39284,258;Republic of Korea_2004
Republic of Korea;2005;9086,487;48701,073;39622,01;Republic of Korea_2005
Republic of Korea;2006;9031,912;48880,451;39863,933;Republic of Korea_2006
Republic of Korea;2007;9012,35;49034,81;40050,079;Republic of Korea_2007
Republic of Korea;2008;8990,762;49182,456;40228,223;Republic of Korea_2008
Republic of Korea;2009;8969,877;49347,461;40409,331;Republic of Korea_2009
Republic of Korea;2010;8951,241;49545,636;40601,614;Republic of Korea_2010
Republic of Korea;2011;8992,55;49786,159;40752,109;Republic of Korea_2011
Republic of Korea;2012;9065,944;50060,639;40886,3;Republic of Korea_2012
Republic of Korea;2013;9141,362;50345,717;41027,88;Republic of Korea_2013
Republic of Korea;2014;9217,129;50607,907;41168,431;Republic of Korea_2014
Republic of Korea;2015;9291,811;50823,093;41301,851;Republic of Korea_2015
Republic of Korea;2016;9365,142;50983,457;41426,777;Republic of Korea_2016
Republic of Korea;2017;9429,948;51096,415;41552,264;Republic of Korea_2017
Republic of Korea;2018;9486,209;51171,706;41678,226;Republic of Korea_2018
Republic of Moldova;2000;2327,849;4202,658;1873,24;Republic of Moldova_2000
Republic of Moldova;2001;2335,976;4187,093;1849,529;Republic of Moldova_2001
Republic of Moldova;2002;2347,732;4178,23;1828,884;Republic of Moldova_2002
Republic of Moldova;2003;2361,602;4173,274;1810,044;Republic of Moldova_2003
Republic of Moldova;2004;2375,227;4167,959;1791,11;Republic of Moldova_2004
Republic of Moldova;2005;2379,259;4159,293;1778,44;Republic of Moldova_2005
Republic of Moldova;2006;2373,123;4146,265;1771,607;Republic of Moldova_2006
Republic of Moldova;2007;2365,195;4130,136;1763,454;Republic of Moldova_2007
Republic of Moldova;2008;2356,613;4112,891;1754,827;Republic of Moldova_2008
Republic of Moldova;2009;2349,053;4097,518;1746,987;Republic of Moldova_2009
Republic of Moldova;2010;2343,69;4086,081;1740,791;Republic of Moldova_2010
Republic of Moldova;2011;2340,872;4079,164;1736,496;Republic of Moldova_2011
Republic of Moldova;2012;2340,031;4075,808;1733,672;Republic of Moldova_2012
Republic of Moldova;2013;2340,291;4074,591;1731,673;Republic of Moldova_2013
Republic of Moldova;2014;2340,388;4073,407;1729,551;Republic of Moldova_2014
Republic of Moldova;2015;2338,327;4070,7;1727,653;Republic of Moldova_2015
Republic of Moldova;2016;2333,836;4066,009;1725,772;Republic of Moldova_2016
Republic of Moldova;2017;2327,145;4059,684;1724,067;Republic of Moldova_2017
Republic of Moldova;2018;2318,419;4051,944;1722,646;Republic of Moldova_2018
Romania;2000;10399,242;22137,419;11728,886;Romania_2000
Romania;2001;10365,175;21989,35;11618,96;Romania_2001
Romania;2002;10319,721;21853,273;11534,955;Romania_2002
Romania;2003;10231,821;21720,407;11497,098;Romania_2003
Romania;2004;10138,587;21577,885;11452,577;Romania_2004
Romania;2005;10035,316;21417,291;11395,702;Romania_2005
Romania;2006;9919,852;21234,305;11324,07;Romania_2006
Romania;2007;9795,242;21034,189;11240,869;Romania_2007
Romania;2008;9667,799;20829,517;11153,285;Romania_2008
Romania;2009;9546,514;20637,991;11071,441;Romania_2009
Romania;2010;9437,516;20471,864;11002,831;Romania_2010
Romania;2011;9342,912;20336,718;10950,055;Romania_2011
Romania;2012;9283,979;20227,469;10887,276;Romania_2012
Romania;2013;9243,988;20132,776;10824,213;Romania_2013
Romania;2014;9207,431;20035,93;10765,305;Romania_2014
Romania;2015;9165,608;19925,175;10711,013;Romania_2015
Romania;2016;9117,772;19796,285;10660,311;Romania_2016
Romania;2017;9065,003;19653,969;10614,303;Romania_2017
Romania;2018;9007,536;19506,114;10573,098;Romania_2018
Russian Federation;2000;39014,773;146404,903;107381,741;Russian Federation_2000
Russian Federation;2001;38866,125;145830,721;106948,739;Russian Federation_2001
Russian Federation;2002;38707,217;145215,7;106487,665;Russian Federation_2002
Russian Federation;2003;38498,936;144610,882;106085,759;Russian Federation_2003
Russian Federation;2004;38290,132;144080,643;105754,475;Russian Federation_2004
Russian Federation;2005;38112,227;143672,116;105505,958;Russian Federation_2005
Russian Federation;2006;37969,435;143403,256;105353,498;Russian Federation_2006
Russian Federation;2007;37859,367;143266,212;105290,775;Russian Federation_2007
Russian Federation;2008;37777,378;143248,764;105305,809;Russian Federation_2008
Russian Federation;2009;37715,868;143326,913;105376,897;Russian Federation_2009
Russian Federation;2010;37667,89;143479,274;105485,979;Russian Federation_2010
Russian Federation;2011;37632,802;143703,025;105631,186;Russian Federation_2011
Russian Federation;2012;37589,599;143993,892;105830,998;Russian Federation_2012
Russian Federation;2013;37531,491;144325,449;106065,739;Russian Federation_2013
Russian Federation;2014;37449,924;144664,841;106311,454;Russian Federation_2014
Russian Federation;2015;37338,513;144985,057;106549,491;Russian Federation_2015
Russian Federation;2016;37194,234;145275,383;106770,279;Russian Federation_2016
Russian Federation;2017;37017,128;145530,082;106972,626;Russian Federation_2017
Russian Federation;2018;36807,854;145734,038;107156,855;Russian Federation_2018
Rwanda;2000;6827,783;7933,681;1197,92;Rwanda_2000
Rwanda;2001;7010,937;8231,156;1318,469;Rwanda_2001
Rwanda;2002;7104,058;8427,06;1432,147;Rwanda_2002
Rwanda;2003;7213,04;8557,161;1467,306;Rwanda_2003
Rwanda;2004;7327,409;8680,524;1491,029;Rwanda_2004
Rwanda;2005;7471,017;8840,215;1520,718;Rwanda_2005
Rwanda;2006;7649,129;9043,337;1557,451;Rwanda_2006
Rwanda;2007;7848,805;9273,757;1598,597;Rwanda_2007
Rwanda;2008;8065,028;9524,534;1643,141;Rwanda_2008
Rwanda;2009;8288,298;9782,77;1689,148;Rwanda_2009
Rwanda;2010;8511,644;10039,338;1735,198;Rwanda_2010
Rwanda;2011;8734,828;10293,331;1781,243;Rwanda_2011
Rwanda;2012;8960,938;10549,673;1827,915;Rwanda_2012
Rwanda;2013;9189,947;10811,538;1875,204;Rwanda_2013
Rwanda;2014;9420,354;11083,63;1925,003;Rwanda_2014
Rwanda;2015;9652,086;11369,071;1977,467;Rwanda_2015
Rwanda;2016;9884,801;11668,827;2032,707;Rwanda_2016
Rwanda;2017;10117,663;11980,961;2090,744;Rwanda_2017
Rwanda;2018;10349,599;12301,97;2151,557;Rwanda_2018
Saint Kitts and Nevis;2000;30,501;44,074;14,873;Saint Kitts and Nevis_2000
Saint Kitts and Nevis;2001;30,998;44,599;14,992;Saint Kitts and Nevis_2001
Saint Kitts and Nevis;2002;31,504;45,165;15,137;Saint Kitts and Nevis_2002
Saint Kitts and Nevis;2003;32,02;45,746;15,286;Saint Kitts and Nevis_2003
Saint Kitts and Nevis;2004;32,539;46,324;15,432;Saint Kitts and Nevis_2004
Saint Kitts and Nevis;2005;33,042;46,857;15,569;Saint Kitts and Nevis_2005
Saint Kitts and Nevis;2006;33,519;47,339;15,691;Saint Kitts and Nevis_2006
Saint Kitts and Nevis;2007;33,98;47,778;15,803;Saint Kitts and Nevis_2007
Saint Kitts and Nevis;2008;34,426;48,185;15,906;Saint Kitts and Nevis_2008
Saint Kitts and Nevis;2009;34,876;48,599;16,01;Saint Kitts and Nevis_2009
Saint Kitts and Nevis;2010;35,331;49,016;16,114;Saint Kitts and Nevis_2010
Saint Kitts and Nevis;2011;35,789;49,447;16,217;Saint Kitts and Nevis_2011
Saint Kitts and Nevis;2012;36,255;49,887;16,336;Saint Kitts and Nevis_2012
Saint Kitts and Nevis;2013;36,706;50,331;16,463;Saint Kitts and Nevis_2013
Saint Kitts and Nevis;2014;37,142;50,774;16,597;Saint Kitts and Nevis_2014
Saint Kitts and Nevis;2015;37,552;51,203;16,736;Saint Kitts and Nevis_2015
Saint Kitts and Nevis;2016;37,942;51,625;16,879;Saint Kitts and Nevis_2016
Saint Kitts and Nevis;2017;38,314;52,045;17,031;Saint Kitts and Nevis_2017
Saint Kitts and Nevis;2018;38,662;52,441;17,188;Saint Kitts and Nevis_2018
Saint Lucia;2000;113,358;156,729;43,591;Saint Lucia_2000
Saint Lucia;2001;114,93;158,179;43,534;Saint Lucia_2001
Saint Lucia;2002;117,699;159,392;42,064;Saint Lucia_2002
Saint Lucia;2003;120,382;160,53;40,591;Saint Lucia_2003
Saint Lucia;2004;123,095;161,816;39,156;Saint Lucia_2004
Saint Lucia;2005;125,92;163,417;37,794;Saint Lucia_2005
Saint Lucia;2006;128,905;165,381;36,502;Saint Lucia_2006
Saint Lucia;2007;132,017;167,639;35,271;Saint Lucia_2007
Saint Lucia;2008;135,155;170,011;34,065;Saint Lucia_2008
Saint Lucia;2009;138,164;172,221;32,858;Saint Lucia_2009
Saint Lucia;2010;140,739;174,085;31,841;Saint Lucia_2010
Saint Lucia;2011;141,76;175,544;32,072;Saint Lucia_2011
Saint Lucia;2012;142,578;176,646;32,257;Saint Lucia_2012
Saint Lucia;2013;143,232;177,513;32,428;Saint Lucia_2013
Saint Lucia;2014;143,814;178,296;32,607;Saint Lucia_2014
Saint Lucia;2015;144,397;179,126;32,809;Saint Lucia_2015
Saint Lucia;2016;144,979;180,024;33,036;Saint Lucia_2016
Saint Lucia;2017;145,557;180,954;33,287;Saint Lucia_2017
Saint Lucia;2018;146,11;181,889;33,557;Saint Lucia_2018
Saint Vincent and the Grenadines;2000;59,144;107,784;48,754;Saint Vincent and the Grenadines_2000
Saint Vincent and the Grenadines;2001;58,802;107,896;49,186;Saint Vincent and the Grenadines_2001
Saint Vincent and the Grenadines;2002;58,492;108,097;49,654;Saint Vincent and the Grenadines_2002
Saint Vincent and the Grenadines;2003;58,202;108,326;50,148;Saint Vincent and the Grenadines_2003
Saint Vincent and the Grenadines;2004;57,91;108,512;50,649;Saint Vincent and the Grenadines_2004
Saint Vincent and the Grenadines;2005;57,599;108,614;51,145;Saint Vincent and the Grenadines_2005
Saint Vincent and the Grenadines;2006;57,272;108,603;51,635;Saint Vincent and the Grenadines_2006
Saint Vincent and the Grenadines;2007;56,929;108,518;52,118;Saint Vincent and the Grenadines_2007
Saint Vincent and the Grenadines;2008;56,569;108,393;52,596;Saint Vincent and the Grenadines_2008
Saint Vincent and the Grenadines;2009;56,19;108,287;53,063;Saint Vincent and the Grenadines_2009
Saint Vincent and the Grenadines;2010;55,793;108,255;53,522;Saint Vincent and the Grenadines_2010
Saint Vincent and the Grenadines;2011;55,375;108,316;53,966;Saint Vincent and the Grenadines_2011
Saint Vincent and the Grenadines;2012;54,933;108,435;54,395;Saint Vincent and the Grenadines_2012
Saint Vincent and the Grenadines;2013;54,491;108,622;54,829;Saint Vincent and the Grenadines_2013
Saint Vincent and the Grenadines;2014;54,068;108,861;55,289;Saint Vincent and the Grenadines_2014
Saint Vincent and the Grenadines;2015;53,672;109,148;55,783;Saint Vincent and the Grenadines_2015
Saint Vincent and the Grenadines;2016;53,316;109,459;56,327;Saint Vincent and the Grenadines_2016
Saint Vincent and the Grenadines;2017;52,988;109,827;56,909;Saint Vincent and the Grenadines_2017
Saint Vincent and the Grenadines;2018;52,678;110,211;57,522;Saint Vincent and the Grenadines_2018
Samoa;2000;136,236;174,454;38,374;Samoa_2000
Samoa;2001;136,822;175,392;38,744;Samoa_2001
Samoa;2002;137,838;176,407;38,744;Samoa_2002
Samoa;2003;139,113;177,484;38,549;Samoa_2003
Samoa;2004;140,42;178,59;38,361;Samoa_2004
Samoa;2005;141,752;179,727;38,177;Samoa_2005
Samoa;2006;143,099;180,876;37,995;Samoa_2006
Samoa;2007;144,461;182,046;37,825;Samoa_2007
Samoa;2008;145,859;183,263;37,667;Samoa_2008
Samoa;2009;147,306;184,556;37,52;Samoa_2009
Samoa;2010;148,819;185,949;37,386;Samoa_2010
Samoa;2011;150,399;187,469;37,266;Samoa_2011
Samoa;2012;152,067;189,089;37,127;Samoa_2012
Samoa;2013;153,778;190,718;36,979;Samoa_2013
Samoa;2014;155,469;192,221;36,821;Samoa_2014
Samoa;2015;157,111;193,513;36,648;Samoa_2015
Samoa;2016;158,673;194,535;36,452;Samoa_2016
Samoa;2017;160,194;195,352;36,246;Samoa_2017
Samoa;2018;161,629;196,129;36,066;Samoa_2018
San Marino;2000;1,799;27,462;25,619;San Marino_2000
San Marino;2001;1,735;27,812;26,027;San Marino_2001
San Marino;2002;1,708;28,175;26,413;San Marino_2002
San Marino;2003;1,717;28,562;26,777;San Marino_2003
San Marino;2004;1,687;28,94;27,179;San Marino_2004
San Marino;2005;1,622;29,324;27,618;San Marino_2005
San Marino;2006;1,559;29,7;28,055;San Marino_2006
San Marino;2007;1,497;30,063;28,48;San Marino_2007
San Marino;2008;1,437;30,434;28,914;San Marino_2008
San Marino;2009;1,38;30,816;29,343;San Marino_2009
San Marino;2010;1,325;31,229;29,785;San Marino_2010
San Marino;2011;1,272;31,661;30,232;San Marino_2011
San Marino;2012;1,222;32,105;30,692;San Marino_2012
San Marino;2013;1,173;32,553;31,13;San Marino_2013
San Marino;2014;1,124;32,948;31,533;San Marino_2014
San Marino;2015;1,075;33,272;31,885;San Marino_2015
San Marino;2016;1,026;33,504;32,177;San Marino_2016
San Marino;2017;0,978;33,671;32,422;San Marino_2017
San Marino;2018;0,931;33,785;32,626;San Marino_2018
Sao Tome and Principe;2000;64,557;142,262;74,049;Sao Tome and Principe_2000
Sao Tome and Principe;2001;64,613;144,755;77,009;Sao Tome and Principe_2001
Sao Tome and Principe;2002;64,397;147,447;80,492;Sao Tome and Principe_2002
Sao Tome and Principe;2003;64,146;150,415;84,226;Sao Tome and Principe_2003
Sao Tome and Principe;2004;63,87;153,737;88,099;Sao Tome and Principe_2004
Sao Tome and Principe;2005;63,552;157,472;92,078;Sao Tome and Principe_2005
Sao Tome and Principe;2006;63,176;161,681;96,152;Sao Tome and Principe_2006
Sao Tome and Principe;2007;62,761;166,3;100,34;Sao Tome and Principe_2007
Sao Tome and Principe;2008;62,291;171,12;104,622;Sao Tome and Principe_2008
Sao Tome and Principe;2009;61,795;175,876;109,018;Sao Tome and Principe_2009
Sao Tome and Principe;2010;61,256;180,371;113,52;Sao Tome and Principe_2010
Sao Tome and Principe;2011;60,678;184,524;118,122;Sao Tome and Principe_2011
Sao Tome and Principe;2012;60,061;188,404;122,828;Sao Tome and Principe_2012
Sao Tome and Principe;2013;59,465;192,087;127,58;Sao Tome and Principe_2013
Sao Tome and Principe;2014;58,885;195,727;132,381;Sao Tome and Principe_2014
Sao Tome and Principe;2015;58,325;199,432;137,228;Sao Tome and Principe_2015
Sao Tome and Principe;2016;57,79;203,227;142,12;Sao Tome and Principe_2016
Sao Tome and Principe;2017;57,276;207,089;147,051;Sao Tome and Principe_2017
Sao Tome and Principe;2018;56,792;211,028;152,026;Sao Tome and Principe_2018
Saudi Arabia;2000;4184,486;20663,843;16579,826;Saudi Arabia_2000
Saudi Arabia;2001;4244,343;21202,642;17059,249;Saudi Arabia_2001
Saudi Arabia;2002;4314,583;21805,313;17591,725;Saudi Arabia_2002
Saudi Arabia;2003;4391,752;22456,649;18164,673;Saudi Arabia_2003
Saudi Arabia;2004;4470,674;23132,682;18758,216;Saudi Arabia_2004
Saudi Arabia;2005;4546,99;23816,183;19358,664;Saudi Arabia_2005
Saudi Arabia;2006;4619,627;24498,31;19958,674;Saudi Arabia_2006
Saudi Arabia;2007;4690,056;25184,597;20562,513;Saudi Arabia_2007
Saudi Arabia;2008;4760,487;25888,541;21180,283;Saudi Arabia_2008
Saudi Arabia;2009;4834,475;26630,303;21827,017;Saudi Arabia_2009
Saudi Arabia;2010;4913,575;27421,461;22512,101;Saudi Arabia_2010
Saudi Arabia;2011;4997,624;28267,589;23240,396;Saudi Arabia_2011
Saudi Arabia;2012;5084,189;29154,9;24002,168;Saudi Arabia_2012
Saudi Arabia;2013;5168,517;30052,059;24775,959;Saudi Arabia_2013
Saudi Arabia;2014;5244,48;30916,597;25532,242;Saudi Arabia_2014
Saudi Arabia;2015;5307,901;31717,667;26249,243;Saudi Arabia_2015
Saudi Arabia;2016;5357,473;32443,447;26918,214;Saudi Arabia_2016
Saudi Arabia;2017;5394,59;33101,179;27543,623;Saudi Arabia_2017
Saudi Arabia;2018;5421,205;33702,756;28133,138;Saudi Arabia_2018
Senegal;2000;5898,768;9797,734;3985,284;Senegal_2000
Senegal;2001;6033,724;10036,104;4100,773;Senegal_2001
Senegal;2002;6175,004;10283,699;4221,857;Senegal_2002
Senegal;2003;6306,742;10541,467;4364,248;Senegal_2003
Senegal;2004;6430,464;10810,083;4525,48;Senegal_2004
Senegal;2005;6557,896;11090,116;4693,37;Senegal_2005
Senegal;2006;6688,611;11382,268;4868,152;Senegal_2006
Senegal;2007;6823,185;11687,08;5050,372;Senegal_2007
Senegal;2008;6962,724;12004,701;5241,233;Senegal_2008
Senegal;2009;7108,938;12335,084;5441,979;Senegal_2009
Senegal;2010;7262,417;12678,148;5653,812;Senegal_2010
Senegal;2011;7423,569;13033,809;5877,341;Senegal_2011
Senegal;2012;7591,27;13401,992;6112,243;Senegal_2012
Senegal;2013;7763,486;13782,424;6356,834;Senegal_2013
Senegal;2014;7936,955;14174,739;6609,156;Senegal_2014
Senegal;2015;8108,284;14578,459;6868,71;Senegal_2015
Senegal;2016;8276,577;14993,519;7135,037;Senegal_2016
Senegal;2017;8442,004;15419,355;7408,563;Senegal_2017
Senegal;2018;8604,629;15854,323;7689,641;Senegal_2018
Serbia;2006;4210,06;9145,914;4963,229;Serbia_2006
Serbia;2007;4172,28;9101,185;4962,934;Serbia_2007
Serbia;2008;4135,754;9060,103;4963,798;Serbia_2008
Serbia;2009;4099,85;9023,357;4964,906;Serbia_2009
Serbia;2010;4063,98;8991,254;4965,736;Serbia_2010
Serbia;2011;4027,867;8963,769;4965,879;Serbia_2011
Serbia;2012;3998,797;8940,113;4958,187;Serbia_2012
Serbia;2013;3972,253;8918,904;4947,962;Serbia_2013
Serbia;2014;3946,346;8898,289;4938,366;Serbia_2014
Serbia;2015;3921,443;8876,777;4929,837;Serbia_2015
Serbia;2016;3897,595;8853,963;4922,488;Serbia_2016
Serbia;2017;3872,979;8829,628;4917,595;Serbia_2017
Serbia;2018;3847,25;8802,754;4914,777;Serbia_2018
Seychelles;2000;40,224;80,996;40,927;Seychelles_2000
Seychelles;2001;40,75;82,414;41,817;Seychelles_2001
Seychelles;2002;41,364;84,077;42,839;Seychelles_2002
Seychelles;2003;41,99;85,81;43,92;Seychelles_2003
Seychelles;2004;42,528;87,393;44,956;Seychelles_2004
Seychelles;2005;42,89;88,648;45,854;Seychelles_2005
Seychelles;2006;43,064;89,526;46,595;Seychelles_2006
Seychelles;2007;43,077;90,088;47,204;Seychelles_2007
Seychelles;2008;42,968;90,449;47,718;Seychelles_2008
Seychelles;2009;42,814;90,802;48,22;Seychelles_2009
Seychelles;2010;42,653;91,264;48,752;Seychelles_2010
Seychelles;2011;42,501;91,883;49,333;Seychelles_2011
Seychelles;2012;42,34;92,603;49,945;Seychelles_2012
Seychelles;2013;42,174;93,395;50,591;Seychelles_2013
Seychelles;2014;41,993;94,215;51,261;Seychelles_2014
Seychelles;2015;41,809;94,978;51,933;Seychelles_2015
Seychelles;2016;41,619;95,71;52,609;Seychelles_2016
Seychelles;2017;41,437;96,418;53,3;Seychelles_2017
Seychelles;2018;41,246;97,096;53,989;Seychelles_2018
Sierra Leone;2000;2938,242;4584,571;1626,055;Sierra Leone_2000
Sierra Leone;2001;3039,37;4754,072;1699,777;Sierra Leone_2001
Sierra Leone;2002;3167,216;4965,766;1790,0;Sierra Leone_2002
Sierra Leone;2003;3309,412;5201,07;1890,137;Sierra Leone_2003
Sierra Leone;2004;3448,988;5433,991;1990,707;Sierra Leone_2004
Sierra Leone;2005;3569,351;5645,624;2089,028;Sierra Leone_2005
Sierra Leone;2006;3666,929;5829,237;2181,763;Sierra Leone_2006
Sierra Leone;2007;3748,249;5989,633;2267,168;Sierra Leone_2007
Sierra Leone;2008;3817,768;6133,603;2347,604;Sierra Leone_2008
Sierra Leone;2009;3882,977;6272,734;2427,283;Sierra Leone_2009
Sierra Leone;2010;3949,115;6415,634;2509,605;Sierra Leone_2010
Sierra Leone;2011;4016,739;6563,24;2594,953;Sierra Leone_2011
Sierra Leone;2012;4083,903;6712,584;2682,2;Sierra Leone_2012
Sierra Leone;2013;4150,771;6863,981;2771,308;Sierra Leone_2013
Sierra Leone;2014;4216,939;7017,148;2862,223;Sierra Leone_2014
Sierra Leone;2015;4282,234;7171,914;2954,791;Sierra Leone_2015
Sierra Leone;2016;4346,912;7328,834;3049,278;Sierra Leone_2016
Sierra Leone;2017;4410,71;7488,423;3146,502;Sierra Leone_2017
Sierra Leone;2018;4473,227;7650,15;3246,502;Sierra Leone_2018
Singapore;2000;0,0;4028,871;3913,96;Singapore_2000
Singapore;2001;0,0;4077,145;4018,779;Singapore_2001
Singapore;2002;0,0;4104,419;4131,208;Singapore_2002
Singapore;2003;0,0;4129,225;4249,295;Singapore_2003
Singapore;2004;0,0;4177,213;4370,04;Singapore_2004
Singapore;2005;0,0;4265,687;4491,042;Singapore_2005
Singapore;2006;0,0;4402,331;4611,901;Singapore_2006
Singapore;2007;0,0;4578,63;4732,528;Singapore_2007
Singapore;2008;0,0;4775,804;4851,109;Singapore_2008
Singapore;2009;0,0;4966,614;4965,518;Singapore_2009
Singapore;2010;0,0;5131,172;5074,252;Singapore_2010
Singapore;2011;0,0;5263,636;5176,017;Singapore_2011
Singapore;2012;0,0;5369,476;5270,958;Singapore_2012
Singapore;2013;0,0;5453,737;5360,837;Singapore_2013
Singapore;2014;0,0;5525,626;5448,342;Singapore_2014
Singapore;2015;0,0;5592,152;5535,262;Singapore_2015
Singapore;2016;0,0;5653,634;5622,455;Singapore_2016
Singapore;2017;0,0;5708,041;5708,844;Singapore_2017
Singapore;2018;0,0;5757,499;5791,901;Singapore_2018
Slovakia;2000;2363,059;5399,211;3036,152;Slovakia_2000
Slovakia;2001;2367,176;5399,992;3032,83;Slovakia_2001
Slovakia;2002;2375,345;5400,122;3024,809;Slovakia_2002
Slovakia;2003;2383,336;5399,834;3016,55;Slovakia_2003
Slovakia;2004;2391,255;5399,38;3008,164;Slovakia_2004
Slovakia;2005;2399,162;5398,963;2999,801;Slovakia_2005
Slovakia;2006;2407,098;5398,673;2991,443;Slovakia_2006
Slovakia;2007;2415,132;5398,692;2983,194;Slovakia_2007
Slovakia;2008;2423,516;5399,371;2975,34;Slovakia_2008
Slovakia;2009;2432,484;5401,153;2968,235;Slovakia_2009
Slovakia;2010;2448,958;5404,294;2955,336;Slovakia_2010
Slovakia;2011;2465,827;5408,937;2944,02;Slovakia_2011
Slovakia;2012;2476,704;5414,889;2940,366;Slovakia_2012
Slovakia;2013;2487,967;5421,725;2937,163;Slovakia_2013
Slovakia;2014;2499,107;5428,803;2933,734;Slovakia_2014
Slovakia;2015;2508,148;5435,611;2931,17;Slovakia_2015
Slovakia;2016;2514,92;5442,003;2929,298;Slovakia_2016
Slovakia;2017;2519,468;5447,9;2928,194;Slovakia_2017
Slovakia;2018;2521,863;5453,014;2927,953;Slovakia_2018
Slovenia;2000;979,257;1987,717;1009,242;Slovenia_2000
Slovenia;2001;978,66;1987,461;1009,689;Slovenia_2001
Slovenia;2002;977,096;1987,267;1011,168;Slovenia_2002
Slovenia;2003;972,957;1987,862;1016,008;Slovenia_2003
Slovenia;2004;969,669;1990,222;1021,761;Slovenia_2004
Slovenia;2005;967,539;1994,976;1028,742;Slovenia_2005
Slovenia;2006;966,665;2002,43;1037,126;Slovenia_2006
Slovenia;2007;966,833;2012,118;1046,706;Slovenia_2007
Slovenia;2008;967,551;2023,052;1056,987;Slovenia_2008
Slovenia;2009;968,18;2033,804;1067,244;Slovenia_2009
Slovenia;2010;968,215;2043,337;1076,953;Slovenia_2010
Slovenia;2011;967,513;2051,287;1085,923;Slovenia_2011
Slovenia;2012;966,153;2057,823;1094,237;Slovenia_2012
Slovenia;2013;964,206;2063,11;1101,913;Slovenia_2013
Slovenia;2014;961,764;2067,488;1109,081;Slovenia_2014
Slovenia;2015;958,942;2071,199;1115,846;Slovenia_2015
Slovenia;2016;955,396;2074,21;1122,466;Slovenia_2016
Slovenia;2017;951,104;2076,394;1128,872;Slovenia_2017
Slovenia;2018;946,127;2077,837;1135,133;Slovenia_2018
Solomon Islands;2000;347,363;412,66;65,246;Solomon Islands_2000
Solomon Islands;2001;355,185;423,944;68,668;Solomon Islands_2001
Solomon Islands;2002;363,021;435,432;72,241;Solomon Islands_2002
Solomon Islands;2003;370,814;447,017;75,955;Solomon Islands_2003
Solomon Islands;2004;378,516;458,539;79,808;Solomon Islands_2004
Solomon Islands;2005;386,096;469,918;83,789;Solomon Islands_2005
Solomon Islands;2006;393,518;481,078;87,904;Solomon Islands_2006
Solomon Islands;2007;400,788;492,132;92,152;Solomon Islands_2007
Solomon Islands;2008;407,93;503,36;96,547;Solomon Islands_2008
Solomon Islands;2009;414,986;515,181;101,093;Solomon Islands_2009
Solomon Islands;2010;421,98;527,861;105,81;Solomon Islands_2010
Solomon Islands;2011;428,948;541,521;110,666;Solomon Islands_2011
Solomon Islands;2012;435,874;556,063;115,657;Solomon Islands_2012
Solomon Islands;2013;442,735;571,336;120,778;Solomon Islands_2013
Solomon Islands;2014;449,49;587,079;126,014;Solomon Islands_2014
Solomon Islands;2015;456,121;603,118;131,361;Solomon Islands_2015
Solomon Islands;2016;462,611;619,438;136,808;Solomon Islands_2016
Solomon Islands;2017;468,983;636,039;142,36;Solomon Islands_2017
Solomon Islands;2018;475,26;652,857;148,021;Solomon Islands_2018
Somalia;2000;6015,423;8872,254;2996,056;Somalia_2000
Somalia;2001;6167,501;9186,725;3123,322;Somalia_2001
Somalia;2002;6313,307;9501,342;3250,86;Somalia_2002
Somalia;2003;6417,677;9815,412;3418,72;Somalia_2003
Somalia;2004;6521,864;10130,243;3594,364;Somalia_2004
Somalia;2005;6629,975;10446,863;3779,95;Somalia_2005
Somalia;2006;6741,849;10763,905;3976,468;Somalia_2006
Somalia;2007;7240,839;11080,121;3797,757;Somalia_2007
Somalia;2008;7275,093;11397,188;4094,183;Somalia_2008
Somalia;2009;7300,523;11717,692;4407,467;Somalia_2009
Somalia;2010;7315,117;12043,883;4738,106;Somalia_2010
Somalia;2011;7318,788;12376,301;5085,937;Somalia_2011
Somalia;2012;7459,376;12715,503;5304,4;Somalia_2012
Somalia;2013;7601,384;13063,701;5530,965;Somalia_2013
Somalia;2014;7745,889;13423,568;5767,236;Somalia_2014
Somalia;2015;7893,535;13797,201;6014,594;Somalia_2015
Somalia;2016;8044,409;14185,636;6273,587;Somalia_2016
Somalia;2017;8198,119;14589,179;6544,404;Somalia_2017
Somalia;2018;8354,51;15008,226;6827,415;Somalia_2018
South Africa;2000;19713,179;44967,708;26015,136;South Africa_2000
South Africa;2001;19774,867;45571,274;26610,139;South Africa_2001
South Africa;2002;19799,101;46150,913;27227,072;South Africa_2002
South Africa;2003;19800,023;46719,196;27848,704;South Africa_2003
South Africa;2004;19784,966;47291,61;28462,429;South Africa_2004
South Africa;2005;19754,866;47880,601;29065,72;South Africa_2005
South Africa;2006;19707,664;48489,459;29656,918;South Africa_2006
South Africa;2007;19647,368;49119,759;30239,813;South Africa_2007
South Africa;2008;19583,275;49779,471;30828,854;South Africa_2008
South Africa;2009;19528,59;50477,011;31442,228;South Africa_2009
South Africa;2010;19489,852;51216,964;32094,811;South Africa_2010
South Africa;2011;19470,335;52003,755;32793,181;South Africa_2011
South Africa;2012;19465,377;52832,658;33532,836;South Africa_2012
South Africa;2013;19467,489;53687,121;34299,907;South Africa_2013
South Africa;2014;19463,91;54544,186;35075,661;South Africa_2014
South Africa;2015;19446,876;55386,367;35844,349;South Africa_2015
South Africa;2016;19414,491;56207,646;36600,982;South Africa_2016
South Africa;2017;19369,002;57009,756;37348,154;South Africa_2017
South Africa;2018;19311,652;57792,518;38086,769;South Africa_2018
South Sudan;2012;8847,54;10113,649;1970,718;South Sudan_2012
South Sudan;2013;9119,185;10355,035;2058,305;South Sudan_2013
South Sudan;2014;9383,162;10554,88;2147,809;South Sudan_2014
South Sudan;2015;9642,116;10715,658;2240,02;South Sudan_2015
South Sudan;2016;9895,674;10832,518;2335,056;South Sudan_2016
South Sudan;2017;10142,827;10910,763;2432,887;South Sudan_2017
South Sudan;2018;10384,989;10975,927;2534,064;South Sudan_2018
Spain;2000;9709,605;40824,754;31194,106;Spain_2000
Spain;2001;9792,19;41319,427;31599,913;Spain_2001
Spain;2002;9852,597;41919,585;32132,923;Spain_2002
Spain;2003;9904,876;42596,453;32748,53;Spain_2003
Spain;2004;9961,494;43308,345;33390,174;Spain_2004
Spain;2005;10014,136;44019,123;34028,496;Spain_2005
Spain;2006;10062,286;44728,565;34663,246;Spain_2006
Spain;2007;10104,737;45429,076;35289,121;Spain_2007
Spain;2008;10130,511;46068,811;35867,295;Spain_2008
Spain;2009;10127,186;46583,565;36348,886;Spain_2009
Spain;2010;10086,595;46931,015;36702,035;Spain_2010
Spain;2011;10004,441;47084,24;36904,697;Spain_2011
Spain;2012;9886,091;47063,06;36971,313;Spain_2012
Spain;2013;9744,548;46930,555;36953,005;Spain_2013
Spain;2014;9599,224;46777,925;36922,603;Spain_2014
Spain;2015;9464,206;46671,926;36933,458;Spain_2015
Spain;2016;9343,737;46634,14;37003,839;Spain_2016
Spain;2017;9233,918;46647,428;37120,403;Spain_2017
Spain;2018;9130,38;46692,858;37267,072;Spain_2018
Sri Lanka;2000;15329,767;18777,601;3452,171;Sri Lanka_2000
Sri Lanka;2001;15439,7;18911,73;3473,354;Sri Lanka_2001
Sri Lanka;2002;15562,028;19062,482;3497,272;Sri Lanka_2002
Sri Lanka;2003;15692,371;19224,037;3522,936;Sri Lanka_2003
Sri Lanka;2004;15823,764;19387,153;3548,774;Sri Lanka_2004
Sri Lanka;2005;15950,938;19544,988;3573,62;Sri Lanka_2005
Sri Lanka;2006;16072,91;19695,972;3597,241;Sri Lanka_2006
Sri Lanka;2007;16190,874;19842,044;3619,915;Sri Lanka_2007
Sri Lanka;2008;16304,311;19983,984;3641,521;Sri Lanka_2008
Sri Lanka;2009;16413,045;20123,508;3662,041;Sri Lanka_2009
Sri Lanka;2010;16516,926;20261,737;3681,427;Sri Lanka_2010
Sri Lanka;2011;16615,442;20398,497;3699,575;Sri Lanka_2011
Sri Lanka;2012;16708,167;20532,6;3716,388;Sri Lanka_2012
Sri Lanka;2013;16791,684;20663,046;3735,549;Sri Lanka_2013
Sri Lanka;2014;16866,37;20788,511;3757,194;Sri Lanka_2014
Sri Lanka;2015;16932,569;20908,027;3781,471;Sri Lanka_2015
Sri Lanka;2016;16990,083;21021,171;3808,409;Sri Lanka_2016
Sri Lanka;2017;17038,849;21128,032;3838,068;Sri Lanka_2017
Sri Lanka;2018;17079,399;21228,763;3870,642;Sri Lanka_2018
Sudan;2012;23988,926;36193,783;12001,266;Sudan_2012
Sudan;2013;24502,709;37072,55;12347,209;Sudan_2013
Sudan;2014;25024,231;37977,655;12713,682;Sudan_2014
Sudan;2015;25548,489;38902,95;13099,314;Sudan_2015
Sudan;2016;26074,189;39847,439;13504,639;Sudan_2016
Sudan;2017;26602,042;40813,397;13931,288;Sudan_2017
Sudan;2018;27131,309;41801,533;14380,217;Sudan_2018
Suriname;2000;158,514;470,949;313,876;Suriname_2000
Suriname;2001;159,96;476,579;317,78;Suriname_2001
Suriname;2002;161,381;482,235;321,663;Suriname_2002
Suriname;2003;162,79;487,942;325,542;Suriname_2003
Suriname;2004;164,195;493,679;329,435;Suriname_2004
Suriname;2005;166,238;499,464;332,708;Suriname_2005
Suriname;2006;168,365;505,295;335,942;Suriname_2006
Suriname;2007;170,511;511,181;339,194;Suriname_2007
Suriname;2008;172,681;517,123;342,467;Suriname_2008
Suriname;2009;174,867;523,111;345,752;Suriname_2009
Suriname;2010;177,066;529,131;349,037;Suriname_2010
Suriname;2011;179,273;535,179;352,316;Suriname_2011
Suriname;2012;181,489;541,245;355,588;Suriname_2012
Suriname;2013;183,704;547,291;358,836;Suriname_2013
Suriname;2014;185,806;553,273;362,122;Suriname_2014
Suriname;2015;187,781;559,143;365,427;Suriname_2015
Suriname;2016;189,623;564,888;368,745;Suriname_2016
Suriname;2017;191,326;570,496;372,076;Suriname_2017
Suriname;2018;192,884;575,99;375,417;Suriname_2018
Sweden;2000;1418,749;8881,64;7462,891;Sweden_2000
Sweden;2001;1417,317;8897,793;7480,476;Sweden_2001
Sweden;2002;1415,408;8920,71;7505,286;Sweden_2002
Sweden;2003;1414,725;8951,436;7536,697;Sweden_2003
Sweden;2004;1415,35;8990,654;7575,289;Sweden_2004
Sweden;2005;1417,334;9038,623;7621,289;Sweden_2005
Sweden;2006;1416,324;9096,165;7679,94;Sweden_2006
Sweden;2007;1412,213;9162,939;7751,03;Sweden_2007
Sweden;2008;1409,01;9236,428;7827,88;Sweden_2008
Sweden;2009;1406,182;9313,087;7907,296;Sweden_2009
Sweden;2010;1403,234;9390,168;7986,934;Sweden_2010
Sweden;2011;1391,807;9466,71;8074,085;Sweden_2011
Sweden;2012;1371,997;9542,812;8168,91;Sweden_2012
Sweden;2013;1352,261;9618,016;8262,986;Sweden_2013
Sweden;2014;1332,551;9692,131;8356,825;Sweden_2014
Sweden;2015;1312,954;9764,95;8450,611;Sweden_2015
Sweden;2016;1293,399;9836,007;8544,134;Sweden_2016
Sweden;2017;1273,943;9904,896;8636,758;Sweden_2017
Sweden;2018;1254,718;9971,638;8727,991;Sweden_2018
Switzerland;2000;1907,695;7143,761;5259,555;Switzerland_2000
Switzerland;2001;1917,728;7179,169;5284,957;Switzerland_2001
Switzerland;2002;1926,831;7220,377;5317,083;Switzerland_2002
Switzerland;2003;1937,708;7268,359;5354,185;Switzerland_2003
Switzerland;2004;1950,516;7323,737;5396,731;Switzerland_2004
Switzerland;2005;1965,346;7386,816;5444,962;Switzerland_2005
Switzerland;2006;1982,272;7457,958;5499,135;Switzerland_2006
Switzerland;2007;2001,241;7536,982;5559,117;Switzerland_2007
Switzerland;2008;2021,967;7622,821;5624,146;Switzerland_2008
Switzerland;2009;2044,053;7713,898;5693,108;Switzerland_2009
Switzerland;2010;2067,084;7808,675;5764,887;Switzerland_2010
Switzerland;2011;2091,187;7906,992;5839,234;Switzerland_2011
Switzerland;2012;2116,141;8008,012;5915,529;Switzerland_2012
Switzerland;2013;2140,993;8108,878;5991,681;Switzerland_2013
Switzerland;2014;2164,734;8206,002;6064,895;Switzerland_2014
Switzerland;2015;2186,643;8296,775;6133,126;Switzerland_2015
Switzerland;2016;2206,365;8379,917;6195,374;Switzerland_2016
Switzerland;2017;2224,037;8455,804;6251,968;Switzerland_2017
Switzerland;2018;2238,762;8525,611;6305,272;Switzerland_2018
Syrian Arab Republic;2000;7885,963;16410,848;8524,885;Syrian Arab Republic_2000
Syrian Arab Republic;2001;7995,447;16766,561;8771,452;Syrian Arab Republic_2001
Syrian Arab Republic;2002;8085,687;17084,632;9002,214;Syrian Arab Republic_2002
Syrian Arab Republic;2003;8176,604;17415,214;9238,662;Syrian Arab Republic_2003
Syrian Arab Republic;2004;8294,901;17827,825;9511,737;Syrian Arab Republic_2004
Syrian Arab Republic;2005;8455,456;18361,176;9839,155;Syrian Arab Republic_2005
Syrian Arab Republic;2006;8673,211;19059,258;10241,766;Syrian Arab Republic_2006
Syrian Arab Republic;2007;8930,863;19878,254;10701,943;Syrian Arab Republic_2007
Syrian Arab Republic;2008;9171,916;20664,038;11153,527;Syrian Arab Republic_2008
Syrian Arab Republic;2009;9321,767;21205,873;11503,126;Syrian Arab Republic_2009
Syrian Arab Republic;2010;9332,362;21362,529;11686,472;Syrian Arab Republic_2010
Syrian Arab Republic;2011;9476,439;21081,815;11387,554;Syrian Arab Republic_2011
Syrian Arab Republic;2012;9484,477;20438,856;10936,224;Syrian Arab Republic_2012
Syrian Arab Republic;2013;9403,582;19578,461;10405,559;Syrian Arab Republic_2013
Syrian Arab Republic;2014;9313,499;18710,711;9889,591;Syrian Arab Republic_2014
Syrian Arab Republic;2015;8961,409;17997,408;9773,578;Syrian Arab Republic_2015
Syrian Arab Republic;2016;8692,69;17465,575;9737,763;Syrian Arab Republic_2016
Syrian Arab Republic;2017;8495,489;17095,678;9774,379;Syrian Arab Republic_2017
Syrian Arab Republic;2018;8381,17;16945,057;9903,237;Syrian Arab Republic_2018
Tajikistan;2000;4568,853;6216,341;1647,352;Tajikistan_2000
Tajikistan;2001;4650,26;6318,513;1676,865;Tajikistan_2001
Tajikistan;2002;4738,751;6426,867;1708,937;Tajikistan_2002
Tajikistan;2003;4833,576;6541,547;1743,301;Tajikistan_2003
Tajikistan;2004;4933,375;6662,389;1779,466;Tajikistan_2004
Tajikistan;2005;5037,117;6789,321;1817,059;Tajikistan_2005
Tajikistan;2006;5144,561;6922,587;1855,996;Tajikistan_2006
Tajikistan;2007;5256,003;7062,672;1896,382;Tajikistan_2007
Tajikistan;2008;5371,491;7209,93;1938,237;Tajikistan_2008
Tajikistan;2009;5491,198;7364,753;1981,621;Tajikistan_2009
Tajikistan;2010;5615,102;7527,394;2026,528;Tajikistan_2010
Tajikistan;2011;5743,046;7697,51;2072,903;Tajikistan_2011
Tajikistan;2012;5872,805;7874,835;2122,257;Tajikistan_2012
Tajikistan;2013;6003,406;8059,769;2174,403;Tajikistan_2013
Tajikistan;2014;6133,662;8252,833;2229,083;Tajikistan_2014
Tajikistan;2015;6262,55;8454,028;2286,101;Tajikistan_2015
Tajikistan;2016;6389,516;8663,579;2345,435;Tajikistan_2016
Tajikistan;2017;6514,203;8880,268;2407,14;Tajikistan_2017
Tajikistan;2018;6636,026;9100,835;2471,185;Tajikistan_2018
Thailand;2000;43198,106;62952,642;19759,915;Thailand_2000
Thailand;2001;42861,156;63539,196;20682,166;Thailand_2001
Thailand;2002;42458,762;64069,087;21614,402;Thailand_2002
Thailand;2003;41999,085;64549,866;22555,867;Thailand_2003
Thailand;2004;41491,898;64995,299;23510,333;Thailand_2004
Thailand;2005;40948,938;65416,189;24476,532;Thailand_2005
Thailand;2006;40368,169;65812,536;25455,995;Thailand_2006
Thailand;2007;39750,794;66182,067;26444,821;Thailand_2007
Thailand;2008;39101,036;66530,984;27444,724;Thailand_2008
Thailand;2009;38428,419;66866,839;28453,448;Thailand_2009
Thailand;2010;37733,694;67195,028;29475,114;Thailand_2010
Thailand;2011;37345,66;67518,388;30184,47;Thailand_2011
Thailand;2012;37012,171;67835,962;30831,808;Thailand_2012
Thailand;2013;36666,051;68144,518;31477,014;Thailand_2013
Thailand;2014;36300,112;68438,746;32116,66;Thailand_2014
Thailand;2015;35911,92;68714,511;32745,68;Thailand_2015
Thailand;2016;35500,674;68971,308;33362,84;Thailand_2016
Thailand;2017;35071,057;69209,81;33966,456;Thailand_2017
Thailand;2018;34627,095;69428,453;34556,078;Thailand_2018
Timor-Leste;2000;660,127;884,366;211,48;Timor-Leste_2000
Timor-Leste;2001;672,797;901,214;219,734;Timor-Leste_2001
Timor-Leste;2002;693,062;922,694;230,763;Timor-Leste_2002
Timor-Leste;2003;717,348;947,108;243,504;Timor-Leste_2003
Timor-Leste;2004;740,448;971,893;256,25;Timor-Leste_2004
Timor-Leste;2005;759,18;995,135;267,304;Timor-Leste_2005
Timor-Leste;2006;772,061;1016,432;276,56;Timor-Leste_2006
Timor-Leste;2007;780,526;1036,392;284,447;Timor-Leste_2007
Timor-Leste;2008;786,501;1055,431;291,609;Timor-Leste_2008
Timor-Leste;2009;792,93;1074,277;299,091;Timor-Leste_2009
Timor-Leste;2010;801,874;1093,523;307,717;Timor-Leste_2010
Timor-Leste;2011;813,805;1113,151;317,718;Timor-Leste_2011
Timor-Leste;2012;827,913;1132,994;328,847;Timor-Leste_2012
Timor-Leste;2013;843,513;1153,294;340,853;Timor-Leste_2013
Timor-Leste;2014;859,479;1174,331;353,335;Timor-Leste_2014
Timor-Leste;2015;875,011;1196,302;365,966;Timor-Leste_2015
Timor-Leste;2016;889,974;1219,288;378,697;Timor-Leste_2016
Timor-Leste;2017;904,669;1243,258;391,642;Timor-Leste_2017
Timor-Leste;2018;919,214;1267,974;404,88;Timor-Leste_2018
Togo;2000;3334,778;4924,402;1635,589;Togo_2000
Togo;2001;3406,691;5062,567;1705,079;Togo_2001
Togo;2002;3476,016;5197,031;1775,456;Togo_2002
Togo;2003;3544,063;5330,639;1847,338;Togo_2003
Togo;2004;3612,772;5467,766;1921,826;Togo_2004
Togo;2005;3683,622;5611,64;1999,646;Togo_2005
Togo;2006;3756,669;5762,88;2081,123;Togo_2006
Togo;2007;3831,357;5920,359;2166,028;Togo_2007
Togo;2008;3907,407;6083,42;2254,389;Togo_2008
Togo;2009;3984,514;6250,835;2345,958;Togo_2009
Togo;2010;4062,203;6421,679;2440,749;Togo_2010
Togo;2011;4139,026;6595,943;2540,256;Togo_2011
Togo;2012;4215,435;6773,809;2644,047;Togo_2012
Togo;2013;4291,901;6954,722;2751,047;Togo_2013
Togo;2014;4367,759;7138,0;2861,156;Togo_2014
Togo;2015;4442,664;7323,158;2974,138;Togo_2015
Togo;2016;4516,059;7509,951;3090,315;Togo_2016
Togo;2017;4588,034;7698,474;3209,66;Togo_2017
Togo;2018;4658,578;7889,093;3332,348;Togo_2018
Tonga;2000;75,511;97,973;22,571;Tonga_2000
Tonga;2001;75,89;98,487;22,721;Tonga_2001
Tonga;2002;76,303;99,022;22,881;Tonga_2002
Tonga;2003;76,74;99,589;23,049;Tonga_2003
Tonga;2004;77,185;100,218;23,221;Tonga_2004
Tonga;2005;77,645;100,905;23,396;Tonga_2005
Tonga;2006;78,113;101,706;23,576;Tonga_2006
Tonga;2007;78,582;102,581;23,775;Tonga_2007
Tonga;2008;79,024;103,379;23,981;Tonga_2008
Tonga;2009;79,428;103,89;24,176;Tonga_2009
Tonga;2010;79,78;103,986;24,357;Tonga_2010
Tonga;2011;80,061;103,562;24,516;Tonga_2011
Tonga;2012;80,356;102,737;24,595;Tonga_2012
Tonga;2013;80,701;101,768;24,627;Tonga_2013
Tonga;2014;81,105;101,028;24,677;Tonga_2014
Tonga;2015;81,608;100,781;24,756;Tonga_2015
Tonga;2016;82,246;101,133;24,876;Tonga_2016
Tonga;2017;82,993;101,998;25,027;Tonga_2017
Tonga;2018;83,793;103,197;25,215;Tonga_2018
Trinidad and Tobago;2000;559,116;1267,153;708,868;Trinidad and Tobago_2000
Trinidad and Tobago;2001;563,436;1271,632;708,944;Trinidad and Tobago_2001
Trinidad and Tobago;2002;568,249;1277,213;709,588;Trinidad and Tobago_2002
Trinidad and Tobago;2003;573,423;1283,559;710,629;Trinidad and Tobago_2003
Trinidad and Tobago;2004;578,746;1290,123;711,789;Trinidad and Tobago_2004
Trinidad and Tobago;2005;584,051;1296,502;712,883;Trinidad and Tobago_2005
Trinidad and Tobago;2006;589,3;1302,561;713,844;Trinidad and Tobago_2006
Trinidad and Tobago;2007;594,531;1308,451;714,729;Trinidad and Tobago_2007
Trinidad and Tobago;2008;599,788;1314,443;715,584;Trinidad and Tobago_2008
Trinidad and Tobago;2009;605,125;1320,93;716,493;Trinidad and Tobago_2009
Trinidad and Tobago;2010;610,599;1328,147;717,501;Trinidad and Tobago_2010
Trinidad and Tobago;2011;616,193;1336,178;718,595;Trinidad and Tobago_2011
Trinidad and Tobago;2012;621,549;1344,819;720,039;Trinidad and Tobago_2012
Trinidad and Tobago;2013;626,536;1353,703;721,712;Trinidad and Tobago_2013
Trinidad and Tobago;2014;631,023;1362,345;723,47;Trinidad and Tobago_2014
Trinidad and Tobago;2015;634,898;1370,328;725,194;Trinidad and Tobago_2015
Trinidad and Tobago;2016;638,115;1377,56;726,847;Trinidad and Tobago_2016
Trinidad and Tobago;2017;640,679;1384,059;728,446;Trinidad and Tobago_2017
Trinidad and Tobago;2018;642,593;1389,843;730,005;Trinidad and Tobago_2018
Tunisia;2000;3546,812;9708,35;6152,385;Tunisia_2000
Tunisia;2001;3540,69;9793,903;6245,011;Tunisia_2001
Tunisia;2002;3531,202;9871,251;6333,124;Tunisia_2002
Tunisia;2003;3520,132;9945,277;6419,546;Tunisia_2003
Tunisia;2004;3511,132;10022,277;6506,469;Tunisia_2004
Tunisia;2005;3511,889;10106,771;6590,593;Tunisia_2005
Tunisia;2006;3515,255;10201,214;6680,881;Tunisia_2006
Tunisia;2007;3521,038;10304,726;6777,049;Tunisia_2007
Tunisia;2008;3528,791;10414,433;6878,545;Tunisia_2008
Tunisia;2009;3537,891;10525,694;6983,943;Tunisia_2009
Tunisia;2010;3547,627;10635,244;7092,304;Tunisia_2010
Tunisia;2011;3557,963;10741,88;7203,504;Tunisia_2011
Tunisia;2012;3568,906;10847,002;7317,762;Tunisia_2012
Tunisia;2013;3580,242;10952,951;7434,316;Tunisia_2013
Tunisia;2014;3591,431;11063,201;7552,477;Tunisia_2014
Tunisia;2015;3601,278;11179,949;7672,383;Tunisia_2015
Tunisia;2016;3609,591;11303,945;7793,657;Tunisia_2016
Tunisia;2017;3616,197;11433,443;7915,93;Tunisia_2017
Tunisia;2018;3620,748;11565,201;8038,426;Tunisia_2018
Turkey;2000;22297,793;63240,194;40942,328;Turkey_2000
Turkey;2001;22248,58;64192,243;41942,894;Turkey_2001
Turkey;2002;22165,676;65145,367;42977,378;Turkey_2002
Turkey;2003;22071,506;66089,402;44014,297;Turkey_2003
Turkey;2004;21962,05;67010,93;45045,805;Turkey_2004
Turkey;2005;21837,813;67903,469;46065,593;Turkey_2005
Turkey;2006;21694,98;68756,81;47068,425;Turkey_2006
Turkey;2007;21537,953;69581,848;48059,328;Turkey_2007
Turkey;2008;21377,504;70418,604;49062,528;Turkey_2008
Turkey;2009;21229,6;71321,399;50109,585;Turkey_2009
Turkey;2010;21101,166;72326,988;51225,748;Turkey_2010
Turkey;2011;20993,291;73443,25;52416,164;Turkey_2011
Turkey;2012;20899,302;74651,05;53670,565;Turkey_2012
Turkey;2013;20818,043;75925,462;54969,29;Turkey_2013
Turkey;2014;20738,821;77229,256;56291,807;Turkey_2014
Turkey;2015;20654,742;78529,409;57616,73;Turkey_2015
Turkey;2016;20566,91;79827,871;58945,516;Turkey_2016
Turkey;2017;20473,563;81116,45;60271,457;Turkey_2017
Turkey;2018;20362,183;82340,088;61554,688;Turkey_2018
Turkmenistan;2000;2442,622;4516,133;2073,509;Turkmenistan_2000
Turkmenistan;2001;2458,33;4564,083;2105,75;Turkmenistan_2001
Turkmenistan;2002;2472,713;4610,005;2137,289;Turkmenistan_2002
Turkmenistan;2003;2486,786;4655,743;2168,955;Turkmenistan_2003
Turkmenistan;2004;2501,652;4703,401;2201,746;Turkmenistan_2004
Turkmenistan;2005;2517,482;4754,646;2237,159;Turkmenistan_2005
Turkmenistan;2006;2534,518;4810,109;2275,587;Turkmenistan_2006
Turkmenistan;2007;2552,898;4870,141;2317,239;Turkmenistan_2007
Turkmenistan;2008;2573,093;4935,767;2362,669;Turkmenistan_2008
Turkmenistan;2009;2595,53;5007,954;2412,42;Turkmenistan_2009
Turkmenistan;2010;2620,378;5087,213;2466,832;Turkmenistan_2010
Turkmenistan;2011;2647,803;5174,085;2526,258;Turkmenistan_2011
Turkmenistan;2012;2677,355;5267,9;2590,484;Turkmenistan_2012
Turkmenistan;2013;2707,779;5366,378;2658,498;Turkmenistan_2013
Turkmenistan;2014;2737,414;5466,328;2728,827;Turkmenistan_2014
Turkmenistan;2015;2764,99;5565,287;2800,294;Turkmenistan_2015
Turkmenistan;2016;2790,057;5662,368;2872,487;Turkmenistan_2016
Turkmenistan;2017;2812,629;5757,667;2945,446;Turkmenistan_2017
Turkmenistan;2018;2832,499;5850,901;3018,967;Turkmenistan_2018
Tuvalu;2000;5,085;9,394;4,335;Tuvalu_2000
Tuvalu;2001;5,096;9,484;4,416;Tuvalu_2001
Tuvalu;2002;5,122;9,596;4,513;Tuvalu_2002
Tuvalu;2003;5,112;9,726;4,655;Tuvalu_2003
Tuvalu;2004;5,078;9,869;4,816;Tuvalu_2004
Tuvalu;2005;5,044;10,0;4,983;Tuvalu_2005
Tuvalu;2006;4,995;10,12;5,142;Tuvalu_2006
Tuvalu;2007;4,943;10,221;5,3;Tuvalu_2007
Tuvalu;2008;4,884;10,314;5,456;Tuvalu_2008
Tuvalu;2009;4,826;10,424;5,615;Tuvalu_2009
Tuvalu;2010;4,76;10,53;5,771;Tuvalu_2010
Tuvalu;2011;4,697;10,633;5,931;Tuvalu_2011
Tuvalu;2012;4,632;10,739;6,093;Tuvalu_2012
Tuvalu;2013;4,564;10,857;6,255;Tuvalu_2013
Tuvalu;2014;4,496;10,972;6,412;Tuvalu_2014
Tuvalu;2015;4,43;11,099;6,571;Tuvalu_2015
Tuvalu;2016;4,367;11,225;6,73;Tuvalu_2016
Tuvalu;2017;4,306;11,37;6,886;Tuvalu_2017
Tuvalu;2018;4,245;11,508;7,042;Tuvalu_2018
Uganda;2000;20484,903;23650,172;3554,371;Uganda_2000
Uganda;2001;21076,726;24388,968;3778,166;Uganda_2001
Uganda;2002;21699,29;25167,257;4018,758;Uganda_2002
Uganda;2003;22348,557;25980,552;4276,263;Uganda_2003
Uganda;2004;23017,847;26821,297;4550,589;Uganda_2004
Uganda;2005;23702,764;27684,585;4841,176;Uganda_2005
Uganda;2006;24401,496;28571,475;5149,166;Uganda_2006
Uganda;2007;25115,006;29486,338;5475,481;Uganda_2007
Uganda;2008;25842,671;30431,736;5821,225;Uganda_2008
Uganda;2009;26585,117;31411,096;6186,778;Uganda_2009
Uganda;2010;27341,361;32428,167;6573,772;Uganda_2010
Uganda;2011;28110,753;33476,772;6982,895;Uganda_2011
Uganda;2012;28891,6;34558,704;7415,196;Uganda_2012
Uganda;2013;29683,1;35694,519;7870,626;Uganda_2013
Uganda;2014;30482,665;36911,523;8350,673;Uganda_2014
Uganda;2015;31289,039;38225,453;8855,831;Uganda_2015
Uganda;2016;32101,656;39649,166;9386,309;Uganda_2016
Uganda;2017;32920,646;41166,588;9942,312;Uganda_2017
Uganda;2018;33745,48;42729,036;10525,083;Uganda_2018
Ukraine;2000;16046,507;48838,065;32793,567;Ukraine_2000
Ukraine;2001;15884,189;48401,656;32518,696;Ukraine_2001
Ukraine;2002;15697,688;47980,039;32281,904;Ukraine_2002
Ukraine;2003;15498,315;47582,461;32082,244;Ukraine_2003
Ukraine;2004;15299,601;47217,493;31916,365;Ukraine_2004
Ukraine;2005;15103,966;46890,772;31788,197;Ukraine_2005
Ukraine;2006;14931,773;46607,395;31684,616;Ukraine_2006
Ukraine;2007;14775,381;46366,353;31610,974;Ukraine_2007
Ukraine;2008;14629,477;46158,711;31556,953;Ukraine_2008
Ukraine;2009;14487,124;45970,941;31506,9;Ukraine_2009
Ukraine;2010;14380,838;45792,09;31411,663;Ukraine_2010
Ukraine;2011;14270,405;45619,844;31305,902;Ukraine_2011
Ukraine;2012;14157,02;45453,806;31192,313;Ukraine_2012
Ukraine;2013;14042,196;45286,983;31073,589;Ukraine_2013
Ukraine;2014;13928,187;45111,532;30955,239;Ukraine_2014
Ukraine;2015;13816,73;44921,639;30840,974;Ukraine_2015
Ukraine;2016;13707,753;44713,702;30730,872;Ukraine_2016
Ukraine;2017;13600,408;44487,709;30622,539;Ukraine_2017
Ukraine;2018;13487,744;44246,156;30521,47;Ukraine_2018
United Arab Emirates;2000;623,527;3134,062;2531,398;United Arab Emirates_2000
United Arab Emirates;2001;643,432;3302,719;2682,6;United Arab Emirates_2001
United Arab Emirates;2002;664,034;3478,777;2843,198;United Arab Emirates_2002
United Arab Emirates;2003;693,304;3711,932;3048,628;United Arab Emirates_2003
United Arab Emirates;2004;741,096;4068,57;3346,835;United Arab Emirates_2004
United Arab Emirates;2005;812,302;4588,225;3767,26;United Arab Emirates_2005
United Arab Emirates;2006;909,617;5300,174;4332,415;United Arab Emirates_2006
United Arab Emirates;2007;1026,131;6168,838;5017,936;United Arab Emirates_2007
United Arab Emirates;2008;1145,328;7089,487;5748,95;United Arab Emirates_2008
United Arab Emirates;2009;1246,392;7917,372;6420,001;United Arab Emirates_2009
United Arab Emirates;2010;1316,091;8549,988;6954,593;United Arab Emirates_2010
United Arab Emirates;2011;1350,919;8946,777;7321,556;United Arab Emirates_2011
United Arab Emirates;2012;1357,387;9141,596;7543,066;United Arab Emirates_2012
United Arab Emirates;2013;1344,955;9197,91;7661,308;United Arab Emirates_2013
United Arab Emirates;2014;1326,639;9214,175;7744,228;United Arab Emirates_2014
United Arab Emirates;2015;1311,419;9262,9;7842,883;United Arab Emirates_2015
United Arab Emirates;2016;1300,961;9360,98;7968,651;United Arab Emirates_2016
United Arab Emirates;2017;1292,709;9487,203;8107,436;United Arab Emirates_2017
United Arab Emirates;2018;1285,972;9630,959;8255,643;United Arab Emirates_2018
United Kingdom of Great Britain and Northern Ireland;2000;12585,414;58923,309;46365,434;United Kingdom of Great Britain and Northern Ireland_2000
United Kingdom of Great Britain and Northern Ireland;2001;12568,459;59124,288;46580,884;United Kingdom of Great Britain and Northern Ireland_2001
United Kingdom of Great Britain and Northern Ireland;2002;12435,493;59326,294;46913,46;United Kingdom of Great Britain and Northern Ireland_2002
United Kingdom of Great Britain and Northern Ireland;2003;12309,693;59561,432;47270,529;United Kingdom of Great Britain and Northern Ireland_2003
United Kingdom of Great Britain and Northern Ireland;2004;12198,913;59872,753;47685,215;United Kingdom of Great Britain and Northern Ireland_2004
United Kingdom of Great Britain and Northern Ireland;2005;12108,499;60287,954;48178,255;United Kingdom of Great Britain and Northern Ireland_2005
United Kingdom of Great Britain and Northern Ireland;2006;12039,836;60821,356;48762,965;United Kingdom of Great Britain and Northern Ireland_2006
United Kingdom of Great Britain and Northern Ireland;2007;11988,805;61455,162;49425,855;United Kingdom of Great Britain and Northern Ireland_2007
United Kingdom of Great Britain and Northern Ireland;2008;11945,543;62145,097;50130,678;United Kingdom of Great Britain and Northern Ireland_2008
United Kingdom of Great Britain and Northern Ireland;2009;11898,094;62828,616;50824,513;United Kingdom of Great Britain and Northern Ireland_2009
United Kingdom of Great Britain and Northern Ireland;2010;11837,146;63459,808;51469,697;United Kingdom of Great Britain and Northern Ireland_2010
United Kingdom of Great Britain and Northern Ireland;2011;11760,347;64021,919;52051,535;United Kingdom of Great Britain and Northern Ireland_2011
United Kingdom of Great Britain and Northern Ireland;2012;11669,597;64525,312;52580,733;United Kingdom of Great Britain and Northern Ireland_2012
United Kingdom of Great Britain and Northern Ireland;2013;11569,344;64984,018;53071,766;United Kingdom of Great Britain and Northern Ireland_2013
United Kingdom of Great Britain and Northern Ireland;2014;11465,34;65423,047;53550,346;United Kingdom of Great Britain and Northern Ireland_2014
United Kingdom of Great Britain and Northern Ireland;2015;11361,769;65860,146;54035,311;United Kingdom of Great Britain and Northern Ireland_2015
United Kingdom of Great Britain and Northern Ireland;2016;11259,199;66297,944;54529,375;United Kingdom of Great Britain and Northern Ireland_2016
United Kingdom of Great Britain and Northern Ireland;2017;11156,164;66727,461;55025,421;United Kingdom of Great Britain and Northern Ireland_2017
United Kingdom of Great Britain and Northern Ireland;2018;11052,278;67141,684;55521,226;United Kingdom of Great Britain and Northern Ireland_2018
United Republic of Tanzania;2000;26553,317;33499,18;7624,725;United Republic of Tanzania_2000
United Republic of Tanzania;2001;27154,582;34385,856;7962,437;United Republic of Tanzania_2001
United Republic of Tanzania;2002;27785,622;35334,788;8320,186;United Republic of Tanzania_2002
United Republic of Tanzania;2003;28377,799;36337,782;8771,273;United Republic of Tanzania_2003
United Republic of Tanzania;2004;28984,506;37379,767;9265,478;United Republic of Tanzania_2004
United Republic of Tanzania;2005;29619,018;38450,32;9791,527;United Republic of Tanzania_2005
United Republic of Tanzania;2006;30282,031;39548,663;10352,917;United Republic of Tanzania_2006
United Republic of Tanzania;2007;30972,693;40681,414;10951,022;United Republic of Tanzania_2007
United Republic of Tanzania;2008;31684,102;41853,944;11586,042;United Republic of Tanzania_2008
United Republic of Tanzania;2009;32408,679;43073,834;12255,552;United Republic of Tanzania_2009
United Republic of Tanzania;2010;33138,622;44346,525;12959,969;United Republic of Tanzania_2010
United Republic of Tanzania;2011;33871,494;45673,512;13699,408;United Republic of Tanzania_2011
United Republic of Tanzania;2012;34606,978;47053,03;14476,019;United Republic of Tanzania_2012
United Republic of Tanzania;2013;35346,511;48483,129;15290,084;United Republic of Tanzania_2013
United Republic of Tanzania;2014;36092,092;49960,561;16142,777;United Republic of Tanzania_2014
United Republic of Tanzania;2015;36844,744;51482,633;17035,213;United Republic of Tanzania_2015
United Republic of Tanzania;2016;37603,765;53049,23;17968,436;United Republic of Tanzania_2016
United Republic of Tanzania;2017;38367,191;54660,339;18942,828;United Republic of Tanzania_2017
United Republic of Tanzania;2018;39132,847;56313,438;19958,545;United Republic of Tanzania_2018
United States of America;2000;59054,865;281710,909;222927,913;United States of America_2000
United States of America;2001;59153,827;284607,993;225698,564;United States of America_2001
United States of America;2002;59200,835;287279,318;228306,012;United States of America_2002
United States of America;2003;59214,43;289815,562;230813,194;United States of America_2003
United States of America;2004;59219,92;292354,658;233319,404;United States of America_2004
United States of America;2005;59237,094;294993,511;235892,407;United States of America_2005
United States of America;2006;59269,355;297758,969;238558,001;United States of America_2006
United States of America;2007;59309,491;300608,429;241285,684;United States of America_2007
United States of America;2008;59345,012;303486,012;244029,055;United States of America_2008
United States of America;2009;59361,054;306307,567;246715,308;United States of America_2009
United States of America;2010;59344,315;309011,475;249297,076;United States of America_2010
United States of America;2011;59275,426;311584,047;251775,947;United States of America_2011
United States of America;2012;59160,759;314043,885;254174,664;United States of America_2012
United States of America;2013;59009,166;316400,538;256527,51;United States of America_2013
United States of America;2014;58833,036;318673,411;258885,743;United States of America_2014
United States of America;2015;58641,351;320878,31;261287,811;United States of America_2015
United States of America;2016;58436,293;323015,995;263743,312;United States of America_2016
United States of America;2017;58215,947;325084,756;266243,516;United States of America_2017
United States of America;2018;57980,034;327096,265;268786,714;United States of America_2018
Uruguay;2000;264,771;3319,736;3056,474;Uruguay_2000
Uruguay;2001;256,09;3325,473;3071,013;Uruguay_2001
Uruguay;2002;247,27;3326,04;3080,503;Uruguay_2002
Uruguay;2003;238,529;3323,668;3087,108;Uruguay_2003
Uruguay;2004;230,105;3321,476;3093,991;Uruguay_2004
Uruguay;2005;222,183;3321,803;3103,429;Uruguay_2005
Uruguay;2006;214,756;3325,401;3116,287;Uruguay_2006
Uruguay;2007;207,762;3331,749;3131,979;Uruguay_2007
Uruguay;2008;201,11;3340,221;3149,714;Uruguay_2008
Uruguay;2009;194,722;3349,676;3168,033;Uruguay_2009
Uruguay;2010;188,495;3359,275;3185,92;Uruguay_2010
Uruguay;2011;182,426;3368,934;3203,198;Uruguay_2011
Uruguay;2012;178,688;3378,975;3218,089;Uruguay_2012
Uruguay;2013;175,741;3389,443;3232,264;Uruguay_2013
Uruguay;2014;172,847;3400,436;3246,699;Uruguay_2014
Uruguay;2015;170,019;3412,009;3261,533;Uruguay_2015
Uruguay;2016;167,249;3424,129;3276,757;Uruguay_2016
Uruguay;2017;164,541;3436,641;3292,209;Uruguay_2017
Uruguay;2018;161,889;3449,285;3307,662;Uruguay_2018
Uzbekistan;2000;13387,219;24769,955;11461,701;Uzbekistan_2000
Uzbekistan;2001;13449,101;25108,563;11739,426;Uzbekistan_2001
Uzbekistan;2002;13498,784;25431,122;12013,092;Uzbekistan_2002
Uzbekistan;2003;13542,816;25749,101;12287,843;Uzbekistan_2003
Uzbekistan;2004;13589,132;26077,607;12571,194;Uzbekistan_2004
Uzbekistan;2005;13643,936;26427,789;12868,248;Uzbekistan_2005
Uzbekistan;2006;13708,459;26804,072;13181,804;Uzbekistan_2006
Uzbekistan;2007;13781,409;27204,711;13510,966;Uzbekistan_2007
Uzbekistan;2008;13860,93;27626,982;13854,895;Uzbekistan_2008
Uzbekistan;2009;13944,661;28065,466;14210,645;Uzbekistan_2009
Uzbekistan;2010;14029,623;28515,909;14576,671;Uzbekistan_2010
Uzbekistan;2011;14199,705;28977,01;14868,519;Uzbekistan_2011
Uzbekistan;2012;14460,143;29449,413;15080,676;Uzbekistan_2012
Uzbekistan;2013;14724,547;29932,631;15295,187;Uzbekistan_2013
Uzbekistan;2014;14990,427;30426,388;15509,191;Uzbekistan_2014
Uzbekistan;2015;15255,556;30929,557;15720,465;Uzbekistan_2015
Uzbekistan;2016;15518,905;31441,751;15927,89;Uzbekistan_2016
Uzbekistan;2017;15779,684;31959,785;16130,957;Uzbekistan_2017
Uzbekistan;2018;16027,774;32476,244;16337,222;Uzbekistan_2018
Vanuatu;2000;144,954;184,972;40,109;Vanuatu_2000
Vanuatu;2001;147,736;189,219;41,554;Vanuatu_2001
Vanuatu;2002;150,829;193,92;43,127;Vanuatu_2002
Vanuatu;2003;154,156;198,959;44,808;Vanuatu_2003
Vanuatu;2004;157,581;204,127;46,562;Vanuatu_2004
Vanuatu;2005;161,008;209,282;48,362;Vanuatu_2005
Vanuatu;2006;164,428;214,37;50,206;Vanuatu_2006
Vanuatu;2007;167,853;219,472;52,1;Vanuatu_2007
Vanuatu;2008;171,291;224,704;54,049;Vanuatu_2008
Vanuatu;2009;174,737;230,247;56,048;Vanuatu_2009
Vanuatu;2010;178,493;236,211;57,802;Vanuatu_2010
Vanuatu;2011;182,465;242,653;59,406;Vanuatu_2011
Vanuatu;2012;186,453;249,499;61,032;Vanuatu_2012
Vanuatu;2013;190,463;256,635;62,679;Vanuatu_2013
Vanuatu;2014;194,498;263,888;64,352;Vanuatu_2014
Vanuatu;2015;198,555;271,13;66,048;Vanuatu_2015
Vanuatu;2016;202,634;278,33;67,768;Vanuatu_2016
Vanuatu;2017;206,733;285,51;69,511;Vanuatu_2017
Vanuatu;2018;210,816;292,68;71,301;Vanuatu_2018
Venezuela (Bolivarian Republic of);2000;3046,475;24192,446;21441,865;Venezuela (Bolivarian Republic of)_2000
Venezuela (Bolivarian Republic of);2001;3031,24;24646,472;21917,236;Venezuela (Bolivarian Republic of)_2001
Venezuela (Bolivarian Republic of);2002;3080,534;25100,408;22328,166;Venezuela (Bolivarian Republic of)_2002
Venezuela (Bolivarian Republic of);2003;3129,553;25551,624;22738,97;Venezuela (Bolivarian Republic of)_2003
Venezuela (Bolivarian Republic of);2004;3178,2;25996,594;23149,025;Venezuela (Bolivarian Republic of)_2004
Venezuela (Bolivarian Republic of);2005;3226,428;26432,447;23557,733;Venezuela (Bolivarian Republic of)_2005
Venezuela (Bolivarian Republic of);2006;3274,191;26850,194;23964,977;Venezuela (Bolivarian Republic of)_2006
Venezuela (Bolivarian Republic of);2007;3321,466;27247,61;24370,499;Venezuela (Bolivarian Republic of)_2007
Venezuela (Bolivarian Republic of);2008;3368,145;27635,832;24773,556;Venezuela (Bolivarian Republic of)_2008
Venezuela (Bolivarian Republic of);2009;3414,135;28031,009;25173,188;Venezuela (Bolivarian Republic of)_2009
Venezuela (Bolivarian Republic of);2010;3459,313;28439,94;25568,72;Venezuela (Bolivarian Republic of)_2010
Venezuela (Bolivarian Republic of);2011;3503,631;28887,874;25959,66;Venezuela (Bolivarian Republic of)_2011
Venezuela (Bolivarian Republic of);2012;3550,466;29360,837;26342,614;Venezuela (Bolivarian Republic of)_2012
Venezuela (Bolivarian Republic of);2013;3597,718;29781,04;26720,13;Venezuela (Bolivarian Republic of)_2013
Venezuela (Bolivarian Republic of);2014;3644,375;30042,968;27094,003;Venezuela (Bolivarian Republic of)_2014
Venezuela (Bolivarian Republic of);2015;3690,499;30081,829;27464,635;Venezuela (Bolivarian Republic of)_2015
Venezuela (Bolivarian Republic of);2016;3736,094;29851,255;27832,085;Venezuela (Bolivarian Republic of)_2016
Venezuela (Bolivarian Republic of);2017;3778,814;29402,484;28198,251;Venezuela (Bolivarian Republic of)_2017
Venezuela (Bolivarian Republic of);2018;3818,502;28887,118;28562,719;Venezuela (Bolivarian Republic of)_2018
Viet Nam;2000;60716,972;79910,412;19568,59;Viet Nam_2000
Viet Nam;2001;60905,689;80742,499;20234,23;Viet Nam_2001
Viet Nam;2002;61048,895;81534,407;20907,601;Viet Nam_2002
Viet Nam;2003;61156,846;82301,656;21590,816;Viet Nam_2003
Viet Nam;2004;61239,621;83062,821;22288,057;Viet Nam_2004
Viet Nam;2005;61308,288;83832,661;23000,555;Viet Nam_2005
Viet Nam;2006;61363,16;84617,54;23731,457;Viet Nam_2006
Viet Nam;2007;61408,016;85419,591;24481,574;Viet Nam_2007
Viet Nam;2008;61451,799;86243,413;25256,002;Viet Nam_2008
Viet Nam;2009;61504,167;87092,252;26061,24;Viet Nam_2009
Viet Nam;2010;61561,816;87967,651;26910,696;Viet Nam_2010
Viet Nam;2011;61639,703;88871,38;27796,941;Viet Nam_2011
Viet Nam;2012;61731,739;89801,926;28720,142;Viet Nam_2012
Viet Nam;2013;61825,502;90752,592;29672,223;Viet Nam_2013
Viet Nam;2014;61898,224;91713,848;30646,691;Viet Nam_2014
Viet Nam;2015;61936,198;92677,076;31635,369;Viet Nam_2015
Viet Nam;2016;61933,285;93640,422;32635,787;Viet Nam_2016
Viet Nam;2017;61898,302;94600,648;33642,498;Viet Nam_2017
Viet Nam;2018;61832,185;95545,962;34658,961;Viet Nam_2018
Yemen;2000;13179,604;17409,072;4695,121;Yemen_2000
Yemen;2001;13463,94;17918,373;4926,195;Yemen_2001
Yemen;2002;13751,457;18443,691;5167,722;Yemen_2002
Yemen;2003;14042,142;18985,0;5419,944;Yemen_2003
Yemen;2004;14334,252;19540,098;5682,816;Yemen_2004
Yemen;2005;14627,103;20107,409;5955,824;Yemen_2005
Yemen;2006;14920,358;20687,646;6240,176;Yemen_2006
Yemen;2007;15215,074;21282,515;6536,531;Yemen_2007
Yemen;2008;15511,106;21892,146;6845,285;Yemen_2008
Yemen;2009;15808,153;22516,46;7166,776;Yemen_2009
Yemen;2010;16105,593;23154,855;7501,186;Yemen_2010
Yemen;2011;16403,293;23807,588;7848,913;Yemen_2011
Yemen;2012;16700,108;24473,178;8209,861;Yemen_2012
Yemen;2013;16993,264;25147,109;8583,058;Yemen_2013
Yemen;2014;17279,298;25823,485;8967,029;Yemen_2014
Yemen;2015;17555,636;26497,889;9360,571;Yemen_2015
Yemen;2016;17821,118;27168,208;9763,095;Yemen_2016
Yemen;2017;18075,808;27834,819;10174,612;Yemen_2017
Yemen;2018;18320,024;28498,683;10595,26;Yemen_2018
Zambia;2000;6866,093;10415,944;3665,128;Zambia_2000
Zambia;2001;7035,435;10692,193;3788,69;Zambia_2001
Zambia;2002;7175,419;10971,698;3944,99;Zambia_2002
Zambia;2003;7315,663;11256,743;4106,321;Zambia_2003
Zambia;2004;7457,838;11550,642;4273,908;Zambia_2004
Zambia;2005;7603,597;11856,247;4448,559;Zambia_2005
Zambia;2006;7752,68;12173,514;4630,766;Zambia_2006
Zambia;2007;7905,217;12502,958;4820,757;Zambia_2007
Zambia;2008;8062,65;12848,53;5019,867;Zambia_2008
Zambia;2009;8227,067;13215,139;5229,35;Zambia_2009
Zambia;2010;8399,366;13605,984;5450,667;Zambia_2010
Zambia;2011;8580,164;14023,203;5684,592;Zambia_2011
Zambia;2012;8767,868;14465,15;5932,069;Zambia_2012
Zambia;2013;8960,891;14926,544;6192,319;Zambia_2013
Zambia;2014;9156,664;15399,788;6464,31;Zambia_2014
Zambia;2015;9353,351;15879,361;6747,236;Zambia_2015
Zambia;2016;9550,308;16363,458;7041,082;Zambia_2016
Zambia;2017;9747,709;16853,599;7346,421;Zambia_2017
Zambia;2018;9945,501;17351,708;7663,677;Zambia_2018
Zimbabwe;2000;8096,262;11881,477;4125,989;Zimbabwe_2000
Zimbabwe;2001;8140,63;11923,914;4225,535;Zimbabwe_2001
Zimbabwe;2002;8177,189;11954,29;4323,336;Zimbabwe_2002
Zimbabwe;2003;8277,834;11982,224;4356,063;Zimbabwe_2003
Zimbabwe;2004;8395,569;12019,912;4381,942;Zimbabwe_2004
Zimbabwe;2005;8526,166;12076,699;4413,866;Zimbabwe_2005
Zimbabwe;2006;8671,68;12155,491;4452,587;Zimbabwe_2006
Zimbabwe;2007;8831,989;12255,922;4497,92;Zimbabwe_2007
Zimbabwe;2008;9008,248;12379,549;4550,221;Zimbabwe_2008
Zimbabwe;2009;9200,909;12526,968;4609,69;Zimbabwe_2009
Zimbabwe;2010;9410,211;12697,723;4676,106;Zimbabwe_2010
Zimbabwe;2011;9636,932;12894,322;4749,717;Zimbabwe_2011
Zimbabwe;2012;9880,721;13115,15;4830,105;Zimbabwe_2012
Zimbabwe;2013;10138,667;13350,373;4915,839;Zimbabwe_2013
Zimbabwe;2014;10402,274;13586,707;5009,401;Zimbabwe_2014
Zimbabwe;2015;10667,966;13814,629;5109,485;Zimbabwe_2015
Zimbabwe;2016;10934,468;14030,331;5215,894;Zimbabwe_2016
Zimbabwe;2017;11201,138;14236,595;5328,766;Zimbabwe_2017
Zimbabwe;2018;11465,748;14438,802;5447,513;Zimbabwe_2018
