country;year;basic_pct_rural;basic_pct_total;basic_pct_urban;safely_managed_pct_rural;safely_managed_pct_total;safely_managed_pct_urban;country_year;pop_rural;pop_total;pop_urban;political_stability;region;wash_mortality_rate;urban_pct;gap_quality;gov_score
Afghanistan;2000;21,61913;27,7719;49,48745;;;;Afghanistan_2000;15657,474;20779,953;4436,282;-2,44;Eastern Mediterranean;;21,35;;
Afghanistan;2001;21,61913;27,79726;49,48745;;;;Afghanistan_2001;16318,324;21606,988;4648,139;;Eastern Mediterranean;;21,51;;
Afghanistan;2002;23,59988;29,90076;51,90447;;;;Afghanistan_2002;17086,91;22600,77;4893,013;-2,04;Eastern Mediterranean;;21,65;;
Afghanistan;2003;25,58063;32,00507;54,32149;;;;Afghanistan_2003;17909,063;23680,871;5155,788;-2,2;Eastern Mediterranean;;21,77;;
Afghanistan;2004;27,56138;34,12623;56,73851;;;;Afghanistan_2004;18692,107;24726,684;5426,872;-2,3;Eastern Mediterranean;;21,95;;
Afghanistan;2005;29,54213;36,26526;59,15553;;;;Afghanistan_2005;19378,962;25654,277;5691,836;-2,07;Eastern Mediterranean;;22,19;;
Afghanistan;2006;31,52288;38,40636;61,57254;;;;Afghanistan_2006;19961,972;26433,049;5931,478;-2,22;Eastern Mediterranean;;22,44;;
Afghanistan;2007;33,73274;40,84418;64,50089;;;;Afghanistan_2007;20464,923;27100,536;6151,869;-2,41;Eastern Mediterranean;;22,7;;
Afghanistan;2008;35,96969;43,31506;67,46785;;;;Afghanistan_2008;20929,119;27722,276;6364,912;-2,69;Eastern Mediterranean;;22,96;;
Afghanistan;2009;38,23373;45,81909;70,47343;;;;Afghanistan_2009;21415,593;28394,813;6588,738;-2,71;Eastern Mediterranean;;23,2;;
Afghanistan;2010;40,52486;48,35636;73,51765;;;;Afghanistan_2010;21966,187;29185,507;6836,98;-2,58;Eastern Mediterranean;;23,43;;
Afghanistan;2011;42,84308;50,92731;76,6005;;;;Afghanistan_2011;22594,126;30117,413;7114,473;-2,5;Eastern Mediterranean;;23,62;;
Afghanistan;2012;45,18839;53,5317;79,72198;;;;Afghanistan_2012;23280,663;31161,376;7416,295;-2,42;Eastern Mediterranean;;23,8;;
Afghanistan;2013;47,56079;56,16964;82,88207;;;;Afghanistan_2013;23997,856;32269,589;7733,832;-2,52;Eastern Mediterranean;;23,97;;
Afghanistan;2014;49,96028;58,84123;86,0808;;;;Afghanistan_2014;24703,798;33370,794;8054,222;-2,41;Eastern Mediterranean;;24,14;;
Afghanistan;2015;52,38686;61,54693;89,31815;;;;Afghanistan_2015;25368,923;34413,603;8367,571;-2,57;Eastern Mediterranean;;24,31;;
Afghanistan;2016;54,84053;64,28648;92,59413;;;;Afghanistan_2016;25985,093;35383,032;8670,939;-2,67;Eastern Mediterranean;13,92067;24,51;;0,7526
Afghanistan;2017;57,32129;67,06462;95,90874;;;;Afghanistan_2017;26558,609;36296,113;8971,472;-2,8;Eastern Mediterranean;;24,72;;
Albania;2000;81,78472;87,86662;96,35529;;49,29324;;Albania_2000;1818,833;3129,243;1303,137;-0,54;Europe;;41,64;38,57;
Albania;2001;81,83538;87,88955;96,10231;;49,21738;;Albania_2001;1797,423;3129,704;1324,985;;Europe;;42,34;38,67;
Albania;2002;81,88605;87,91309;95,741;;49,08154;;Albania_2002;1762,229;3126,187;1356,8;-0,29;Europe;;43,4;38,83;
Albania;2003;81,93673;87,92893;95,38031;;48,94225;;Albania_2003;1724,344;3118,023;1386,661;-0,31;Europe;;44,47;38,99;
Albania;2004;81,98741;87,93703;95,02026;;50,73476;;Albania_2004;1683,584;3104,892;1414,163;-0,43;Europe;;45,55;37,2;
Albania;2005;82,03811;87,93683;94,66083;;52,55115;;Albania_2005;1640,246;3086,81;1438,933;-0,51;Europe;;46,62;35,39;
Albania;2006;82,08881;87,92856;94,30202;;54,39092;;Albania_2006;1593,892;3063,021;1460,439;-0,51;Europe;;47,68;33,54;
Albania;2007;82,13952;87,91208;93,94386;;56,25379;;Albania_2007;1545,166;3033,998;1478,741;-0,2;Europe;;48,74;31,66;
Albania;2008;82,19024;87,88725;93,58632;;58,13945;;Albania_2008;1496,108;3002,678;1495,543;-0,03;Europe;;49,81;29,75;
Albania;2009;82,24096;87,85342;93,22941;;60,04764;;Albania_2009;1449,427;2973,048;1513,208;-0,05;Europe;;50,9;27,81;
Albania;2010;82,29169;87,81129;92,87312;;61,97766;;Albania_2010;1406,665;2948,023;1533,86;-0,19;Europe;;52,03;25,83;
Albania;2011;82,34244;87,76034;92,51747;;63,9291;;Albania_2011;1368,297;2928,592;1558,362;-0,28;Europe;;53,21;23,83;
Albania;2012;82,59078;87,86044;92,29012;;65,9014;;Albania_2012;1333,585;2914,096;1586,454;-0,14;Europe;;54,44;21,96;
Albania;2013;86,2311;89,46109;92,06277;;67,89334;;Albania_2013;1302,236;2903,79;1616,742;0,09;Europe;;55,68;21,57;
Albania;2014;89,87518;90,9812;91,83542;;69,9037;;Albania_2014;1272,79;2896,305;1647,985;0,49;Europe;;56,9;21,08;
Albania;2015;89,87518;91,00102;91,83542;;69,9445;;Albania_2015;1244,341;2890,513;1679,011;0,35;Europe;;58,09;21,06;
Albania;2016;89,87518;91,02037;91,83542;;69,98433;;Albania_2016;1216,737;2886,438;1709,611;0,34;Europe;0,16641;59,23;21,04;0,9543
Albania;2017;89,87518;91,03923;91,83542;;70,02315;;Albania_2017;1190,155;2884,169;1740,032;0,38;Europe;;60,33;21,02;
Algeria;2000;83,32201;89,83726;94,19543;;;;Algeria_2000;12498,847;31042,235;18684,813;-1,43;Africa;;60,19;;
Algeria;2001;83,67994;90,1146;94,2786;;;;Algeria_2001;12411,94;31451,514;19180,213;;Africa;;60,98;;
Algeria;2002;84,03786;90,38717;94,36177;;;;Algeria_2002;12317,847;31855,109;19677,199;-1,63;Africa;;61,77;;
Algeria;2003;84,3958;90,65481;94,44494;;;;Algeria_2003;12221,443;32264,157;20182,071;-1,75;Africa;;62,55;;
Algeria;2004;84,75372;90,91754;94,5281;;;;Algeria_2004;12127,441;32692,163;20703,655;-1,36;Africa;;63,33;;
Algeria;2005;85,11166;91,17525;94,61127;;;;Algeria_2005;12040,491;33149,724;21247,946;-0,92;Africa;;64,1;;
Algeria;2006;85,46959;91,42819;94,69444;;;;Algeria_2006;11959,903;33641,002;21818,012;-1,13;Africa;;64,86;;
Algeria;2007;85,82751;91,67622;94,7776;;;;Algeria_2007;11885,693;34166,972;22414,383;-1,15;Africa;;65,6;;
Algeria;2008;86,18545;91,91957;94,86077;;;;Algeria_2008;11818,949;34730,608;23041,766;-1,09;Africa;;66,34;;
Algeria;2009;86,54337;92,15714;94,94393;;;;Algeria_2009;11765,339;35333,881;23700,421;-1,2;Africa;;67,08;;
Algeria;2010;86,90131;92,38947;95,0271;;;;Algeria_2010;11723,941;35977,455;24393,696;-1,26;Africa;;67,8;;
Algeria;2011;87,25924;92,61646;95,11027;;;;Algeria_2011;11695,477;36661,445;25124,081;-1,36;Africa;;68,53;;
Algeria;2012;87,61716;92,83835;95,19344;;;;Algeria_2012;11677,502;37383,895;25888,345;-1,33;Africa;;69,25;;
Algeria;2013;87,9751;93,05519;95,2766;;;;Algeria_2013;11664,03;38140,133;26674,532;-1,2;Africa;;69,94;;
Algeria;2014;88,33302;93,26727;95,35976;;;;Algeria_2014;11647,651;38923,692;27465,662;-1,19;Africa;;70,56;;
Algeria;2015;88,69096;93,47459;95,44293;;;;Algeria_2015;11623,281;39728,025;28248,247;-1,09;Africa;;71,1;;
Algeria;2016;88,69096;93,51585;95,44293;;;;Algeria_2016;11589,537;40551,392;29016,515;-1,1;Africa;1,86723;71,55;;0,9584
Algeria;2017;88,69096;93,55589;95,44293;;;;Algeria_2017;11547,532;41389,189;29770,61;-0,92;Africa;;71,93;;
Andorra;2000;100,0;100,0;100,0;;90,64;;Andorra_2000;4,973;65,39;60,417;1,17;Europe;;92,39;9,36;
Andorra;2001;100,0;100,0;100,0;;90,64;;Andorra_2001;5,349;67,341;61,992;;Europe;;92,06;9,36;
Andorra;2002;100,0;99,99999;100,0;;90,64;;Andorra_2002;5,855;70,049;64,194;1,28;Europe;;91,64;9,36;
Andorra;2003;100,0;100,0;100,0;;90,64;;Andorra_2003;6,435;73,182;66,747;1,46;Europe;;91,21;9,36;
Andorra;2004;100,0;100,0;100,0;;90,64;;Andorra_2004;7,052;76,244;69,192;1,4;Europe;;90,75;9,36;
Andorra;2005;100,0;100,0;100,0;;90,64;;Andorra_2005;7,662;78,867;71,205;1,38;Europe;;90,28;9,36;
Andorra;2006;100,0;100,00001;100,0;;90,64001;;Andorra_2006;8,256;80,993;72,735;1,35;Europe;;89,8;9,36;
Andorra;2007;100,0;100,0;100,0;;90,64;;Andorra_2007;8,84;82,684;73,843;1,34;Europe;;89,31;9,36;
Andorra;2008;100,0;100,0;100,0;;90,64;;Andorra_2008;9,221;83,862;74,64;1,34;Europe;;89,0;9,36;
Andorra;2009;100,0;100,0;100,0;;90,64;;Andorra_2009;9,365;84,463;75,097;1,3;Europe;;88,91;9,36;
Andorra;2010;100,0;100,0;100,0;;90,64;;Andorra_2010;9,442;84,449;75,007;1,28;Europe;;88,82;9,36;
Andorra;2011;100,0;99,99999;100,0;;90,64;;Andorra_2011;9,442;83,747;74,309;1,3;Europe;;88,73;9,36;
Andorra;2012;100,0;100,0;100,0;;90,64;;Andorra_2012;9,371;82,427;73,06;1,29;Europe;;88,64;9,36;
Andorra;2013;100,0;100,0;100,0;;90,64;;Andorra_2013;9,261;80,774;71,527;1,28;Europe;;88,55;9,36;
Andorra;2014;100,0;100,0;100,0;;90,64;;Andorra_2014;9,157;79,213;70,066;1,29;Europe;;88,45;9,36;
Andorra;2015;100,0;100,0;100,0;;90,64;;Andorra_2015;9,093;78,011;68,921;1,39;Europe;;88,35;9,36;
Andorra;2016;100,0;100,0;100,0;;90,64;;Andorra_2016;9,082;77,297;68,199;1,41;Europe;;88,23;9,36;
Andorra;2017;100,0;100,0;100,0;;90,64;;Andorra_2017;9,12;77,001;67,845;1,42;Europe;;88,11;9,36;
Angola;2000;21,15264;41,14431;61,06653;;;;Angola_2000;8206,1;16395,473;8234,824;-2,04;Africa;;50,23;;
Angola;2001;21,52822;42,25467;61,95116;;;;Angola_2001;8275,248;16945,753;8708,018;;Africa;;51,39;;
Angola;2002;21,90311;43,3768;62,83578;;;;Angola_2002;8353,851;17519,417;9218,798;-1,58;Africa;;52,62;;
Angola;2003;22,27731;44,36387;63,44902;;;;Angola_2003;8438,128;18121,479;9765,241;-1,01;Africa;;53,89;;
Angola;2004;22,65083;45,35134;64,05471;;;;Angola_2004;8522,221;18758,145;10343,495;-1,06;Africa;;55,14;;
Angola;2005;23,02367;46,33602;64,65286;;;;Angola_2005;8603,118;19433,602;10949,424;-0,89;Africa;;56,34;;
Angola;2006;23,39582;47,15023;65,24348;;;;Angola_2006;8760,7;20149,901;11501,699;-0,54;Africa;;57,08;;
Angola;2007;23,76729;47,96147;65,82657;;;;Angola_2007;8918,911;20905,363;12078,776;-0,67;Africa;;57,78;;
Angola;2008;24,13807;48,7704;66,40212;;;;Angola_2008;9077,515;21695,634;12681,905;-0,36;Africa;;58,45;;
Angola;2009;24,50817;49,57516;66,97013;;;;Angola_2009;9237,545;22514,281;13312,002;-0,35;Africa;;59,13;;
Angola;2010;24,87758;50,37684;67,53061;;;;Angola_2010;9398,277;23356,246;13970,854;-0,23;Africa;;59,82;;
Angola;2011;25,24631;51,17484;68,08356;;;;Angola_2011;9559,614;24220,661;14658,951;-0,37;Africa;;60,52;;
Angola;2012;25,61435;51,96854;68,62896;;;;Angola_2012;9720,169;25107,931;15375,981;-0,39;Africa;;61,24;;
Angola;2013;25,98171;52,75735;69,16683;;;;Angola_2013;9878,943;26015,781;16119,397;-0,39;Africa;;61,96;;
Angola;2014;26,34838;53,54151;69,69717;;;;Angola_2014;10033,109;26941,779;16887,357;-0,33;Africa;;62,68;;
Angola;2015;26,71437;54,31693;70,21996;;;;Angola_2015;10183,56;27884,381;17675,745;-0,5;Africa;;63,39;;
Angola;2016;27,07967;55,08428;70,73523;;;;Angola_2016;10329,86;28842,489;18483,603;-0,32;Africa;48,81467;64,08;;0,5339
Angola;2017;27,44429;55,8429;71,24296;;;;Angola_2017;10472,554;29816,766;19311,639;-0,33;Africa;;64,77;;
Antigua and Barbuda;2000;;98,25377;;;;;Antigua and Barbuda_2000;56,731;76,016;26,853;0,71;Americas;;35,33;;
Antigua and Barbuda;2001;;98,13726;;;;;Antigua and Barbuda_2001;58,06;77,212;26,997;;Americas;;34,96;;
Antigua and Barbuda;2002;;98,02075;;;;;Antigua and Barbuda_2002;59,439;78,295;26,827;0,79;Americas;;34,26;;
Antigua and Barbuda;2003;;97,90424;;;;;Antigua and Barbuda_2003;60,7;79,3;26,593;0,87;Americas;;33,53;;
Antigua and Barbuda;2004;;97,78774;;;;;Antigua and Barbuda_2004;61,924;80,336;26,333;1,09;Americas;;32,78;;
Antigua and Barbuda;2005;;97,67123;;;;;Antigua and Barbuda_2005;63,175;81,465;26,078;0,83;Americas;;32,01;;
Antigua and Barbuda;2006;;97,55473;;;;;Antigua and Barbuda_2006;64,469;82,704;25,832;0,8;Americas;;31,23;;
Antigua and Barbuda;2007;;97,43822;;;;;Antigua and Barbuda_2007;65,792;84,026;25,589;0,8;Americas;;30,45;;
Antigua and Barbuda;2008;;97,32172;;;;;Antigua and Barbuda_2008;67,134;85,397;25,344;0,81;Americas;;29,68;;
Antigua and Barbuda;2009;;97,20521;;;;;Antigua and Barbuda_2009;68,485;86,746;25,096;0,72;Americas;;28,93;;
Antigua and Barbuda;2010;;97,08871;;;;;Antigua and Barbuda_2010;69,824;88,028;24,837;0,9;Americas;;28,21;;
Antigua and Barbuda;2011;;96,9722;;;;;Antigua and Barbuda_2011;71,116;89,253;24,603;0,96;Americas;;27,57;;
Antigua and Barbuda;2012;;96,85569;;;;;Antigua and Barbuda_2012;72,074;90,409;24,703;0,98;Americas;;27,32;;
Antigua and Barbuda;2013;;96,73919;;;;;Antigua and Barbuda_2013;73,026;91,516;24,798;0,96;Americas;;27,1;;
Antigua and Barbuda;2014;;96,73919;;;;;Antigua and Barbuda_2014;73,984;92,562;24,891;0,98;Americas;;26,89;;
Antigua and Barbuda;2015;;96,73919;;;;;Antigua and Barbuda_2015;74,942;93,566;24,981;1,0;Americas;;26,7;;
Antigua and Barbuda;2016;;96,73919;;;;;Antigua and Barbuda_2016;75,878;94,527;25,085;0,88;Americas;0,11403;26,54;;0,9832
Antigua and Barbuda;2017;;96,73919;;;;;Antigua and Barbuda_2017;76,802;95,426;25,21;0,75;Americas;;26,42;;
Argentina;2000;76,40468;96,21301;98,62579;;;;Argentina_2000;4023,693;36870,787;33033,759;0,1;Americas;;89,59;;
Argentina;2001;77,78626;96,46213;98,69308;;;;Argentina_2001;3998,739;37275,652;33472,77;;Americas;;89,8;;
Argentina;2002;79,16785;96,70513;98,76039;;;;Argentina_2002;3974,741;37681,749;33914,629;-0,78;Americas;;90,0;;
Argentina;2003;80,54942;96,94247;98,82769;;;;Argentina_2003;3951,197;38087,868;34358,182;-0,36;Americas;;90,21;;
Argentina;2004;81,93101;97,17484;98,895;;;;Argentina_2004;3927,028;38491,972;34801,668;-0,61;Americas;;90,41;;
Argentina;2005;83,31259;97,40218;98,9623;;;;Argentina_2005;3902,354;38892,931;35243,134;-0,04;Americas;;90,62;;
Argentina;2006;84,69417;97,62473;99,0296;;;;Argentina_2006;3876,846;39289,878;35682,044;0,0;Americas;;90,82;;
Argentina;2007;86,07575;97,84245;99,0969;;;;Argentina_2007;3850,764;39684,295;36119,46;0,1;Americas;;91,02;;
Argentina;2008;87,45734;98,05557;99,16421;;;;Argentina_2008;3824,321;40080,16;36558,068;-0,09;Americas;;91,21;;
Argentina;2009;88,83891;98,26406;99,23151;;;;Argentina_2009;3798,178;40482,788;37001,229;-0,23;Americas;;91,4;;
Argentina;2010;90,2205;98,46806;99,29881;;;;Argentina_2010;3772,3;40895,752;37451,589;-0,08;Americas;;91,58;;
Argentina;2011;91,60208;98,66657;99,36611;;;;Argentina_2011;3753,49;41320,5;37903,389;0,16;Americas;;91,73;;
Argentina;2012;92,98366;98,86074;99,43342;;;;Argentina_2012;3737,979;41755,196;38358,76;0,1;Americas;;91,87;;
Argentina;2013;92,98366;98,93041;99,50072;;;;Argentina_2013;3722,489;42196,03;38817,436;0,07;Americas;;91,99;;
Argentina;2014;92,98366;99,00025;99,56802;;;;Argentina_2014;3706,372;42637,511;39275,143;-0,01;Americas;;92,11;;
Argentina;2015;92,98366;99,07014;99,63532;;;;Argentina_2015;3689,407;43075,416;39728,358;0,01;Americas;;92,23;;
Argentina;2016;92,98366;99,07838;99,63532;;;;Argentina_2016;3671,449;43508,46;40175,981;0,2;Americas;0,36294;92,34;;0,9936
Argentina;2017;;;99,63532;;;;Argentina_2017;3652,804;43937,14;40618,237;0,17;Americas;;92,45;;
Armenia;2000;88,56082;95,13351;98,72488;;29,59756;;Armenia_2000;1084,598;3069,591;1984,99;-0,68;Europe;;64,67;65,54;
Armenia;2001;89,30489;95,4193;98,80154;;29,74282;;Armenia_2001;1086,476;3050,687;1964,179;;Europe;;64,38;65,68;
Armenia;2002;90,05199;95,7216;98,87822;;33,29816;;Armenia_2002;1085,046;3033,978;1948,851;-0,26;Europe;;64,23;62,42;
Armenia;2003;90,80212;96,03108;98,95493;;36,84346;;Armenia_2003;1082,281;3017,932;1935,525;0,24;Europe;;64,13;59,19;
Armenia;2004;91,55527;96,343;99,03166;;40,39033;;Armenia_2004;1079,095;3000,72;1921,517;-0,12;Europe;;64,04;55,95;
Armenia;2005;92,31144;96,6573;99,10842;;43,93894;;Armenia_2005;1075,092;2981,269;1906,167;-0,07;Europe;;63,94;52,72;
Armenia;2006;93,07065;96,97412;99,1852;;47,48906;;Armenia_2006;1069,827;2958,307;1888,673;-0,26;Europe;;63,84;49,49;
Armenia;2007;93,83287;97,29336;99,26202;;51,04095;;Armenia_2007;1063,546;2932,618;1869,51;0,15;Europe;;63,75;46,25;
Armenia;2008;94,59813;97,61513;99,33885;;54,59447;;Armenia_2008;1057,443;2907,618;1850,777;-0,01;Europe;;63,65;43,02;
Armenia;2009;95,36641;97,93934;99,41571;;58,14978;;Armenia_2009;1053,182;2888,092;1835,402;0,23;Europe;;63,55;39,79;
Armenia;2010;96,13772;98,26605;99,4926;;61,70686;;Armenia_2010;1051,946;2877,319;1825,365;0,07;Europe;;63,44;36,56;
Armenia;2011;96,91206;98,59529;99,56951;;65,26573;;Armenia_2011;1054,19;2876,538;1821,391;-0,06;Europe;;63,32;33,33;
Armenia;2012;97,68941;98,92704;99,64645;;68,82645;;Armenia_2012;1059,405;2884,234;1822,517;0,15;Europe;;63,19;30,1;
Armenia;2013;98,4698;99,26163;99,72341;;72,391;;Armenia_2013;1065,858;2897,588;1827,651;0,11;Europe;;63,07;26,87;
Armenia;2014;99,25322;99,59326;99,79201;;75,96124;;Armenia_2014;1072,043;2912,409;1834,177;-0,3;Europe;;62,98;23,63;
Armenia;2015;99,5957;99,73441;99,81558;;79,43497;;Armenia_2015;1076,799;2925,553;1840,151;-0,25;Europe;;62,9;20,3;
Armenia;2016;100,0;99,89854;99,83916;;83,00597;;Armenia_2016;1079,792;2936,143;1845,024;-0,66;Europe;0,17688;62,84;16,89;0,9986
Armenia;2017;100,0;99,91338;99,86272;;86,47636;;Armenia_2017;1081,248;2944,791;1849,202;-0,62;Europe;;62,8;13,44;
Australia;2000;99,05666;99,7123;99,835;;;98,16657;Australia_2000;3005,744;18991,431;16060,093;1,33;Western Pacific;;84,56;;
Australia;2001;99,05666;99,71124;99,835;;;98,16657;Australia_2001;3063,632;19194,672;16204,901;;Western Pacific;;84,42;;
Australia;2002;99,05666;99,7122;99,835;;;98,16657;Australia_2002;3072,827;19401,368;16402,364;1,19;Western Pacific;;84,54;;
Australia;2003;99,13834;99,73435;99,845;;;98,22697;Australia_2003;3084,036;19624,166;16612,936;0,88;Western Pacific;;84,66;;
Australia;2004;99,22;99,75634;99,855;;;98,28738;Australia_2004;3099,437;19879,649;16848,992;0,94;Western Pacific;;84,75;;
Australia;2005;99,30167;99,77814;99,865;;;98,34779;Australia_2005;3120,469;20178,54;17118,434;0,89;Western Pacific;;84,83;;
Australia;2006;99,38333;99,79977;99,875;;;98,40823;Australia_2006;3147,693;20526,303;17425,913;0,94;Western Pacific;;84,9;;
Australia;2007;99,465;99,82125;99,885;;;98,46866;Australia_2007;3179,302;20916,344;17767,362;0,93;Western Pacific;;84,94;;
Australia;2008;99,54667;99,84255;99,895;;;98,52911;Australia_2008;3213,567;21332,282;18128,926;0,96;Western Pacific;;84,98;;
Australia;2009;99,62833;99,86367;99,905;;;98,58957;Australia_2009;3247,226;21750,851;18491,814;0,86;Western Pacific;;85,02;;
Australia;2010;99,71;99,88462;99,915;;;98,65003;Australia_2010;3277,772;22154,679;18842,292;0,89;Western Pacific;;85,05;;
Australia;2011;99,79166;99,9054;99,925;;;98,71051;Australia_2011;3304,468;22538,001;19175,331;0,94;Western Pacific;;85,08;;
Australia;2012;99,87334;99,926;99,935;;;98,771;Australia_2012;3331,639;22903,948;19490,21;1,0;Western Pacific;;85,1;;
Australia;2013;99,955;99,94645;99,945;;;98,78088;Australia_2013;3356,405;23254,913;19794,324;1,03;Western Pacific;;85,12;;
Australia;2014;100,0;99,96148;99,955;;;98,79077;Australia_2014;3379,903;23596,424;20094,765;1,03;Western Pacific;;85,16;;
Australia;2015;100,0;99,97;99,965;;;98,80065;Australia_2015;3403,025;23932,502;20396,531;0,88;Western Pacific;;85,23;;
Australia;2016;100,0;99,96997;99,965;;;98,80065;Australia_2016;3425,805;24262,712;20700,043;1,05;Western Pacific;0,09539;85,32;;0,9994
Australia;2017;100,0;99,96993;99,965;;;98,80065;Australia_2017;3446,638;24584,62;21003,923;0,89;Western Pacific;;85,44;;
Austria;2000;100,0;100,0;100,0;;97,71394;;Austria_2000;3210,563;8069,276;4858,713;0,82;Europe;;60,21;2,29;
Austria;2001;100,0;100,0;100,0;;97,79684;;Austria_2001;3244,424;8097,748;4853,324;;Europe;;59,93;2,2;
Austria;2002;100,0;100,0;100,0;;97,87975;;Austria_2002;3281,833;8134,412;4852,579;1,36;Europe;;59,65;2,12;
Austria;2003;100,0;100,0;100,0;;97,96266;;Austria_2003;3321,438;8175,852;4854,414;0,96;Europe;;59,38;2,04;
Austria;2004;100,0;100,0;100,0;;98,04557;;Austria_2004;3361,157;8216,805;4855,648;1,09;Europe;;59,09;1,95;
Austria;2005;100,0;100,0;100,0;;98,12848;;Austria_2005;3399,4;8253,65;4854,25;1,11;Europe;;58,81;1,87;
Austria;2006;100,0;100,0;100,0;;98,21139;;Austria_2006;3435,541;8285,343;4849,194;1,08;Europe;;58,53;1,79;
Austria;2007;100,0;100,0;100,0;;98,2943;;Austria_2007;3470,218;8313,737;4841,565;1,28;Europe;;58,24;1,71;
Austria;2008;100,0;100,0;100,0;;98,37721;;Austria_2008;3504,967;8341,532;4833,486;1,34;Europe;;57,94;1,62;
Austria;2009;100,0;100,0;100,0;;98,46012;;Austria_2009;3541,925;8372,663;4828,113;1,19;Europe;;57,67;1,54;
Austria;2010;100,0;100,0;100,0;;98,54304;;Austria_2010;3582,684;8409,949;4827,265;1,15;Europe;;57,4;1,46;
Austria;2011;100,0;100,0;100,0;;98,62595;;Austria_2011;3628,001;8453,501;4831,863;1,19;Europe;;57,16;1,37;
Austria;2012;100,0;100,0;100,0;;98,70885;;Austria_2012;3650,043;8502,227;4867,505;1,34;Europe;;57,25;1,29;
Austria;2013;100,0;100,0;100,0;;98,79176;;Austria_2013;3659,591;8556,189;4918,191;1,36;Europe;;57,48;1,21;
Austria;2014;100,0;100,0;100,0;;98,87468;;Austria_2014;3666,869;8615,214;4966,351;1,27;Europe;;57,65;1,13;
Austria;2015;100,0;100,0;100,0;;98,90942;;Austria_2015;3669,727;8678,66;5008,93;1,14;Europe;;57,72;1,09;
Austria;2016;100,0;100,0;100,0;;98,90781;;Austria_2016;3667,377;8747,301;5044,76;0,91;Europe;0,12375;57,67;1,09;0,9994
Austria;2017;100,0;100,0;100,0;;98,9062;;Austria_2017;3660,707;8819,901;5074,746;1,05;Europe;;57,54;1,09;
Azerbaijan;2000;54,93393;73,3805;90,83197;;49,67768;;Azerbaijan_2000;3948,767;8122,741;4173,974;-0,83;Europe;;51,39;23,7;
Azerbaijan;2001;56,86086;74,81776;91,66982;;50,13332;;Azerbaijan_2001;3968,573;8197,298;4228,706;;Europe;;51,59;24,68;
Azerbaijan;2002;58,8209;76,2676;92,51024;;50,58627;;Azerbaijan_2002;3990,569;8277,061;4286,446;-1,19;Europe;;51,79;25,68;
Azerbaijan;2003;60,81404;77,73052;93,35326;;51,03687;;Azerbaijan_2003;4014,461;8361,433;4346,898;-0,95;Europe;;51,99;26,69;
Azerbaijan;2004;62,84028;79,206;94,19885;;53,46619;;Azerbaijan_2004;4039,517;8448,946;4409,365;-1,06;Europe;;52,19;25,74;
Azerbaijan;2005;64,89962;80,69355;95,04704;;55,92712;;Azerbaijan_2005;4065,323;8538,605;4473,283;-1,13;Europe;;52,39;24,77;
Azerbaijan;2006;66,99207;82,19331;95,8978;;58,41952;;Azerbaijan_2006;4091,637;8630,146;4538,558;-1,09;Europe;;52,59;23,77;
Azerbaijan;2007;69,11761;83,70536;96,75115;;60,94326;;Azerbaijan_2007;4118,78;8724,243;4605,524;-0,63;Europe;;52,79;22,76;
Azerbaijan;2008;71,27627;85,22897;97,60709;;63,49772;;Azerbaijan_2008;4147,173;8821,873;4674,735;-0,33;Europe;;52,99;21,73;
Azerbaijan;2009;72,42014;85,91744;97,79578;;66,08279;;Azerbaijan_2009;4177,524;8924,388;4746,883;-0,28;Europe;;53,19;19,83;
Azerbaijan;2010;73,56402;86,606;97,98447;;68,70055;;Azerbaijan_2010;4208,623;9032,461;4823,834;-0,24;Europe;;53,41;17,91;
Azerbaijan;2011;74,70789;87,29395;98,17316;;70,32202;;Azerbaijan_2011;4240,564;9146,275;4905,815;-0,53;Europe;;53,64;16,97;
Azerbaijan;2012;75,85176;87,98087;98,36184;;70,85237;;Azerbaijan_2012;4272,681;9264,692;4992,236;-0,72;Europe;;53,88;17,13;
Azerbaijan;2013;76,99564;88,66653;98,55053;;71,38736;;Azerbaijan_2013;4303,619;9385,468;5081,674;-0,41;Europe;;54,14;17,28;
Azerbaijan;2014;78,13951;89,35028;98,73922;;71,92628;;Azerbaijan_2014;4331,615;9505,622;5172,156;-0,56;Europe;;54,41;17,42;
Azerbaijan;2015;79,28338;90,03168;98,9279;;72,46891;;Azerbaijan_2015;4355,344;9622,745;5262,14;-0,73;Europe;;54,68;17,56;
Azerbaijan;2016;80,42725;90,71031;99,11659;;73,015;;Azerbaijan_2016;4374,332;9736,043;5351,044;-0,8;Europe;1,11988;54,96;17,7;0,948
Azerbaijan;2017;81,57113;91,38574;99,30528;;73,56433;;Azerbaijan_2017;4388,663;9845,32;5438,926;-0,75;Europe;;55,24;17,82;
Bahamas;2000;;98,2455;;;;;Bahamas_2000;53,599;298,051;244,291;1,28;Americas;;81,96;;
Bahamas;2001;;98,28826;;;;;Bahamas_2001;54,415;302,618;248,72;;Americas;;82,19;;
Bahamas;2002;;98,33102;;;;;Bahamas_2002;55,365;307,66;253,792;0,96;Americas;;82,49;;
Bahamas;2003;;98,37379;;;;;Bahamas_2003;56,412;313,129;259,334;0,83;Americas;;82,82;;
Bahamas;2004;;98,41655;;;;;Bahamas_2004;57,487;318,894;265,039;0,89;Americas;;83,11;;
Bahamas;2005;;98,45932;;;;;Bahamas_2005;58,548;324,859;270,701;0,94;Americas;;83,33;;
Bahamas;2006;;98,50208;;;;;Bahamas_2006;59,577;331,033;276,253;0,81;Americas;;83,45;;
Bahamas;2007;;98,54485;;;;;Bahamas_2007;60,587;337,389;281,741;0,73;Americas;;83,51;;
Bahamas;2008;;98,58761;;;;;Bahamas_2008;61,564;343,681;287,112;0,77;Americas;;83,54;;
Bahamas;2009;;98,63037;;;;;Bahamas_2009;62,508;349,604;292,348;0,86;Americas;;83,62;;
Bahamas;2010;;98,67314;;;;;Bahamas_2010;63,41;354,942;297,422;0,99;Americas;;83,79;;
Bahamas;2011;;98,7159;;;;;Bahamas_2011;64,238;359,578;302,33;1,1;Americas;;84,08;;
Bahamas;2012;;98,75867;;;;;Bahamas_2012;64,986;363,584;307,053;1,18;Americas;;84,45;;
Bahamas;2013;;98,80143;;;;;Bahamas_2013;65,653;367,169;311,587;1,13;Americas;;84,86;;
Bahamas;2014;;98,84419;;;;;Bahamas_2014;66,238;370,633;315,931;0,96;Americas;;85,24;;
Bahamas;2015;;98,88696;;;;;Bahamas_2015;66,744;374,206;320,094;0,91;Americas;;85,54;;
Bahamas;2016;;98,88696;;;;;Bahamas_2016;67,166;377,93;324,066;0,98;Americas;0,06853;85,75;;0,9941
Bahamas;2017;;98,88696;;;;;Bahamas_2017;67,508;381,755;327,853;0,99;Americas;;85,88;;
Bahrain;2000;;99,89794;;;98,79928;;Bahrain_2000;77,278;664,611;587,336;0,06;Eastern Mediterranean;;88,37;1,1;
Bahrain;2001;;99,90804;;;98,82163;;Bahrain_2001;81,13;697,545;616,419;;Eastern Mediterranean;;88,37;1,09;
Bahrain;2002;;99,91813;;;98,84398;;Bahrain_2002;85,478;735,146;649,67;0,28;Eastern Mediterranean;;88,37;1,07;
Bahrain;2003;;99,92822;;;98,86634;;Bahrain_2003;90,466;778,708;688,245;0,48;Eastern Mediterranean;;88,38;1,06;
Bahrain;2004;;99,93832;;;98,88869;;Bahrain_2004;96,27;829,844;733,578;0,31;Eastern Mediterranean;;88,4;1,05;
Bahrain;2005;;99,94841;;;98,91106;;Bahrain_2005;102,947;889,164;786,221;0,01;Eastern Mediterranean;;88,42;1,04;
Bahrain;2006;;99,9585;;;98,93342;;Bahrain_2006;110,681;958,418;847,733;-0,37;Eastern Mediterranean;;88,45;1,03;
Bahrain;2007;;99,9686;;;98,95218;;Bahrain_2007;119,256;1035,919;916,635;-0,25;Eastern Mediterranean;;88,49;1,02;
Bahrain;2008;;99,97869;;;98,96217;;Bahrain_2008;127,843;1114,641;986,747;-0,24;Eastern Mediterranean;;88,53;1,02;
Bahrain;2009;;99,98878;;;98,97216;;Bahrain_2009;135,345;1185,076;1049,684;-0,14;Eastern Mediterranean;;88,58;1,02;
Bahrain;2010;;99,99888;;;98,98215;;Bahrain_2010;141,04;1240,86;1099,822;-0,49;Eastern Mediterranean;;88,63;1,02;
Bahrain;2011;;100,0;;;98,98326;;Bahrain_2011;144,51;1278,151;1133,759;-0,95;Eastern Mediterranean;;88,7;1,02;
Bahrain;2012;;100,0;;;98,98326;;Bahrain_2012;146,117;1299,944;1154,1;-1,13;Eastern Mediterranean;;88,78;1,02;
Bahrain;2013;;100,0;;;98,98326;;Bahrain_2013;146,861;1315,028;1168,55;-1,34;Eastern Mediterranean;;88,86;1,02;
Bahrain;2014;;100,0;;;98,98326;;Bahrain_2014;148,146;1336,075;1188,251;-0,91;Eastern Mediterranean;;88,94;1,02;
Bahrain;2015;;100,0;;;98,98326;;Bahrain_2015;150,912;1371,851;1220,943;-1,07;Eastern Mediterranean;;89,0;1,02;
Bahrain;2016;;100,0;;;98,98326;;Bahrain_2016;155,487;1425,792;1269,684;-0,79;Eastern Mediterranean;0,0396;89,05;1,02;0,9998
Bahrain;2017;;100,0;;;98,98326;;Bahrain_2017;161,409;1494,076;1331,175;-0,96;Eastern Mediterranean;;89,1;1,02;
Bangladesh;2000;94,15292;95,21504;98,65534;59,41035;55,9067;44,55809;Bangladesh_2000;100540,592;127657,854;31040,651;-0,72;South-East Asia;;24,32;39,31;
Bangladesh;2001;94,3469;95,38698;98,66331;59,53275;55,92532;44,56168;Bangladesh_2001;101793,097;130088,702;32314,063;;South-East Asia;;24,84;39,46;
Bangladesh;2002;94,54088;95,5634;98,67127;59,65515;55,91951;44,56528;Bangladesh_2002;102783,564;132478,086;33817,103;-1,03;South-East Asia;;25,53;39,64;
Bangladesh;2003;94,73486;95,73788;98,67925;59,77755;55,91014;44,56888;Bangladesh_2003;103668,291;134791,603;35350,71;-1,12;South-East Asia;;26,23;39,83;
Bangladesh;2004;94,92883;95,91029;98,68721;59,89995;55,89733;44,57248;Bangladesh_2004;104406,336;136986,432;36901,153;-1,36;South-East Asia;;26,94;40,01;
Bangladesh;2005;95,06603;96,00987;98,58665;60,02235;55,88136;44,57608;Bangladesh_2005;104978,125;139035,505;38452,976;-1,86;South-East Asia;;27,66;40,13;
Bangladesh;2006;95,203;96,10641;98,48608;60,14475;55,86171;44,57968;Bangladesh_2006;105366,709;140921,167;40001,295;-1,51;South-East Asia;;28,39;40,24;
Bangladesh;2007;95,33974;96,19977;98,3855;60,26715;55,83849;44,58327;Bangladesh_2007;105592,037;142660,376;41547,154;-1,54;South-East Asia;;29,12;40,36;
Bangladesh;2008;95,47625;96,28986;98,28489;60,38955;55,81183;44,58688;Bangladesh_2008;105699,286;144304,167;43106,528;-1,51;South-East Asia;;29,87;40,48;
Bangladesh;2009;95,61252;96,37656;98,18427;60,51195;55,78184;44,59047;Bangladesh_2009;105756,065;145924,797;44698,643;-1,54;South-East Asia;;30,63;40,59;
Bangladesh;2010;95,74857;96,45987;98,08363;60,63435;55,74816;44,59407;Bangladesh_2010;105802,013;147575,43;46347,089;-1,43;South-East Asia;;31,41;40,71;
Bangladesh;2011;95,88438;96,53966;97,98296;60,75675;55,71107;44,59767;Bangladesh_2011;105853,212;149273,139;48058,704;-1,4;South-East Asia;;32,2;40,83;
Bangladesh;2012;96,01996;96,61577;97,88229;60,87915;55,67136;44,60127;Bangladesh_2012;105905,797;151005,739;49821,256;-1,38;South-East Asia;;32,99;40,94;
Bangladesh;2013;96,1553;96,68811;97,7816;61,00155;55,62967;44,60487;Bangladesh_2013;105947,078;152761,418;51624,214;-1,63;South-East Asia;;33,79;41,06;
Bangladesh;2014;96,29042;96,75671;97,68089;61,12395;55,58548;44,60847;Bangladesh_2014;105949,491;154517,382;53455,788;-0,9;South-East Asia;;34,6;41,17;
Bangladesh;2015;96,42531;96,82152;97,58015;61,24635;55,53946;44,61206;Bangladesh_2015;105895,754;156256,276;55305,132;-1,21;South-East Asia;;35,39;41,28;
Bangladesh;2016;96,55996;96,88253;97,47941;61,36875;55,49126;44,61566;Bangladesh_2016;105783,53;157977,153;57168,03;-1,26;South-East Asia;11,94467;36,19;41,39;0,9253
Bangladesh;2017;96,75255;97,01601;97,48727;61,49115;55,44123;44,61926;Bangladesh_2017;105622,933;159685,424;59046,818;-1,26;South-East Asia;;36,98;41,57;
Barbados;2000;;98,32442;;;;;Barbados_2000;178,566;271,515;91,281;1,15;Americas;;33,62;;
Barbados;2001;;98,33443;;;;;Barbados_2001;179,657;272,5;91,028;;Americas;;33,4;;
Barbados;2002;;98,34443;;;;;Barbados_2002;180,72;273,425;90,758;1,1;Americas;;33,19;;
Barbados;2003;;98,35443;;;;;Barbados_2003;181,776;274,329;90,482;0,92;Americas;;32,98;;
Barbados;2004;;98,36443;;;;;Barbados_2004;182,87;275,284;90,221;1,1;Americas;;32,77;;
Barbados;2005;;98,37443;;;;;Barbados_2005;184,021;276,323;89,988;1,12;Americas;;32,57;;
Barbados;2006;;98,38443;;;;;Barbados_2006;185,251;277,477;89,788;0,91;Americas;;32,36;;
Barbados;2007;;98,39443;;;;;Barbados_2007;186,537;278,7;89,613;1,04;Americas;;32,15;;
Barbados;2008;;98,40443;;;;;Barbados_2008;187,866;279,946;89,453;1,07;Americas;;31,95;;
Barbados;2009;;98,41444;;;;;Barbados_2009;189,184;281,104;89,286;1,05;Americas;;31,76;;
Barbados;2010;;98,42444;;;;;Barbados_2010;190,47;282,131;89,099;1,06;Americas;;31,58;;
Barbados;2011;;98,43444;;;;;Barbados_2011;191,65;282,987;88,951;1,25;Americas;;31,43;;
Barbados;2012;;98,44444;;;;;Barbados_2012;192,736;283,701;88,849;1,19;Americas;;31,32;;
Barbados;2013;;98,45444;;;;;Barbados_2013;193,719;284,296;88,79;1,27;Americas;;31,23;;
Barbados;2014;;98,46445;;;;;Barbados_2014;194,607;284,826;88,778;1,28;Americas;;31,17;;
Barbados;2015;;98,47444;;;;;Barbados_2015;195,402;285,324;88,815;1,14;Americas;;31,13;;
Barbados;2016;;98,48444;;;;;Barbados_2016;196,098;285,796;88,898;0,98;Americas;0,16462;31,11;;0,9916
Barbados;2017;;98,49445;;;;;Barbados_2017;196,693;286,232;89,026;0,97;Americas;;31,1;;
Belarus;2000;98,87837;99,29858;99,4789;;80,62173;;Belarus_2000;2982,752;9871,632;6950,857;0,14;Europe;;70,41;18,68;
Belarus;2001;98,87837;99,3015;99,4789;;80,80693;;Belarus_2001;2916,67;9811,401;6956,291;;Europe;;70,9;18,49;
Belarus;2002;98,87837;99,30439;99,4789;;80,9906;;Belarus_2002;2850,055;9745,923;6957,077;0,3;Europe;;71,38;18,31;
Belarus;2003;98,87837;99,30724;99,4789;;81,17236;;Belarus_2003;2784,17;9679,235;6955,884;0,69;Europe;;71,86;18,13;
Belarus;2004;98,908;99,08635;99,15609;;82,53634;;Belarus_2004;2720,421;9616,634;6956,481;0,16;Europe;;72,34;16,55;
Belarus;2005;98,83868;98,83467;98,83314;;83,86742;;Belarus_2005;2660,005;9562,088;6961,538;0,36;Europe;;72,8;14,97;
Belarus;2006;98,76932;98,58054;98,51006;;85,16609;;Belarus_2006;2602,913;9516,883;6972,13;0,15;Europe;;73,26;13,41;
Belarus;2007;98,69988;98,32397;98,18685;;86,43282;;Belarus_2007;2548,939;9480,515;6987,925;0,34;Europe;;73,71;11,89;
Belarus;2008;98,63039;98,06499;97,86351;;87,6683;;Belarus_2008;2497,993;9452,855;7009,338;0,52;Europe;;74,15;10,4;
Belarus;2009;98,56084;97,8037;97,54004;;88,87239;;Belarus_2009;2450,081;9433,152;7036,158;0,49;Europe;;74,59;8,93;
Belarus;2010;98,49123;97,53931;97,21643;;90,05457;;Belarus_2010;2399,353;9420,574;7073,718;-0,09;Europe;;75,09;7,48;
Belarus;2011;98,42156;97,27204;96,8927;;91,20509;;Belarus_2011;2349,339;9415,32;7119,161;-0,09;Europe;;75,61;6,07;
Belarus;2012;98,35184;97,00216;96,56883;;92,32056;;Belarus_2012;2301,873;9417,046;7169,857;0,07;Europe;;76,14;4,68;
Belarus;2013;98,28205;96,72971;96,24483;;93,40166;;Belarus_2013;2256,12;9423,506;7222,782;0,01;Europe;;76,65;3,33;
Belarus;2014;98,2122;96,45479;95,92071;;94,44904;;Belarus_2014;2210,624;9431,735;7274,227;0,18;Europe;;77,13;2,01;
Belarus;2015;98,24153;96,46445;95,93904;;94,47331;;Belarus_2015;2164,605;9439,423;7321,167;0,11;Europe;;77,56;1,99;
Belarus;2016;98,27086;96,47418;95,95737;;94,49743;;Belarus_2016;2117,714;9445,643;7362,328;0,14;Europe;0,05165;77,94;1,98;0,9821
Belarus;2017;98,30019;96,48397;95,9757;;94,52139;;Belarus_2017;2070,383;9450,231;7397,955;-0,05;Europe;;78,28;1,96;
Belgium;2000;100,0;100,0;100,0;;99,52319;;Belgium_2000;295,224;10282,033;9986,809;1,13;Europe;;97,13;0,48;
Belgium;2001;100,0;99,99999;100,0;;99,52318;;Belgium_2001;290,416;10319,019;10028,603;;Europe;;97,19;0,48;
Belgium;2002;100,0;100,0;100,0;;99,52319;;Belgium_2002;285,916;10364,885;10078,969;1,26;Europe;;97,24;0,48;
Belgium;2003;100,0;100,0;100,0;;99,52319;;Belgium_2003;281,701;10419,032;10137,331;0,86;Europe;;97,3;0,48;
Belgium;2004;100,0;100,0;100,0;;99,52319;;Belgium_2004;277,714;10480,117;10202,403;0,71;Europe;;97,35;0,48;
Belgium;2005;100,0;100,0;100,0;;99,52319;;Belgium_2005;273,934;10546,886;10272,952;0,8;Europe;;97,4;0,48;
Belgium;2006;100,0;100,0;100,0;;99,52319;;Belgium_2006;270,335;10619,475;10349,232;0,86;Europe;;97,46;0,48;
Belgium;2007;100,0;100,0;100,0;;99,52319;;Belgium_2007;266,907;10697,572;10430,928;0,76;Europe;;97,51;0,48;
Belgium;2008;100,0;100,0;100,0;;99,52319;;Belgium_2008;263,573;10778,758;10515,6;0,62;Europe;;97,56;0,48;
Belgium;2009;100,0;100,0;100,0;;99,52319;;Belgium_2009;260,273;10859,94;10600,017;0,82;Europe;;97,61;0,48;
Belgium;2010;100,0;100,0;100,0;;99,52319;;Belgium_2010;256,927;10938,739;10681,812;0,81;Europe;;97,65;0,48;
Belgium;2011;100,0;100,0;100,0;;99,52319;;Belgium_2011;253,515;11013,853;10759,568;0,95;Europe;;97,69;0,48;
Belgium;2012;100,0;100,0;100,0;;99,52319;;Belgium_2012;250,039;11085,358;10833,511;0,92;Europe;;97,73;0,48;
Belgium;2013;100,0;100,0;100,0;;99,52319;;Belgium_2013;246,557;11154,009;10904,955;0,94;Europe;;97,77;0,48;
Belgium;2014;100,0;100,0;100,0;;99,52319;;Belgium_2014;243,099;11221,231;10976,062;0,7;Europe;;97,82;0,48;
Belgium;2015;100,0;100,0;100,0;;99,52319;;Belgium_2015;239,703;11287,94;11048,237;0,59;Europe;;97,88;0,48;
Belgium;2016;100,0;100,0;100,0;;99,52319;;Belgium_2016;236,371;11354,42;11122,008;0,44;Europe;0,28179;97,95;0,48;0,9986
Belgium;2017;100,0;100,0;100,0;;99,52319;;Belgium_2017;233,097;11419,748;11196,239;0,43;Europe;;98,04;0,48;
Belize;2000;84,26453;87,43149;91,24052;;;;Belize_2000;135,04;247,315;112,275;0,18;Americas;;45,4;;
Belize;2001;85,01118;88,08195;91,77784;;;;Belize_2001;139,27;255,063;115,714;;Americas;;45,37;;
Belize;2002;85,75784;88,7325;92,31516;;;;Belize_2002;143,26;262,378;118,946;0,42;Americas;;45,33;;
Belize;2003;86,50449;89,38311;92,85248;;;;Belize_2003;147,088;269,425;122,042;0,49;Americas;;45,3;;
Belize;2004;87,25114;90,0338;93,3898;;;;Belize_2004;150,939;276,504;125,15;0,4;Americas;;45,26;;
Belize;2005;87,9978;90,68456;93,92712;;;;Belize_2005;154,917;283,8;128,36;0,1;Americas;;45,23;;
Belize;2006;88,74445;91,33538;94,46444;;;;Belize_2006;159,051;291,329;131,696;0,08;Americas;;45,21;;
Belize;2007;89,49111;91,98627;95,00176;;;;Belize_2007;163,292;299,025;135,115;0,19;Americas;;45,19;;
Belize;2008;90,23776;92,63725;95,53908;;;;Belize_2008;167,59;306,823;138,575;0,19;Americas;;45,16;;
Belize;2009;90,98442;93,28828;96,0764;;;;Belize_2009;171,893;314,655;142,036;0,03;Americas;;45,14;;
Belize;2010;91,76142;93,93748;96,57273;;;;Belize_2010;176,152;322,464;145,456;0,07;Americas;;45,11;;
Belize;2011;92,53892;94,5876;97,0686;;;;Belize_2011;180,304;330,237;148,888;0,15;Americas;;45,09;;
Belize;2012;93,3169;95,23856;97,56403;;;;Belize_2012;184,356;338,0;152,345;0,18;Americas;;45,07;;
Belize;2013;94,09538;95,89018;98,05899;;;;Belize_2013;188,329;345,715;155,852;0,18;Americas;;45,08;;
Belize;2014;94,87436;96,5423;98,5535;;;;Belize_2014;192,252;353,366;159,442;0,05;Americas;;45,12;;
Belize;2015;95,65383;97,1756;99,00529;;;;Belize_2015;196,149;360,933;163,139;0,04;Americas;;45,2;;
Belize;2016;96,4338;97,58454;98,96318;;;;Belize_2016;200,009;368,4;166,945;0,06;Americas;0,96521;45,32;;0,9832
Belize;2017;97,21426;97,99258;98,92107;;;;Belize_2017;203,824;375,769;170,857;0,04;Americas;;45,47;;
Benin;2000;52,03753;61,4597;76,61732;;;;Benin_2000;4234,053;6865,951;2631,898;0,8;Africa;;38,33;;
Benin;2001;52,46617;61,78022;76,56462;;;;Benin_2001;4341,571;7076,733;2735,162;;Africa;;38,65;;
Benin;2002;52,88915;62,11044;76,51169;;;;Benin_2002;4447,579;7295,394;2847,815;0,82;Africa;;39,04;;
Benin;2003;53,30647;62,45986;76,45853;;;;Benin_2003;4547,23;7520,555;2973,325;0,68;Africa;;39,54;;
Benin;2004;53,71812;62,80177;76,40513;;;;Benin_2004;4646,975;7750,004;3103,029;0,27;Africa;;40,04;;
Benin;2005;54,12411;63,13576;76,35149;;;;Benin_2005;4746,002;7982,225;3236,223;0,45;Africa;;40,54;;
Benin;2006;54,52445;63,46212;76,29763;;;;Benin_2006;4843,912;8216,897;3372,984;0,55;Africa;;41,05;;
Benin;2007;54,91912;63,78112;76,24353;;;;Benin_2007;4941,169;8454,793;3513,622;0,39;Africa;;41,56;;
Benin;2008;55,30813;64,09259;76,1892;;;;Benin_2008;5038,238;8696,921;3658,678;0,37;Africa;;42,07;;
Benin;2009;55,69148;64,39618;76,13464;;;;Benin_2009;5136,061;8944,708;3808,645;0,4;Africa;;42,58;;
Benin;2010;56,06916;64,69237;76,07984;;;;Benin_2010;5234,987;9199,259;3964,272;0,26;Africa;;43,09;;
Benin;2011;56,44119;64,98122;76,02481;;;;Benin_2011;5335,1;9460,831;4125,702;0,32;Africa;;43,61;;
Benin;2012;56,80756;65,26279;75,96955;;;;Benin_2012;5436,123;9729,249;4293,037;0,36;Africa;;44,13;;
Benin;2013;57,16826;65,53676;75,91405;;;;Benin_2013;5538,224;10004,591;4466,227;0,3;Africa;;44,64;;
Benin;2014;57,5233;65,8045;75,85833;;;;Benin_2014;5640,645;10286,844;4646,067;0,03;Africa;;45,17;;
Benin;2015;57,87268;66,06565;75,80237;;;;Benin_2015;5743,319;10575,952;4832,633;-0,01;Africa;;45,69;;
Benin;2016;58,2164;66,32024;75,74618;;;;Benin_2016;5846,177;10872,063;5026,121;0,0;Africa;59,73005;46,23;;0,536
Benin;2017;58,2164;66,41473;75,74618;;;;Benin_2017;5949,046;11175,198;5226,646;0,03;Africa;;46,77;;
Bhutan;2000;78,30089;82,73643;95,75127;21,73112;28,55129;48,56318;Bhutan_2000;427,663;591,021;145,753;0,49;South-East Asia;;24,66;54,19;
Bhutan;2001;79,67268;83,94121;95,79252;22,11184;29,12169;48,5841;Bhutan_2001;433,476;603,64;156,124;;South-East Asia;;25,86;54,82;
Bhutan;2002;80,87419;85,03076;95,95062;22,49256;29,69176;48,60502;Bhutan_2002;439,213;616,018;167,186;0,69;South-East Asia;;27,14;55,34;
Bhutan;2003;82,06995;86,09742;96,10883;22,87328;30,2612;48,62593;Bhutan_2003;444,581;627,839;178,853;0,92;South-East Asia;;28,49;55,84;
Bhutan;2004;83,25993;87,14063;96,26714;23,25399;30,82995;48,64685;Bhutan_2004;449,256;638,815;191,026;1,17;South-East Asia;;29,9;56,31;
Bhutan;2005;84,44415;88,15419;96,42555;23,63471;31,3862;48,66777;Bhutan_2005;453,31;648,739;203,329;1,28;South-East Asia;;31,34;56,77;
Bhutan;2006;85,62261;89,09871;96,58406;24,01543;31,83981;48,68869;Bhutan_2006;459,05;657,41;213,178;1,26;South-East Asia;;32,43;57,26;
Bhutan;2007;86,7953;90,02512;96,74267;24,39615;32,29049;48,7096;Bhutan_2007;463,91;664,876;223,048;0,57;South-East Asia;;33,55;57,73;
Bhutan;2008;87,96223;90,93324;96,90138;24,77687;32,7381;48,73052;Bhutan_2008;467,983;671,613;232,967;0,72;South-East Asia;;34,69;58,2;
Bhutan;2009;89,1234;91,8227;97,0602;25,15759;33,18185;48,75143;Bhutan_2009;471,472;678,323;242,986;0,8;South-East Asia;;35,82;58,64;
Bhutan;2010;90,27879;92,69353;97,21911;25,5383;33,62213;48,77235;Bhutan_2010;474,47;685,503;253,171;0,74;South-East Asia;;36,93;59,07;
Bhutan;2011;91,42843;93,54562;97,37812;25,91902;34,05882;48,79327;Bhutan_2011;476,998;693,298;263,512;0,83;South-East Asia;;38,01;59,49;
Bhutan;2012;92,5723;94,3781;97,53723;26,29974;34,48847;48,81419;Bhutan_2012;479,102;701,581;273,865;0,78;South-East Asia;;39,04;59,89;
Bhutan;2013;93,71041;95,19118;97,69645;26,68046;34,91069;48,8351;Bhutan_2013;480,787;710,237;284,174;0,78;South-East Asia;;40,01;60,28;
Bhutan;2014;94,84275;95,98522;97,85576;27,06118;35,32534;48,85602;Bhutan_2014;482,036;719,055;294,412;1,07;South-East Asia;;40,94;60,66;
Bhutan;2015;96,12806;96,81251;97,89766;27,42791;35,72396;48,87694;Bhutan_2015;482,844;727,876;304,542;0,97;South-East Asia;;41,84;61,09;
Bhutan;2016;96,73119;97,20763;97,93955;27,6;35,99732;48,89785;Bhutan_2016;483,225;736,708;314,54;1,12;South-East Asia;3,94974;42,7;61,21;0,9665
Bhutan;2017;96,73119;97,23338;97,98145;27,6;36,16311;48,91877;Bhutan_2017;483,217;745,563;324,393;1,12;South-East Asia;;43,51;61,07;
Bolivia (Plurinational State of);2000;54,221;79,47904;95,10022;;;;Bolivia (Plurinational State of)_2000;3186,751;8418,264;5152,761;-0,24;Americas;;61,21;;
Bolivia (Plurinational State of);2001;55,65392;80,39053;95,35572;;;;Bolivia (Plurinational State of)_2001;3202,596;8580,235;5293,779;;Americas;;61,7;;
Bolivia (Plurinational State of);2002;57,09161;81,27538;95,61122;;;;Bolivia (Plurinational State of)_2002;3220,542;8742,814;5432,803;-0,29;Americas;;62,14;;
Bolivia (Plurinational State of);2003;58,53408;82,14623;95,86672;;;;Bolivia (Plurinational State of)_2003;3238,033;8905,823;5572,387;-0,83;Americas;;62,57;;
Bolivia (Plurinational State of);2004;59,98132;83,00706;96,12223;;;;Bolivia (Plurinational State of)_2004;3254,315;9069,039;5713,426;-0,68;Americas;;63,0;;
Bolivia (Plurinational State of);2005;61,43335;83,85716;96,37774;;;;Bolivia (Plurinational State of)_2005;3269,61;9232,306;5855,799;-0,97;Americas;;63,43;;
Bolivia (Plurinational State of);2006;62,89014;84,69763;96,63325;;;;Bolivia (Plurinational State of)_2006;3283,729;9395,446;5999,605;-0,8;Americas;;63,86;;
Bolivia (Plurinational State of);2007;64,35172;85,52747;96,88876;;;;Bolivia (Plurinational State of)_2007;3296,72;9558,439;6144,724;-0,85;Americas;;64,29;;
Bolivia (Plurinational State of);2008;65,81808;86,34769;97,14426;;;;Bolivia (Plurinational State of)_2008;3308,578;9721,454;6291,277;-0,7;Americas;;64,72;;
Bolivia (Plurinational State of);2009;67,28163;87,15479;97,39978;;;;Bolivia (Plurinational State of)_2009;3319,56;9884,781;6439,188;-0,51;Americas;;65,14;;
Bolivia (Plurinational State of);2010;68,63637;87,91364;97,6553;;;;Bolivia (Plurinational State of)_2010;3329,54;10048,59;6588,702;-0,42;Americas;;65,57;;
Bolivia (Plurinational State of);2011;69,99111;88,6619;97,91046;;;;Bolivia (Plurinational State of)_2011;3338,591;10212,954;6739,752;-0,42;Americas;;65,99;;
Bolivia (Plurinational State of);2012;71,34585;89,39959;98,16563;;;;Bolivia (Plurinational State of)_2012;3346,648;10377,676;6892,356;-0,46;Americas;;66,42;;
Bolivia (Plurinational State of);2013;72,70058;90,11292;98,4208;;;;Bolivia (Plurinational State of)_2013;3359,417;10542,377;7040,847;-0,33;Americas;;66,79;;
Bolivia (Plurinational State of);2014;74,05533;90,80893;98,67597;;;;Bolivia (Plurinational State of)_2014;3374,918;10706,517;7187,241;-0,33;Americas;;67,13;;
Bolivia (Plurinational State of);2015;75,41006;91,49683;98,93114;;;;Bolivia (Plurinational State of)_2015;3389,712;10869,73;7334,993;-0,27;Americas;;67,48;;
Bolivia (Plurinational State of);2016;76,7648;92,1769;99,18631;;;;Bolivia (Plurinational State of)_2016;3403,747;11031,814;7484,135;-0,25;Americas;5,57744;67,84;;0,9333
Bolivia (Plurinational State of);2017;78,11954;92,84873;99,44147;;;;Bolivia (Plurinational State of)_2017;3417,155;11192,855;7634,445;-0,28;Americas;;68,21;;
Bosnia and Herzegovina;2000;96,25556;97,2697;98,64832;;87,34998;;Bosnia and Herzegovina_2000;2170,238;3751,176;1596,468;-0,53;Europe;;42,56;9,92;
Bosnia and Herzegovina;2001;96,35999;97,22156;98,3778;;87,47272;;Bosnia and Herzegovina_2001;2161,008;3755,512;1610,276;;Europe;;42,88;9,75;
Bosnia and Herzegovina;2002;96,46407;97,17081;98,10712;;87,59462;;Bosnia and Herzegovina_2002;2151,678;3759,387;1624,129;-0,16;Europe;;43,2;9,58;
Bosnia and Herzegovina;2003;96,56778;97,11742;97,83627;;87,71558;;Bosnia and Herzegovina_2003;2141,685;3762,173;1637,562;-0,4;Europe;;43,53;9,4;
Bosnia and Herzegovina;2004;96,67113;97,06139;97,56524;;87,83569;;Bosnia and Herzegovina_2004;2130,843;3764,194;1650,444;0,02;Europe;;43,85;9,23;
Bosnia and Herzegovina;2005;96,77412;97,00271;97,29405;;87,95483;;Bosnia and Herzegovina_2005;2118,996;3765,331;1662,534;-0,5;Europe;;44,15;9,05;
Bosnia and Herzegovina;2006;96,87675;96,94138;97,02269;;88,07303;;Bosnia and Herzegovina_2006;2105,827;3765,424;1673,641;-0,44;Europe;;44,45;8,87;
Bosnia and Herzegovina;2007;96,97903;96,8774;96,75116;;88,19037;;Bosnia and Herzegovina_2007;2090,767;3762,786;1683,233;-0,63;Europe;;44,73;8,69;
Bosnia and Herzegovina;2008;97,08093;96,81075;96,47946;;88,30676;;Bosnia and Herzegovina_2008;2072,991;3754,271;1690,608;-0,54;Europe;;45,03;8,5;
Bosnia and Herzegovina;2009;97,18248;96,74146;96,20759;;88,42222;;Bosnia and Herzegovina_2009;2051,664;3735,938;1694,897;-0,67;Europe;;45,37;8,32;
Bosnia and Herzegovina;2010;97,28367;96,66949;95,93555;;88,53674;;Bosnia and Herzegovina_2010;2026,365;3705,472;1695,719;-0,69;Europe;;45,76;8,13;
Bosnia and Herzegovina;2011;97,3845;96,59486;95,66335;;88,65034;;Bosnia and Herzegovina_2011;1996,478;3661,175;1692,387;-0,82;Europe;;46,23;7,94;
Bosnia and Herzegovina;2012;97,35945;96,45003;95,39097;;88,70229;;Bosnia and Herzegovina_2012;1962,769;3604,972;1685,431;-0,54;Europe;;46,75;7,75;
Bosnia and Herzegovina;2013;97,425;96,35201;95,11842;;88,79768;;Bosnia and Herzegovina_2013;1927,984;3542,606;1677,015;-0,4;Europe;;47,34;7,55;
Bosnia and Herzegovina;2014;97,33334;96,16813;94,8457;;88,81718;;Bosnia and Herzegovina_2014;1895,685;3482,105;1670,317;-0,02;Europe;;47,97;7,35;
Bosnia and Herzegovina;2015;97,33334;96,15984;94,8457;;88,82513;;Bosnia and Herzegovina_2015;1867,937;3429,361;1668,024;-0,4;Europe;;48,64;7,33;
Bosnia and Herzegovina;2016;97,33334;96,15126;94,8457;;88,83336;;Bosnia and Herzegovina_2016;1845,681;3386,266;1671,135;-0,4;Europe;0,07872;49,35;7,32;0,9804
Bosnia and Herzegovina;2017;97,33334;96,14236;94,8457;;88,8419;;Bosnia and Herzegovina_2017;1828,006;3351,525;1679,011;-0,35;Europe;;50,1;7,3;
Botswana;2000;53,57892;75,19897;94,20359;;;84,02139;Botswana_2000;808,537;1643,334;919,803;1,07;Africa;;55,97;;
Botswana;2001;53,68024;75,54352;94,12136;;;83,94804;Botswana_2001;806,191;1674,678;948,744;;Africa;;56,65;;
Botswana;2002;53,78156;75,75011;94,03912;;;83,8747;Botswana_2002;808,627;1704,642;971,326;0,87;Africa;;56,98;;
Botswana;2003;53,88288;75,9352;93,95689;;;83,80135;Botswana_2003;811,427;1734,398;992,912;1,11;Africa;;57,25;;
Botswana;2004;53,9842;76,11861;93,87465;;;83,728;Botswana_2004;814,278;1765,527;1015,052;0,92;Africa;;57,49;;
Botswana;2005;54,08552;76,29915;93,79242;;;83,65466;Botswana_2005;817,614;1799,078;1038,238;1,06;Africa;;57,71;;
Botswana;2006;55,83842;77,40119;94,07028;;;84,03082;Botswana_2006;821,528;1835,908;1062,71;1,02;Africa;;57,88;;
Botswana;2007;57,59751;78,88605;94,34751;;;83,95708;Botswana_2007;805,426;1875,459;1108,988;1,06;Africa;;59,13;;
Botswana;2008;59,36277;80,32352;94,62411;;;83,88334;Botswana_2008;789,368;1915,639;1156,983;1,03;Africa;;60,4;;
Botswana;2009;61,13421;81,71011;94,90008;;;83,8096;Botswana_2009;773,398;1953,498;1206,484;0,95;Africa;;61,76;;
Botswana;2010;62,91182;83,04817;95,17541;;;83,73586;Botswana_2010;757,339;1987,105;1257,527;0,99;Africa;;63,28;;
Botswana;2011;64,69561;84,33698;95,45011;;;83,66212;Botswana_2011;741,251;2015,403;1310,088;1,06;Africa;;65,0;;
Botswana;2012;66,48558;85,42284;95,72418;;;83,58837;Botswana_2012;736,104;2039,556;1353,211;1,1;Africa;;66,35;;
Botswana;2013;68,28172;86,45559;95,99762;;;83,51463;Botswana_2013;732,803;2062,548;1395,704;1,1;Africa;;67,67;;
Botswana;2014;70,08404;87,46342;96,27043;;;83,44089;Botswana_2014;729,332;2088,618;1439,241;1,01;Africa;;68,91;;
Botswana;2015;71,89253;88,44628;96,5426;;;83,36715;Botswana_2015;725,61;2120,716;1483,587;1,04;Africa;;69,96;;
Botswana;2016;73,70721;89,40444;96,81415;;;83,29341;Botswana_2016;721,58;2159,927;1528,68;0,99;Africa;11,76669;70,77;;0,8888
Botswana;2017;75,52805;90,33772;97,08505;;;83,21967;Botswana_2017;717,29;2205,08;1574,371;1,02;Africa;;71,4;;
Brazil;2000;74,07692;93,65429;98,18935;;;91,21861;Brazil_2000;32968,08;174790,34;142319,507;0,19;Americas;;81,42;;
Brazil;2001;74,93878;93,95515;98,25658;;;91,28107;Brazil_2001;32789,772;177196,054;144960,898;;Americas;;81,81;;
Brazil;2002;75,80064;94,24261;98,32382;;;91,34353;Brazil_2002;32643,261;179537,52;147507,76;0,33;Americas;;82,16;;
Brazil;2003;76,66251;94,52402;98,39105;;;91,40599;Brazil_2003;32477,004;181809,246;150005,145;0,01;Americas;;82,51;;
Brazil;2004;77,52437;94,79925;98,45829;;;91,46844;Brazil_2004;32290,174;184006,481;152448,284;-0,28;Americas;;82,85;;
Brazil;2005;78,38623;95,06841;98,52552;;;91,53091;Brazil_2005;32085,721;186127,103;154831,64;-0,26;Americas;;83,19;;
Brazil;2006;79,24809;95,33183;98,59275;;;91,59337;Brazil_2006;31861,129;188167,356;157151,283;-0,29;Americas;;83,52;;
Brazil;2007;80,10995;95,58958;98,65999;;;91,65583;Brazil_2007;31618,718;190130,443;159407,919;-0,36;Americas;;83,84;;
Brazil;2008;80,97181;95,84179;98,72722;;;91,71829;Brazil_2008;31361,744;192030,362;161617,285;-0,31;Americas;;84,16;;
Brazil;2009;81,83367;96,08819;98,79446;;;91,78075;Brazil_2009;31097,565;193886,508;163798,431;0,17;Americas;;84,48;;
Brazil;2010;82,69553;96,32925;98,86169;;;91,84321;Brazil_2010;30827,251;195713,635;165969,018;0,01;Americas;;84,8;;
Brazil;2011;83,5574;96,56647;98,92892;;;91,90567;Brazil_2011;30536,433;197514,536;168150,255;-0,13;Americas;;85,13;;
Brazil;2012;84,41926;96,79839;98,99615;;;91,96813;Brazil_2012;30238,865;199287,299;170322,118;0,05;Americas;;85,47;;
Brazil;2013;85,28111;97,02485;99,06339;;;92,03059;Brazil_2013;29937,266;201035,912;172471,366;-0,26;Americas;;85,79;;
Brazil;2014;86,14297;97,24637;99,13062;;;92,09305;Brazil_2014;29627,255;202763,739;174585,878;-0,07;Americas;;86,1;;
Brazil;2015;87,00484;97,60592;99,36473;;;92,15551;Brazil_2015;29308,408;204471,769;176653,7;-0,33;Americas;;86,4;;
Brazil;2016;87,8667;97,84798;99,46718;;;92,21797;Brazil_2016;28983,278;206163,053;178669,587;-0,38;Americas;1,047;86,66;;0,9841
Brazil;2017;89,73862;98,19339;99,53455;;;92,28043;Brazil_2017;28654,406;207833,823;180633,872;-0,42;Americas;;86,91;;
Brunei Darussalam;2000;;99,90001;;;;;Brunei Darussalam_2000;96,095;333,165;237,146;1,3;Western Pacific;;71,18;;
Brunei Darussalam;2001;;99,90001;;;;;Brunei Darussalam_2001;96,416;340,034;243,701;;Western Pacific;;71,67;;
Brunei Darussalam;2002;;99,90001;;;;;Brunei Darussalam_2002;96,965;346,782;249,902;1,16;Western Pacific;;72,06;;
Brunei Darussalam;2003;;99,90001;;;;;Brunei Darussalam_2003;97,461;353,293;255,928;1,15;Western Pacific;;72,44;;
Brunei Darussalam;2004;;99,90001;;;;;Brunei Darussalam_2004;97,812;359,433;261,711;1,37;Western Pacific;;72,81;;
Brunei Darussalam;2005;;99,90001;;;;;Brunei Darussalam_2005;97,998;365,114;267,16;1,21;Western Pacific;;73,17;;
Brunei Darussalam;2006;;99,90001;;;;;Brunei Darussalam_2006;98,01;370,263;272,24;1,12;Western Pacific;;73,53;;
Brunei Darussalam;2007;;99,90001;;;;;Brunei Darussalam_2007;97,871;374,965;276,993;1,11;Western Pacific;;73,87;;
Brunei Darussalam;2008;;99,90001;;;;;Brunei Darussalam_2008;97,651;379,421;281,601;1,13;Western Pacific;;74,22;;
Brunei Darussalam;2009;;99,90001;;;;;Brunei Darussalam_2009;97,449;383,906;286,323;1,39;Western Pacific;;74,58;;
Brunei Darussalam;2010;;99,90001;;;;;Brunei Darussalam_2010;97,318;388,646;291,344;1,28;Western Pacific;;74,96;;
Brunei Darussalam;2011;;99,90001;;;;;Brunei Darussalam_2011;97,28;393,688;296,733;1,09;Western Pacific;;75,37;;
Brunei Darussalam;2012;;99,90001;;;;;Brunei Darussalam_2012;97,314;398,989;302,434;0,91;Western Pacific;;75,8;;
Brunei Darussalam;2013;;99,90001;;;;;Brunei Darussalam_2013;97,386;404,421;308,33;1,07;Western Pacific;;76,24;;
Brunei Darussalam;2014;;99,90001;;;;;Brunei Darussalam_2014;97,441;409,769;314,263;1,26;Western Pacific;;76,69;;
Brunei Darussalam;2015;;99,90001;;;;;Brunei Darussalam_2015;97,44;414,907;320,102;1,24;Western Pacific;;77,15;;
Brunei Darussalam;2016;;99,90001;;;;;Brunei Darussalam_2016;97,378;419,8;325,818;1,15;Western Pacific;0,0452;77,61;;0,9993
Brunei Darussalam;2017;;99,90001;;;;;Brunei Darussalam_2017;97,263;424,473;331,434;1,16;Western Pacific;;78,08;;
Bulgaria;2000;99,47295;99,74083;99,86176;;96,83743;;Bulgaria_2000;2487,423;7997,957;5510,364;0,38;Europe;;68,9;2,9;
Bulgaria;2001;99,47243;99,74168;99,86172;;96,83825;;Bulgaria_2001;2445,343;7930,703;5485,203;;Europe;;69,16;2,9;
Bulgaria;2002;99,4719;99,73834;99,85513;;96,83501;;Bulgaria_2002;2397,299;7866,239;5468,787;0,47;Europe;;69,52;2,9;
Bulgaria;2003;99,43784;99,71145;99,82938;;96,80889;;Bulgaria_2003;2350,579;7804,312;5453,302;0,17;Europe;;69,88;2,9;
Bulgaria;2004;99,33842;99,66514;99,80362;;96,76394;;Bulgaria_2004;2304,921;7744,632;5438,343;0,0;Europe;;70,22;2,9;
Bulgaria;2005;99,23898;99,61935;99,77786;;96,71947;;Bulgaria_2005;2260,279;7686,962;5423,484;0,15;Europe;;70,55;2,9;
Bulgaria;2006;99,13956;99,57405;99,75211;;96,6755;;Bulgaria_2006;2216,404;7631,012;5408,555;0,4;Europe;;70,88;2,9;
Bulgaria;2007;99,04013;99,52925;99,72635;;96,632;;Bulgaria_2007;2173,353;7576,672;5393,596;0,36;Europe;;71,19;2,9;
Bulgaria;2008;98,9407;99,48495;99,7006;;96,589;;Bulgaria_2008;2131,248;7524,087;5379,083;0,37;Europe;;71,49;2,9;
Bulgaria;2009;98,84127;99,44113;99,67484;;96,70982;;Bulgaria_2009;2090,439;7473,513;5365,591;0,35;Europe;;71,79;2,73;
Bulgaria;2010;98,74184;99,3978;99,64909;;96,83096;;Bulgaria_2010;2050,944;7425,008;5353,646;0,36;Europe;;72,1;2,57;
Bulgaria;2011;98,64242;99,35493;99,62333;;96,95243;;Bulgaria_2011;2012,821;7378,65;5343,392;0,3;Europe;;72,42;2,4;
Bulgaria;2012;98,54299;99,31258;99,59757;;97,07426;;Bulgaria_2012;1975,613;7334,003;5334,77;0,38;Europe;;72,74;2,24;
Bulgaria;2013;98,44357;99,27072;99,57182;;97,03456;;Bulgaria_2013;1939,116;7290,088;5327,025;0,17;Europe;;73,07;2,24;
Bulgaria;2014;98,34413;99,22936;99,54606;;97,01165;;Bulgaria_2014;1902,938;7245,646;5319,207;0,08;Europe;;73,41;2,22;
Bulgaria;2015;98,24471;99,18851;99,5203;;96,98926;;Bulgaria_2015;1866,828;7199,741;5310,568;0,02;Europe;;73,76;2,2;
Bulgaria;2016;98,14528;99,14818;99,49454;;96,96734;;Bulgaria_2016;1830,702;7151,953;5300,792;0,08;Europe;0,12884;74,12;2,18;0,9951
Bulgaria;2017;98,04585;99,10835;99,46879;;96,94594;;Bulgaria_2017;1794,614;7102,444;5289,957;0,33;Europe;;74,48;2,16;
Burkina Faso;2000;50,78503;54,91951;73,95518;;;;Burkina Faso_2000;9536,675;11607,942;2071,267;0,06;Africa;;17,84;;
Burkina Faso;2001;50,78503;55,08078;73,95518;;;;Burkina Faso_2001;9730,105;11944,587;2214,482;;Africa;;18,54;;
Burkina Faso;2002;49,86592;54,57504;74,31876;;;;Burkina Faso_2002;9925,754;12293,1;2367,346;-0,31;Africa;;19,26;;
Burkina Faso;2003;48,93773;54,08577;74,68311;;;;Burkina Faso_2003;10124,154;12654,621;2530,467;0,07;Africa;;20,0;;
Burkina Faso;2004;48,00047;53,61477;75,04821;;;;Burkina Faso_2004;10325,765;13030,569;2704,804;-0,08;Africa;;20,76;;
Burkina Faso;2005;47,05412;53,16201;75,41408;;;;Burkina Faso_2005;10531,202;13421,93;2890,728;-0,06;Africa;;21,54;;
Burkina Faso;2006;46,09871;52,72937;75,78071;;;;Burkina Faso_2006;10739,81;13829,176;3089,367;0,16;Africa;;22,34;;
Burkina Faso;2007;45,13421;52,26617;76,1481;;;;Burkina Faso_2007;10974,579;14252,021;3277,442;0,31;Africa;;23,0;;
Burkina Faso;2008;44,16063;51,77521;76,51627;;;;Burkina Faso_2008;11232,644;14689,725;3457,082;0,12;Africa;;23,53;;
Burkina Faso;2009;43,17798;51,29434;76,88519;;;;Burkina Faso_2009;11495,301;15141,098;3645,798;0,03;Africa;;24,08;;
Burkina Faso;2010;42,18625;50,8247;77,25488;;;;Burkina Faso_2010;11761,192;15605,217;3844,025;-0,12;Africa;;24,63;;
Burkina Faso;2011;41,18544;50,36684;77,62532;;;;Burkina Faso_2011;12029,972;16081,913;4051,932;-0,56;Africa;;25,2;;
Burkina Faso;2012;40,17556;49,92089;77,99654;;;;Burkina Faso_2012;12301,228;16571,253;4269,988;-0,57;Africa;;25,77;;
Burkina Faso;2013;39,15659;49,48737;78,36852;;;;Burkina Faso_2013;12574,71;17072,785;4498,013;-0,76;Africa;;26,35;;
Burkina Faso;2014;38,12855;49,06718;78,74126;;;;Burkina Faso_2014;12849,371;17586,03;4736,606;-0,79;Africa;;26,93;;
Burkina Faso;2015;37,09143;48,66046;79,11476;;;;Burkina Faso_2015;13124,769;18110,624;4985,855;-0,61;Africa;;27,53;;
Burkina Faso;2016;36,04524;48,26772;79,48904;;;;Burkina Faso_2016;13400,521;18646,357;5245,912;-0,87;Africa;49,64125;28,13;;0,4957
Burkina Faso;2017;34,98996;47,88813;79,86407;;;;Burkina Faso_2017;13676,652;19193,234;5516,73;-0,93;Africa;;28,74;;
Burundi;2000;47,84253;50,66312;82,04812;;;;Burundi_2000;5872,887;6378,871;527,819;-2,02;Africa;;8,27;;
Burundi;2001;48,34402;51,23447;82,50614;;;;Burundi_2001;6001,113;6525,545;554,716;;Africa;;8,5;;
Burundi;2002;48,84735;51,80933;82,96368;;;;Burundi_2002;6156,269;6704,113;585,3;-2,29;Africa;;8,73;;
Burundi;2003;49,35253;52,38733;83,42075;;;;Burundi_2003;6333,751;6909,154;619,362;-2,24;Africa;;8,96;;
Burundi;2004;49,85955;52,96843;83,87734;;;;Burundi_2004;6526,045;7131,693;656,406;-2,52;Africa;;9,2;;
Burundi;2005;50,36841;53,55263;84,33345;;;;Burundi_2005;6727,349;7364,862;695,94;-1,52;Africa;;9,45;;
Burundi;2006;50,87911;54,14023;84,78909;;;;Burundi_2006;6937,204;7607,849;738,134;-1,43;Africa;;9,7;;
Burundi;2007;51,39165;54,73087;85,24426;;;;Burundi_2007;7156,384;7862,214;783,189;-1,38;Africa;;9,96;;
Burundi;2008;51,90603;55,3252;85,69894;;;;Burundi_2008;7381,365;8126,102;830,899;-1,64;Africa;;10,23;;
Burundi;2009;52,42226;55,92218;86,15315;;;;Burundi_2009;7608,188;8397,668;880,843;-1,27;Africa;;10,49;;
Burundi;2010;52,94032;56,52312;86,6069;;;;Burundi_2010;7833,959;8675,602;932,971;-1,63;Africa;;10,75;;
Burundi;2011;53,46023;57,12766;87,06015;;;;Burundi_2011;8056,443;8958,406;987,065;-1,81;Africa;;11,02;;
Burundi;2012;53,98198;57,73544;87,51294;;;;Burundi_2012;8276,416;9245,988;1043,294;-1,7;Africa;;11,28;;
Burundi;2013;54,50557;58,34741;87,96525;;;;Burundi_2013;8497,927;9540,291;1102,259;-1,35;Africa;;11,55;;
Burundi;2014;55,03099;58,96254;88,41708;;;;Burundi_2014;8726,909;9844,299;1164,881;-0,78;Africa;;11,83;;
Burundi;2015;55,55827;59,58147;88,86844;;;;Burundi_2015;8967,359;10160,03;1231,911;-1,94;Africa;;12,13;;
Burundi;2016;56,08738;60,20415;89,31932;;;;Burundi_2016;9220,356;10487,995;1303,761;-1,97;Africa;65,40117;12,43;;0,4774
Burundi;2017;56,61833;60,83055;89,76972;;;;Burundi_2017;9483,827;10827,019;1380,418;-2,01;Africa;;12,75;;
Cabo Verde;2000;70,31297;78,77496;86,14902;;;;Cabo Verde_2000;202,594;428,188;232,485;1,22;Africa;;54,3;;
Cabo Verde;2001;70,41384;78,95663;86,14902;;;;Cabo Verde_2001;202,818;435,709;240,898;;Africa;;55,29;;
Cabo Verde;2002;70,51471;79,13641;86,14902;;;;Cabo Verde_2002;202,789;442,951;249,317;0,73;Africa;;56,29;;
Cabo Verde;2003;70,61558;79,31384;86,14902;;;;Cabo Verde_2003;202,478;449,93;257,669;0,92;Africa;;57,27;;
Cabo Verde;2004;70,71644;79,82119;86,73296;;;;Cabo Verde_2004;201,814;456,617;265,85;1,04;Africa;;58,22;;
Cabo Verde;2005;70,81731;80,33575;87,3169;;;;Cabo Verde_2005;200,793;463,032;273,774;0,75;Africa;;59,13;;
Cabo Verde;2006;70,91817;80,85796;87,90084;;;;Cabo Verde_2006;199,391;469,17;281,404;0,96;Africa;;59,98;;
Cabo Verde;2007;71,01904;81,38723;88,48479;;;;Cabo Verde_2007;197,671;475,06;288,767;0,88;Africa;;60,79;;
Cabo Verde;2008;71,11991;81,92402;89,06873;;;;Cabo Verde_2008;195,736;480,842;295,987;0,81;Africa;;61,56;;
Cabo Verde;2009;71,22078;82,46719;89,65267;;;;Cabo Verde_2009;193,735;486,671;303,228;0,82;Africa;;62,31;;
Cabo Verde;2010;71,32165;83,01506;90,23661;;;;Cabo Verde_2010;191,807;492,654;310,577;0,84;Africa;;63,04;;
Cabo Verde;2011;71,42251;83,51176;90,82056;;;;Cabo Verde_2011;191,43;498,857;316,637;0,72;Africa;;63,47;;
Cabo Verde;2012;71,52338;84,01289;91,4045;;;;Cabo Verde_2012;191,091;505,235;322,888;0,81;Africa;;63,91;;
Cabo Verde;2013;71,62424;84,51824;91,98844;;;;Cabo Verde_2013;190,793;511,748;329,313;0,78;Africa;;64,35;;
Cabo Verde;2014;71,72511;85,02776;92,57238;;;;Cabo Verde_2014;190,519;518,271;335,918;0,35;Africa;;64,82;;
Cabo Verde;2015;72,8726;85,87881;93,1;;;;Cabo Verde_2015;190,25;524,743;342,663;0,87;Africa;;65,3;;
Cabo Verde;2016;74,32441;86,48798;93,1;;;;Cabo Verde_2016;190,01;531,146;349,55;0,89;Africa;4,13675;65,81;;0,912
Cabo Verde;2017;75,78001;87,08321;93,1;;;;Cabo Verde_2017;189,808;537,498;356,58;0,77;Africa;;66,34;;
Cambodia;2000;47,04868;52,34763;75,55914;10,80921;16,87518;43,4465;Cambodia_2000;9893,668;12155,239;2258,686;-0,78;Western Pacific;;18,58;35,47;
Cambodia;2001;48,56391;53,86402;76,90221;11,15437;17,3384;44,21877;Cambodia_2001;10082,881;12405,408;2319,592;;Western Pacific;;18,7;36,53;
Cambodia;2002;50,07994;55,37462;78,21317;11,49953;17,80264;44,99103;Cambodia_2002;10256,921;12637,727;2377,808;-0,73;Western Pacific;;18,82;37,57;
Cambodia;2003;51,59677;56,88014;79,49651;11,8447;18,26786;45,7633;Cambodia_2003;10419,109;12856,163;2434,015;-0,65;Western Pacific;;18,93;38,61;
Cambodia;2004;53,11439;58,38566;80,77785;12,18986;18,73443;46,53556;Cambodia_2004;10574,098;13066,469;2489,279;-0,41;Western Pacific;;19,05;39,65;
Cambodia;2005;54,6328;59,89115;82,05719;12,53502;19,20236;47,30783;Cambodia_2005;10725,787;13273,354;2544,414;-0,4;Western Pacific;;19,17;40,69;
Cambodia;2006;56,15201;61,39634;83,33453;12,88019;19,6713;48,08009;Cambodia_2006;10874,842;13477,709;2599,647;-0,35;Western Pacific;;19,29;41,73;
Cambodia;2007;57,67202;62,90147;84,60988;13,22535;20,14162;48,85236;Cambodia_2007;11021,653;13679,962;2655,04;-0,36;Western Pacific;;19,41;42,76;
Cambodia;2008;59,19283;64,4164;85,88323;13,57051;20,62666;49,62462;Cambodia_2008;11163,903;13883,834;2716,606;-0,3;Western Pacific;;19,57;43,79;
Cambodia;2009;60,71442;65,98395;87,15458;13,91568;21,18638;50,39688;Cambodia_2009;11282,037;14093,604;2808,171;-0,56;Western Pacific;;19,93;44,8;
Cambodia;2010;62,23682;67,55123;88,42393;14,26084;21,75101;51,16915;Cambodia_2010;11404,934;14312,212;2903,806;-0,5;Western Pacific;;20,29;45,8;
Cambodia;2011;63,76001;69,11819;89,69129;14,606;22,32062;51,94141;Cambodia_2011;11533,945;14541,423;3003,941;-0,3;Western Pacific;;20,66;46,8;
Cambodia;2012;65,284;70,68475;90,95666;14,95117;22,89527;52,71368;Cambodia_2012;11668,224;14780,454;3108,642;-0,1;Western Pacific;;21,03;47,79;
Cambodia;2013;66,80878;72,2506;92,22002;15,29633;23,47464;53,48594;Cambodia_2013;11805,508;15026,332;3217,184;-0,14;Western Pacific;;21,41;48,78;
Cambodia;2014;68,33435;73,81615;93,48138;15,64149;24,05955;54,25821;Cambodia_2014;11941,876;15274,503;3328,914;0,02;Western Pacific;;21,79;49,76;
Cambodia;2015;69,86073;75,3811;94,74075;15,98666;24,6497;55,03047;Cambodia_2015;12074,599;15521,436;3443,036;0,06;Western Pacific;;22,18;50,73;
Cambodia;2016;71,38789;76,94537;95,99812;16,33182;25,24514;55,80273;Cambodia_2016;12202,907;15766,292;3559,463;0,21;Western Pacific;6,47033;22,58;51,7;0,8527
Cambodia;2017;72,89664;78,51066;97,32665;16,67698;25,84555;56,575;Cambodia_2017;12327,338;16009,409;3678,035;0,09;Western Pacific;;22,97;52,67;
Cameroon;2000;37,93732;59,17722;84,57535;;;;Cameroon_2000;8318,116;15513,945;6956,118;-0,56;Africa;;44,84;;
Cameroon;2001;38,10889;59,35527;84,15752;;;;Cameroon_2001;8441,086;15928,91;7230,841;;Africa;;45,39;;
Cameroon;2002;38,26654;59,5176;83,73504;;;;Cameroon_2002;8567,125;16357,602;7517,761;-0,68;Africa;;45,96;;
Cameroon;2003;38,41027;59,6639;83,30788;;;;Cameroon_2003;8696,474;16800,865;7817,348;-0,43;Africa;;46,53;;
Cameroon;2004;38,54007;59,79475;82,87607;;;;Cameroon_2004;8828,9;17259,322;8130,181;-0,36;Africa;;47,11;;
Cameroon;2005;38,65596;59,90897;82,43958;;;;Cameroon_2005;8964,62;17733,41;8456,175;-0,18;Africa;;47,68;;
Cameroon;2006;38,75793;60,00761;81,99844;;;;Cameroon_2006;9103,242;18223,674;8796,32;-0,25;Africa;;48,27;;
Cameroon;2007;38,84598;60,09083;81,55262;;;;Cameroon_2007;9244,465;18730,282;9150,924;-0,33;Africa;;48,86;;
Cameroon;2008;38,92011;60,15876;81,10215;;;;Cameroon_2008;9387,386;19252,666;9519,622;-0,55;Africa;;49,45;;
Cameroon;2009;38,98032;60,21116;80,647;;;;Cameroon_2009;9530,836;19789,919;9901,705;-0,47;Africa;;50,03;;
Cameroon;2010;39,02661;60,2486;80,18719;;;;Cameroon_2010;9673,887;20341,241;10296,608;-0,74;Africa;;50,62;;
Cameroon;2011;39,05898;60,27082;79,72272;;;;Cameroon_2011;9816,164;20906,388;10704,283;-0,66;Africa;;51,2;;
Cameroon;2012;39,07743;60,27799;79,25359;;;;Cameroon_2012;9957,503;21485,265;11124,88;-0,59;Africa;;51,78;;
Cameroon;2013;39,08195;60,26988;78,77979;;;;Cameroon_2013;10097,48;22077,294;11558,235;-0,53;Africa;;52,35;;
Cameroon;2014;39,07256;60,24668;78,30132;;;;Cameroon_2014;10235,717;22681,852;12004,187;-1,06;Africa;;52,92;;
Cameroon;2015;39,04925;60,20856;77,81819;;;;Cameroon_2015;10371,907;23298,368;12462,615;-0,99;Africa;;53,49;;
Cameroon;2016;39,01202;60,15572;77,3304;;;;Cameroon_2016;10505,784;23926,551;12933,405;-1,06;Africa;45,15287;54,05;;0,5774
Cameroon;2017;39,01202;60,38486;77,3304;;;;Cameroon_2017;10637,19;24566,073;13416,537;-1,1;Africa;;54,61;;
Canada;2000;98,1768;99,11182;99,35326;;98,21185;;Canada_2000;6307,7;30588,383;24428,073;1,17;Americas;;79,86;0,9;
Canada;2001;98,1768;99,11573;99,35326;;98,21967;;Canada_2001;6263,924;30880,073;24760,808;;Americas;;80,18;0,9;
Canada;2002;98,1768;99,11665;99,35326;;98,22151;;Canada_2002;6299,155;31178,263;25021,734;1,22;Americas;;80,25;0,9;
Canada;2003;98,1768;99,11758;99,35326;;98,22337;;Canada_2003;6336,148;31488,048;25291,658;1,05;Americas;;80,32;0,89;
Canada;2004;98,1768;99,11849;99,35326;;98,22521;;Canada_2004;6375,632;31815,494;25573,785;0,88;Americas;;80,38;0,89;
Canada;2005;98,23095;99,14313;99,36944;;98,27436;;Canada_2005;6418,127;32164,309;25869,853;0,83;Americas;;80,43;0,87;
Canada;2006;98,2851;99,16786;99,38562;;98,32373;;Canada_2006;6459,512;32536,987;26185,971;1,04;Americas;;80,48;0,84;
Canada;2007;98,33925;99,1935;99,4018;;98,37495;;Canada_2007;6473,183;32930,794;26546,749;1,01;Americas;;80,61;0,82;
Canada;2008;98,3934;99,21899;99,41798;;98,42589;;Canada_2008;6487,802;33337,638;26916,746;1,04;Americas;;80,74;0,79;
Canada;2009;98,44755;99,24432;99,43416;;98,47654;;Canada_2009;6501,752;33746,093;27288,079;1,13;Americas;;80,86;0,77;
Canada;2010;98,5017;99,2695;99,45034;;98,52692;;Canada_2010;6513,437;34147,564;27655,231;0,94;Americas;;80,99;0,74;
Canada;2011;98,55585;99,29436;99,46651;;98,57668;;Canada_2011;6529,238;34539,159;28009,384;1,08;Americas;;81,09;0,72;
Canada;2012;98,61;99,31808;99,4827;;98,62414;;Canada_2012;6583,389;34922,03;28317,316;1,11;Americas;;81,09;0,69;
Canada;2013;98,66415;99,34177;99,49888;;98,67155;;Canada_2013;6635,934;35296,528;28619,561;1,06;Americas;;81,08;0,67;
Canada;2014;98,7183;99,36541;99,51506;;98,71889;;Canada_2014;6687,15;35664,337;28917,578;1,18;Americas;;81,08;0,65;
Canada;2015;98,77245;99,38903;99,53123;;98,76622;;Canada_2015;6737,308;36026,676;29212,401;1,27;Americas;;81,09;0,62;
Canada;2016;98,8266;99,41262;99,54742;;98,8135;;Canada_2016;6786,28;36382,944;29503,542;1,26;Americas;0,36794;81,09;0,6;0,9953
Canada;2017;98,88074;99,43624;99,5636;;98,86086;;Canada_2017;6830,253;36732,095;29793,946;1,1;Americas;;81,11;0,58;
Central African Republic;2000;44,00963;58,26147;81,87418;;;;Central African Republic_2000;2341,659;3640,427;1413,327;-1,12;Africa;;38,82;;
Central African Republic;2001;43,20408;57,25076;80,44343;;;;Central African Republic_2001;2386,683;3722,018;1445,52;;Africa;;38,84;;
Central African Republic;2002;42,38949;56,23397;79,01315;;;;Central African Republic_2002;2430,45;3802,128;1477,162;-1,73;Africa;;38,85;;
Central African Republic;2003;41,56586;55,21073;77,58335;;;;Central African Republic_2003;2473,248;3881,181;1508,417;-1,54;Africa;;38,86;;
Central African Republic;2004;40,73318;54,18106;76,15402;;;;Central African Republic_2004;2515,494;3959,875;1539,542;-1,42;Africa;;38,88;;
Central African Republic;2005;39,89146;53,1523;74,72516;;;;Central African Republic_2005;2556,449;4038,382;1571,461;-1,43;Africa;;38,91;;
Central African Republic;2006;39,04069;52,12411;73,29677;;;;Central African Republic_2006;2596,96;4118,069;1604,798;-1,85;Africa;;38,97;;
Central African Republic;2007;38,18088;51,09652;71,86886;;;;Central African Republic_2007;2636,499;4198,01;1639,301;-1,85;Africa;;39,05;;
Central African Republic;2008;37,31203;50,06883;70,44141;;;;Central African Republic_2008;2672,155;4273,366;1673,231;-1,84;Africa;;39,15;;
Central African Republic;2009;36,43413;49,04075;69,01444;;;;Central African Republic_2009;2700,048;4337,625;1704,182;-1,91;Africa;;39,29;;
Central African Republic;2010;35,54718;48,01232;67,58794;;;;Central African Republic_2010;2717,873;4386,768;1730,652;-2,02;Africa;;39,45;;
Central African Republic;2011;34,6512;46,98291;66,16191;;;;Central African Republic_2011;2724,4;4418,637;1751,753;-1,79;Africa;;39,64;;
Central African Republic;2012;33,74616;45,95258;64,73635;;;;Central African Republic_2012;2721,724;4436,416;1768,692;-1,85;Africa;;39,87;;
Central African Republic;2013;33,74616;46,0378;64,73635;;;;Central African Republic_2013;2714,965;4447,944;1784,688;-2,15;Africa;;40,12;;
Central African Republic;2014;33,74616;46,12954;64,73635;;;;Central African Republic_2014;2711,077;4464,175;1804,315;-2,7;Africa;;40,42;;
Central African Republic;2015;33,74616;46,22808;64,73635;;;;Central African Republic_2015;2715,046;4493,17;1831,054;-1,9;Africa;;40,75;;
Central African Republic;2016;33,74616;46,33376;64,73635;;;;Central African Republic_2016;2728,393;4537,686;1866,228;-1,79;Africa;82,11312;41,13;;0,3253
Chad;2000;31,73133;41,41298;76,47713;;;;Chad_2000;6537,507;8355,654;1805,052;-1,14;Africa;;21,6;;
Chad;2001;31,61752;41,2723;76,17123;;;;Chad_2001;6785,78;8678,051;1877,232;;Africa;;21,63;;
Chad;2002;31,50131;41,12691;75,85481;;;;Chad_2002;7048,105;9019,233;1953,584;-1,56;Africa;;21,66;;
Chad;2003;31,38272;40,97767;75,52791;;;;Chad_2003;7320,248;9373,916;2032,953;-1,37;Africa;;21,69;;
Chad;2004;31,26172;40,82414;75,19051;;;;Chad_2004;7596,322;9734,767;2113,721;-1,54;Africa;;21,71;;
Chad;2005;31,13834;40,66631;74,8426;;;;Chad_2005;7872,263;10096,633;2194,746;-1,44;Africa;;21,74;;
Chad;2006;31,01256;40,50416;74,4842;;;;Chad_2006;8146,101;10457,124;2275,496;-1,83;Africa;;21,76;;
Chad;2007;30,88438;40,33812;74,1153;;;;Chad_2007;8419,328;10818,024;2356,38;-1,87;Africa;;21,78;;
Chad;2008;30,75382;40,16732;73,73592;;;;Chad_2008;8695,468;11183,588;2438,393;-1,97;Africa;;21,8;;
Chad;2009;30,62086;39,99219;73,34602;;;;Chad_2009;8979,786;11560,147;2523,0;-1,73;Africa;;21,82;;
Chad;2010;30,4855;39,82036;72,94563;;;;Chad_2010;9273,802;11952,136;2613,4;-1,52;Africa;;21,87;;
Chad;2011;30,34775;39,65167;72,53475;;;;Chad_2011;9578,48;12360,99;2710,171;-1,32;Africa;;21,93;;
Chad;2012;30,20761;39,48639;72,11337;;;;Chad_2012;9891,998;12784,75;2813,137;-1,04;Africa;;22,0;;
Chad;2013;30,06508;39,32389;71,68149;;;;Chad_2013;10211,686;13220,433;2921,903;-1,09;Africa;;22,1;;
Chad;2014;29,92015;39,16402;71,23911;;;;Chad_2014;10533,696;13663,566;3035,742;-1,57;Africa;;22,22;;
Chad;2015;29,77282;39,00699;70,78624;;;;Chad_2015;10855,197;14110,975;3154,216;-0,97;Africa;;22,35;;
Chad;2016;29,62311;38,85259;70,32287;;;;Chad_2016;11175,141;14561,66;3277,402;-1,3;Africa;101,04312;22,51;;0,1943
Chad;2017;29,471;38,7006;69,849;;;;Chad_2017;11494,121;15016,753;3405,873;-1,29;Africa;;22,68;;
Chile;2000;74,56094;95,68061;99,09786;;91,96177;97,91734;Chile_2000;2125,607;15342,353;13137,147;0,49;Americas;;85,63;3,72;
Chile;2001;76,13453;96,01058;99,14908;;92,49178;98,04008;Chile_2001;2106,259;15516,113;13338,71;;Americas;;85,97;3,52;
Chile;2002;77,70811;96,32163;99,20029;;92,99738;98,1629;Chile_2002;2092,618;15684,409;13531,017;1,09;Americas;;86,27;3,32;
Chile;2003;79,2817;96,58852;99,2515;;93,4314;98,28579;Chile_2003;2106,807;15849,652;13692,735;0,76;Americas;;86,39;3,16;
Chile;2004;80,85529;96,85381;99,30271;;93,86896;98,40875;Chile_2004;2120,588;16014,971;13853,19;0,69;Americas;;86,5;2,98;
Chile;2005;82,42887;97,11694;99,35392;;94,30896;98,53179;Chile_2005;2134,099;16182,721;14012,965;0,84;Americas;;86,59;2,81;
Chile;2006;84,00246;97,37846;99,40514;;94,75235;98,57747;Chile_2006;2147,356;16354,504;14172,436;0,61;Americas;;86,66;2,63;
Chile;2007;85,57604;97,63802;99,45634;;95,19843;98,59498;Chile_2007;2160,337;16530,195;14331,35;0,41;Americas;;86,7;2,44;
Chile;2008;87,14963;97,89596;99,50756;;95,6477;98,61246;Chile_2008;2172,928;16708,258;14489,014;0,43;Americas;;86,72;2,25;
Chile;2009;88,72321;98,15199;99,55877;;96,09956;98,62991;Chile_2009;2185,026;16886,186;14644,416;0,6;Americas;;86,72;2,05;
Chile;2010;90,2968;98,40616;99,60999;;96,55402;98,64731;Chile_2010;2196,49;17062,536;14796,864;0,68;Americas;;86,72;1,85;
Chile;2011;91,87038;98,65868;99,66119;;97,01143;98,66469;Chile_2011;2207,299;17233,576;14946,058;0,45;Americas;;86,73;1,65;
Chile;2012;93,44397;98,90936;99,7124;;97,47133;98,68203;Chile_2012;2217,485;17400,347;15092,261;0,33;Americas;;86,74;1,44;
Chile;2013;95,01756;99,1583;99,76362;;97,93385;98,69933;Chile_2013;2227,155;17571,507;15235,827;0,36;Americas;;86,71;1,22;
Chile;2014;96,59114;99,40007;99,80859;;98,31007;98,71043;Chile_2014;2236,368;17758,959;15377,43;0,45;Americas;;86,59;1,09;
Chile;2015;98,16473;99,60089;99,80869;;98,4758;98,67714;Chile_2015;2245,203;17969,353;15517,478;0,43;Americas;;86,36;1,13;
Chile;2016;98,32522;99,62218;99,80878;;98,46397;98,64385;Chile_2016;2252,605;18209,068;15657,149;0,41;Americas;0,20277;85,99;1,16;0,9971
Chile;2017;100,0;99,83279;99,80888;;98,63917;98,61056;Chile_2017;2258,558;18470,439;15796,168;0,42;Americas;;85,52;1,19;
China;2000;70,40273;80,39258;98,24744;;;93,28438;China_2000;829403,316;1319551,401;482727,522;;Western Pacific;;36,58;;
China;2001;70,40273;80,73117;98,24744;;;93,28438;China_2001;818630,475;1328341,175;501452,843;;Western Pacific;;37,75;;
China;2002;71,40005;81,70317;98,21362;;;93,22449;China_2002;806104,331;1336765,152;521893,97;;Western Pacific;;39,04;;
China;2003;72,39563;82,65153;98,17977;;;93,1646;China_2003;793136,597;1344908,155;542756,37;;Western Pacific;;40,36;;
China;2004;73,38948;83,57525;98,14588;;;93,10471;China_2004;779706,681;1352871,028;564037,221;;Western Pacific;;41,69;;
China;2005;74,38159;84,47221;98,11195;;;93,04483;China_2005;765903,084;1360734,525;585633,612;;Western Pacific;;43,04;;
China;2006;75,37196;85,33264;98,07798;;;92,98494;China_2006;752299,538;1368528,374;606988,73;;Western Pacific;;44,35;;
China;2007;76,36061;86,16128;98,04398;;;92,92506;China_2007;738685,151;1376265,629;628350,588;;Western Pacific;;45,66;;
China;2008;77,34751;86,9636;98,00993;;;92,86517;China_2008;724760,394;1383985,631;650038,03;;Western Pacific;;46,97;;
China;2009;78,33269;87,73784;97,97585;;;92,80527;China_2009;710632,634;1391725,007;671961,097;;Western Pacific;;48,28;;
China;2010;79,31612;88,48477;97,94173;;;92,74539;China_2010;696249,563;1399502,716;694170,135;;Western Pacific;;49,6;;
China;2011;80,29783;89,19269;97,90759;;;92,6855;China_2011;682518,202;1407323,826;715762,326;;Western Pacific;;50,86;;
China;2012;81,27779;89,8685;97,87339;;;92,62562;China_2012;669007,424;1415164,184;737124,022;;Western Pacific;;52,09;;
China;2013;82,25603;90,51711;97,83916;;;92,56573;China_2013;655323,811;1422971,062;758533,671;;Western Pacific;;53,31;;
China;2014;83,23253;91,13934;97,80489;;;92,50584;China_2014;641352,868;1430670,819;779954,516;;Western Pacific;;54,52;;
China;2015;84,20729;91,73492;97,77058;;;92,44595;China_2015;627097,042;1438193,428;801263,909;;Western Pacific;;55,71;;
China;2016;85,18032;92,30405;97,73624;;;92,38606;China_2016;612549,421;1445523,929;822422,66;;Western Pacific;0,57632;56,89;;0,9587
China;2017;86,15161;92,84614;97,70186;;;92,32618;China_2017;597816,52;1452625,244;843314,783;;Western Pacific;;58,05;;
Colombia;2000;71,10395;90,93352;97,91624;32,90057;68,26307;80,71552;Colombia_2000;10522,282;39629,968;29881,676;-1,6;Americas;;75,4;22,67;
Colombia;2001;72,0077;91,36841;98,03751;33,32154;68,64867;80,81765;Colombia_2001;10501,653;40255,967;30487,256;;Americas;;75,73;22,72;
Colombia;2002;72,9113;91,79565;98,15877;33,74252;69,02969;80,91978;Colombia_2002;10477,378;40875,36;31095,113;-1,95;Americas;;76,07;22,77;
Colombia;2003;73,81474;92,21532;98,28002;34,16349;69,40617;81,0219;Colombia_2003;10449,169;41483,869;31702,982;-2,37;Americas;;76,42;22,81;
Colombia;2004;74,71803;92,6273;98,40127;34,58447;69,77769;81,12403;Colombia_2004;10416,017;42075,955;32308,146;-2,27;Americas;;76,79;22,85;
Colombia;2005;75,62117;93,03168;98,52251;35,00544;70,14428;81,22616;Colombia_2005;10378,127;42647,723;32907,507;-2,06;Americas;;77,16;22,89;
Colombia;2006;76,52415;93,4286;98,64374;35,42641;70,506;81,32829;Colombia_2006;10335,155;43200,897;33500,567;-1,9;Americas;;77,55;22,92;
Colombia;2007;77,42699;93,81797;98,76497;35,84739;70,78502;81,32962;Colombia_2007;10287,615;43737,516;34086,957;-1,8;Americas;;77,94;23,03;
Colombia;2008;78,32967;94,20013;98,88618;36,26836;71,05829;81,3307;Colombia_2008;10235,594;44254,975;34665,95;-1,85;Americas;;78,33;23,14;
Colombia;2009;79,23219;94,57518;99,0074;36,68933;71,32587;81,33153;Colombia_2009;10179,227;44750,054;35236,954;-1,83;Americas;;78,74;23,25;
Colombia;2010;80,13457;94,94308;99,12861;37,1103;71,58739;81,3321;Colombia_2010;10118,665;45222,7;35799,432;-1,54;Americas;;79,16;23,36;
Colombia;2011;81,03679;95,30396;99,2498;37,53128;71,8429;81,33242;Colombia_2011;10054,003;45662,748;36352,643;-1,28;Americas;;79,61;23,46;
Colombia;2012;81,93886;95,65812;99,37099;37,95225;72,09293;81,33249;Colombia_2012;9985,405;46075,718;36896,07;-1,4;Americas;;80,08;23,57;
Colombia;2013;82,84077;96,00555;99,49219;38,37322;72,3371;81,33231;Colombia_2013;9913,19;46495,493;37429,791;-1,29;Americas;;80,5;23,67;
Colombia;2014;83,74254;96,34635;99,61337;38,7942;72,57549;81,33187;Colombia_2014;9837,737;46967,696;37954,174;-1,11;Americas;;80,81;23,77;
Colombia;2015;84,64415;96,68085;99,73454;39,21517;72,80859;81,33118;Colombia_2015;9759,346;47520,667;38469,351;-1,07;Americas;;80,95;23,87;
Colombia;2016;85,54561;96,96181;99,79662;39,63614;72,99789;81,28211;Colombia_2016;9678,238;48175,052;38975,181;-0,88;Americas;0,7531;80,9;23,96;0,9811
Colombia;2017;86,44691;97,30011;99,93819;40,05711;73,23343;81,29758;Colombia_2017;9594,518;48909,839;39471,097;-0,77;Americas;;80,7;24,07;
Comoros;2000;91,45377;90,94792;89,65234;;;;Comoros_2000;390,064;542,357;152,293;0,02;Africa;;28,08;;
Comoros;2001;91,14861;90,84136;90,05271;;;;Comoros_2001;400,041;555,888;155,847;;Africa;;28,04;;
Comoros;2002;90,04193;90,00564;89,91227;;;;Comoros_2002;410,073;569,479;159,406;0,4;Africa;;27,99;;
Comoros;2003;88,94064;89,1716;89,76704;;;;Comoros_2003;420,218;583,211;162,993;-0,67;Africa;;27,95;;
Comoros;2004;87,84474;88,33926;89,61703;;;;Comoros_2004;430,581;597,228;166,647;-0,16;Africa;;27,9;;
Comoros;2005;86,75423;87,50908;89,46223;;;;Comoros_2005;441,134;611,627;170,493;-0,44;Africa;;27,88;;
Comoros;2006;85,66909;86,68151;89,30264;;;;Comoros_2006;451,884;626,425;174,541;-0,36;Africa;;27,86;;
Comoros;2007;84,58935;85,85699;89,13827;;;;Comoros_2007;462,822;641,62;178,798;-1,09;Africa;;27,87;;
Comoros;2008;83,51498;85,03592;88,96911;;;;Comoros_2008;473,954;657,229;183,275;-1,11;Africa;;27,89;;
Comoros;2009;82,44601;84,21875;88,79516;;;;Comoros_2009;485,27;673,252;187,982;-0,77;Africa;;27,92;;
Comoros;2010;81,38241;83,40598;88,61642;;;;Comoros_2010;496,767;689,692;192,925;-0,56;Africa;;27,97;;
Comoros;2011;80,3242;82,59788;88,43289;;;;Comoros_2011;508,448;706,569;198,121;-0,55;Africa;;28,04;;
Comoros;2012;79,27138;81,79491;88,24458;;;;Comoros_2012;520,293;723,871;203,575;-0,45;Africa;;28,12;;
Comoros;2013;78,22394;80,99757;88,05148;;;;Comoros_2013;532,229;741,505;209,271;-0,26;Africa;;28,22;;
Comoros;2014;77,18188;80,20603;87,85359;;;;Comoros_2014;544,189;759,39;215,196;-0,19;Africa;;28,34;;
Comoros;2015;76,91172;80,132;88,22285;;;;Comoros_2015;556,09;777,424;221,334;-0,23;Africa;;28,47;;
Comoros;2016;76,91172;80,14886;88,22285;;;;Comoros_2016;567,911;795,592;227,69;0,04;Africa;50,73689;28,62;;0,6497
Comoros;2017;76,91172;80,16752;88,22285;;;;Comoros_2017;579,639;813,892;234,273;0,04;Africa;;28,78;;
Congo;2000;18,01044;57,15587;84,7034;6,94979;27,42229;41,82925;Congo_2000;1332,387;3127,411;1893,34;-0,92;Africa;;60,54;29,73;
Congo;2001;18,01044;57,46333;84,7034;6,94979;27,58308;41,82925;Congo_2001;1354,293;3217,933;1961,513;;Africa;;60,96;29,88;
Congo;2002;18,24271;57,95336;84,85231;6,94979;27,78181;41,89287;Congo_2002;1375,924;3310,387;2031,256;-1,58;Africa;;61,36;30,17;
Congo;2003;18,47499;58,44133;85,00128;6,94979;27,98041;41,95649;Congo_2003;1398,356;3406,922;2104,163;-1,17;Africa;;61,76;30,46;
Congo;2004;20,18315;59,50973;85,15031;7,66039;29,5764;43,86545;Congo_2004;1422,945;3510,468;2182,494;-1,19;Africa;;62,17;29,93;
Congo;2005;21,92796;60,57694;85,29941;8,39472;31,19525;45,77999;Congo_2005;1450,563;3622,775;2267,68;-1,17;Africa;;62,6;29,38;
Congo;2006;23,70942;61,64257;85,44856;9,15279;32,83666;47,70013;Congo_2006;1481,568;3745,141;2360,797;-0,92;Africa;;63,04;28,81;
Congo;2007;25,52753;62,70681;85,59778;9,93459;34,50071;49,62586;Congo_2007;1515,245;3876,119;2461,001;-0,77;Africa;;63,49;28,21;
Congo;2008;27,3823;63,77039;85,74706;10,74013;36,18792;51,55717;Congo_2008;1549,624;4011,486;2565,811;-0,72;Africa;;63,96;27,58;
Congo;2009;29,27371;64,83276;85,89639;11,56941;37,89809;53,49407;Congo_2009;1582,371;4145,391;2671,341;-0,25;Africa;;64,44;26,93;
Congo;2010;31,20177;65,89391;86,04579;12,42242;39,63144;55,43655;Congo_2010;1611,866;4273,731;2774,827;-0,32;Africa;;64,93;26,26;
Congo;2011;33,16648;66,95218;86,19526;13,29917;41,3869;57,38463;Congo_2011;1637,585;4394,844;2875,145;-0,35;Africa;;65,42;25,57;
Congo;2012;35,16785;68,00757;86,34478;14,19966;42,42858;58,19118;Congo_2012;1660,183;4510,199;2973,18;-0,49;Africa;;65,92;25,58;
Congo;2013;37,20586;69,05954;86,49436;15,12388;43,01324;58,27823;Congo_2013;1680,73;4622,762;3070,663;-0,48;Africa;;66,42;26,05;
Congo;2014;39,28052;70,10705;86,644;16,07184;43,59852;58,36527;Congo_2014;1700,765;4736,976;3170,336;-0,36;Africa;;66,93;26,51;
Congo;2015;41,39183;71,14958;86,79371;17,04354;44,18409;58,45232;Congo_2015;1721,362;4856,095;3274,286;-0,53;Africa;;67,43;26,97;
Congo;2016;43,5398;72,18665;86,94347;18,03897;44,76963;58,53936;Congo_2016;1742,734;4980,996;3383,087;-0,52;Africa;38,70865;67,92;27,42;0,6694
Congo;2017;45,72441;73,21776;87,0933;19,05814;45,35481;58,6264;Congo_2017;1764,522;5110,695;3496,228;-0,53;Africa;;68,41;27,86;
Cook Islands;2000;;99,897;;;;;Cook Islands_2000;6,308;17,93;11,814;;Western Pacific;;65,89;;
Cook Islands;2001;;99,89565;;;;;Cook Islands_2001;6,064;18,025;12,258;;Western Pacific;;68,01;;
Cook Islands;2002;;99,89432;;;;;Cook Islands_2002;5,952;18,278;12,75;;Western Pacific;;69,76;;
Cook Islands;2003;;99,89298;;;;;Cook Islands_2003;5,909;18,608;13,239;;Western Pacific;;71,15;;
Cook Islands;2004;;99,89164;;;;;Cook Islands_2004;5,838;18,904;13,684;;Western Pacific;;72,39;;
Cook Islands;2005;;99,8903;;;;;Cook Islands_2005;5,711;19,074;13,999;;Western Pacific;;73,39;;
Cook Islands;2006;;99,88897;;;;;Cook Islands_2006;5,526;19,092;14,17;;Western Pacific;;74,22;;
Cook Islands;2007;;99,88763;;;;;Cook Islands_2007;5,371;19,001;14,14;;Western Pacific;;74,42;;
Cook Islands;2008;;99,88629;;;;;Cook Islands_2008;5,238;18,818;13,974;;Western Pacific;;74,26;;
Cook Islands;2009;;99,88495;;;;;Cook Islands_2009;5,095;18,602;13,773;1,14;Western Pacific;;74,04;;
Cook Islands;2010;;99,88361;;;;;Cook Islands_2010;4,96;18,391;13,585;1,32;Western Pacific;;73,87;;
Cook Islands;2011;;99,88228;;;;;Cook Islands_2011;4,836;18,195;13,421;;Western Pacific;;73,76;;
Cook Islands;2012;;99,88094;;;;;Cook Islands_2012;4,724;18,011;13,272;;Western Pacific;;73,69;;
Cook Islands;2013;;99,8796;;;;;Cook Islands_2013;4,625;17,833;13,142;;Western Pacific;;73,69;;
Cook Islands;2014;;99,8796;;;;;Cook Islands_2014;4,54;17,691;13,048;;Western Pacific;;73,76;;
Cook Islands;2015;;99,8796;;;;;Cook Islands_2015;4,466;17,586;12,983;;Western Pacific;;73,83;;
Cook Islands;2016;;99,8796;;;;;Cook Islands_2016;4,411;17,524;12,968;;Western Pacific;;74,0;;
Cook Islands;2017;;99,8796;;;;;Cook Islands_2017;4,374;17,507;13,006;;Western Pacific;;74,29;;
Costa Rica;2000;87,01642;94,10867;99,02661;73,7723;86,7074;95,67689;Costa Rica_2000;1607,403;3962,372;2318,04;0,87;Americas;;58,5;7,4;
Costa Rica;2001;87,80228;94,61195;99,07469;74,43855;87,29669;95,72334;Costa Rica_2001;1582,349;4034,074;2414,449;;Americas;;59,85;7,32;
Costa Rica;2002;88,58814;95,09359;99,12276;75,1048;87,86605;95,76979;Costa Rica_2002;1554,034;4100,925;2509,17;1,07;Americas;;61,19;7,23;
Costa Rica;2003;89,374;95,55385;99,17085;75,77105;88,41556;95,81624;Costa Rica_2003;1523,324;4164,053;2602,647;0,6;Americas;;62,5;7,14;
Costa Rica;2004;90,15986;95,99281;99,21892;76,4373;88,94492;95,86269;Costa Rica_2004;1491,084;4225,155;2695,954;0,63;Americas;;63,81;7,05;
Costa Rica;2005;90,94572;96,41047;99,267;77,10355;89,45356;95,90914;Costa Rica_2005;1458,203;4285,502;2789,638;0,71;Americas;;65,09;6,96;
Costa Rica;2006;91,73158;96,80759;99,31507;77,76981;89,94246;95,9556;Costa Rica_2006;1424,705;4345,412;2884,089;0,74;Americas;;66,37;6,87;
Costa Rica;2007;92,51744;97,18443;99,36315;78,43605;90,41149;96,00204;Costa Rica_2007;1390,626;4404,628;2978,843;0,58;Americas;;67,63;6,77;
Costa Rica;2008;93,30331;97,54159;99,41122;79,1023;90,86127;96,04849;Costa Rica_2008;1355,892;4463,125;3073,616;0,36;Americas;;68,87;6,68;
Costa Rica;2009;94,08916;97,87914;99,4593;79,76855;91,2909;96,09495;Costa Rica_2009;1320,65;4520,74;3167,613;0,59;Americas;;70,07;6,59;
Costa Rica;2010;94,87503;98,19809;99,50738;80,43481;91,70208;96,1414;Costa Rica_2010;1284,69;4577,378;3260,59;0,69;Americas;;71,23;6,5;
Costa Rica;2011;95,66089;98,49878;99,55546;81,10106;92,0945;96,18784;Costa Rica_2011;1248,208;4633,086;3352,266;0,51;Americas;;72,35;6,4;
Costa Rica;2012;96,44675;98,78107;99,60353;81,76731;92,46507;96,2343;Costa Rica_2012;1212,562;4688,0;3441,56;0,64;Americas;;73,41;6,32;
Costa Rica;2013;97,23261;99,04613;99,65161;82,43356;92,8148;96,28075;Costa Rica_2013;1178,012;4742,107;3528,389;0,68;Americas;;74,41;6,23;
Costa Rica;2014;98,01847;99,2952;99,69968;83,09981;93,14482;96,32719;Costa Rica_2014;1144,604;4795,396;3612,971;0,58;Americas;;75,34;6,15;
Costa Rica;2015;98,80433;99,52898;99,74713;83,76606;93,45603;96,37304;Costa Rica_2015;1112,422;4847,804;3695,43;0,68;Americas;;76,23;6,07;
Costa Rica;2016;99,53438;99,69976;99,74713;84,38499;93,7039;96,37304;Costa Rica_2016;1081,494;4899,345;3775,78;0,66;Americas;0,86387;77,07;6,0;0,9943
Costa Rica;2017;99,53438;99,70152;99,74713;84,38499;93,8028;96,37304;Costa Rica_2017;1051,813;4949,954;3853,956;0,61;Americas;;77,86;5,9;
Croatia;2000;96,64445;98,43725;100,0;;88,89323;;Croatia_2000;2062,239;4428,075;2365,833;0,28;Europe;;53,43;9,54;
Croatia;2001;96,64445;98,44444;100,0;;88,92982;;Croatia_2001;2043,497;4408,075;2364,583;;Europe;;53,64;9,51;
Croatia;2002;96,87222;98,55528;100,0;;89,5733;;Croatia_2002;2030,408;4395,799;2365,411;0,63;Europe;;53,81;8,98;
Croatia;2003;97,1;98,66539;100,0;;90,21497;;Croatia_2003;2019,844;4388,895;2369,102;0,56;Europe;;53,98;8,45;
Croatia;2004;97,32777;98,75365;99,96111;;90,83407;;Croatia_2004;2010,143;4383,882;2373,777;0,69;Europe;;54,15;7,92;
Croatia;2005;97,55556;98,84101;99,92223;;91,45103;;Croatia_2005;2000,102;4378,058;2377,955;0,43;Europe;;54,32;7,39;
Croatia;2006;97,78333;98,92747;99,88333;;92,0658;;Croatia_2006;1989,394;4370,777;2381,305;0,56;Europe;;54,48;6,86;
Croatia;2007;98,01111;99,01305;99,84444;;92,67835;;Croatia_2007;1978,228;4362,426;2384,038;0,6;Europe;;54,65;6,33;
Croatia;2008;98,23889;99,09772;99,80556;;93,28867;;Croatia_2008;1966,449;4352,636;2385,979;0,57;Europe;;54,82;5,81;
Croatia;2009;98,46667;99,1815;99,76667;;93,03062;;Croatia_2009;1954,051;4341,264;2387,033;0,61;Europe;;54,98;6,15;
Croatia;2010;98,69444;99,26438;99,72778;;92,61692;;Croatia_2010;1940,974;4328,165;2387,179;0,61;Europe;;55,15;6,65;
Croatia;2011;98,92223;99,34636;99,68889;;92,20157;;Croatia_2011;1927,119;4313,099;2386,252;0,62;Europe;;55,33;7,14;
Croatia;2012;99,15;99,42753;99,65;;91,78465;;Croatia_2012;1911,684;4295,878;2384,842;0,61;Europe;;55,51;7,64;
Croatia;2013;99,37778;99,50776;99,61111;;91,36607;;Croatia_2013;1894,797;4276,598;2383,009;0,64;Europe;;55,72;8,14;
Croatia;2014;99,60555;99,58691;99,57222;;90,94571;;Croatia_2014;1876,612;4255,512;2380,921;0,62;Europe;;55,95;8,64;
Croatia;2015;99,60555;99,58684;99,57222;;90,45261;;Croatia_2015;1857,29;4232,874;2378,726;0,59;Europe;;56,2;9,13;
Croatia;2016;99,60555;99,58675;99,57222;;89,95949;;Croatia_2016;1836,858;4208,602;2376,407;0,66;Europe;0,11204;56,47;9,63;0,9974
Croatia;2017;99,60555;99,58667;99,57222;;89,95941;;Croatia_2017;1815,373;4182,857;2373,98;0,69;Europe;;56,75;9,63;
Cuba;2000;80,19617;92,99272;97,18507;;;;Cuba_2000;2751,655;11126,43;8399,081;0,25;Americas;;75,49;;
Cuba;2001;80,80584;93,16483;97,16343;;;;Cuba_2001;2734,588;11164,667;8451,954;;Americas;;75,7;;
Cuba;2002;81,41552;93,33368;97,14179;;;;Cuba_2002;2716,433;11199,651;8501,565;0,26;Americas;;75,91;;
Cuba;2003;82,0252;93,48936;97,12016;;;;Cuba_2003;2704,756;11229,183;8540,129;0,32;Americas;;76,05;;
Cuba;2004;82,63488;93,63318;97,09852;;;;Cuba_2004;2699,495;11250,365;8567,446;0,36;Americas;;76,15;;
Cuba;2005;83,27203;93,78159;97,07607;;;;Cuba_2005;2693,118;11261,582;8591,135;0,42;Americas;;76,29;;
Cuba;2006;83,90958;93,92888;97,05362;;;;Cuba_2006;2685,454;11261,248;8610,779;0,47;Americas;;76,46;;
Cuba;2007;84,54753;94,07504;97,03117;;;;Cuba_2007;2676,725;11251,122;8626,962;0,45;Americas;;76,68;;
Cuba;2008;85,18589;94,22006;97,00871;;;;Cuba_2008;2667,669;11236,971;8642,085;0,52;Americas;;76,91;;
Cuba;2009;85,82465;94,36385;96,98627;;;;Cuba_2009;2659,312;11226,709;8659,29;0,36;Americas;;77,13;;
Cuba;2010;86,46381;94,5065;96,96381;;;;Cuba_2010;2652,264;11225,832;8680,787;0,35;Americas;;77,33;;
Cuba;2011;87,10337;94,64803;96,94137;;;;Cuba_2011;2646,885;11236,671;8707,766;0,28;Americas;;77,49;;
Cuba;2012;87,74334;94,78844;96,91891;;;;Cuba_2012;2642,849;11257,104;8739,297;0,31;Americas;;77,63;;
Cuba;2013;88,38371;94,92381;96,89647;;;;Cuba_2013;2644,532;11282,723;8767,635;0,37;Americas;;77,71;;
Cuba;2014;89,02448;95,05771;96,87402;;;;Cuba_2014;2647,001;11306,904;8792,766;0,54;Americas;;77,76;;
Cuba;2015;89,66565;95,19134;96,85157;;;;Cuba_2015;2648,084;11324,781;8813,348;0,64;Americas;;77,82;;
Cuba;2016;90,30723;95,32452;96,82912;;;;Cuba_2016;2647,509;11335,104;8828,473;0,69;Americas;1,02635;77,89;;0,9716
Cuba;2017;90,30723;95,32758;96,82912;;;;Cuba_2017;2644,108;11339,254;8840,528;0,65;Americas;;77,96;;
Cyprus;2000;99,95224;99,98502;100,0;;95,37882;;Cyprus_2000;295,736;943,29;647,55;0,52;Europe;;68,65;4,61;
Cyprus;2001;99,95224;99,98508;100,0;;95,37888;;Cyprus_2001;299,901;960,276;660,381;;Europe;;68,77;4,61;
Cyprus;2002;99,95224;99,98505;100,0;;95,37884;;Cyprus_2002;305,847;976,964;671,119;0,19;Europe;;68,69;4,61;
Cyprus;2003;99,95223;99,96111;99,96519;;95,35601;;Cyprus_2003;312,451;993,563;681,112;0,53;Europe;;68,55;4,61;
Cyprus;2004;99,95222;99,93728;99,93037;;95,81745;;Cyprus_2004;319,186;1010,408;691,224;0,38;Europe;;68,41;4,12;
Cyprus;2005;99,94139;99,9101;99,89556;;96,27544;;Cyprus_2005;326,096;1027,662;701,562;0,52;Europe;;68,27;3,63;
Cyprus;2006;99,92185;99,88023;99,86075;;96,73055;;Cyprus_2006;333,253;1045,507;712,256;0,54;Europe;;68,13;3,15;
Cyprus;2007;99,90231;99,85039;99,82594;;97,18542;;Cyprus_2007;340,577;1063,713;723,135;0,54;Europe;;67,98;2,66;
Cyprus;2008;99,88278;99,82059;99,79112;;97,64004;;Cyprus_2008;347,846;1081,563;733,717;0,64;Europe;;67,84;2,18;
Cyprus;2009;99,86324;99,79086;99,75631;;98,09441;;Cyprus_2009;354,733;1098,083;743,343;0,39;Europe;;67,69;1,7;
Cyprus;2010;99,8437;99,76115;99,7215;;98,54854;;Cyprus_2010;361,031;1112,612;751,576;0,45;Europe;;67,55;1,21;
Cyprus;2011;99,82417;99,73149;99,68668;;99,00242;;Cyprus_2011;366,624;1124,833;758,211;0,61;Europe;;67,41;0,73;
Cyprus;2012;99,80463;99,70188;99,65187;;99,45607;;Cyprus_2012;371,602;1135,046;763,46;0,64;Europe;;67,26;0,25;
Cyprus;2013;99,7851;99,67228;99,61705;;99,67228;;Cyprus_2013;375,923;1143,866;767,973;0,56;Europe;;67,14;0,0;
Cyprus;2014;99,76556;99,64268;99,58224;;99,64268;;Cyprus_2014;379,9;1152,285;772,409;0,55;Europe;;67,03;0,0;
Cyprus;2015;99,74602;99,61307;99,54742;;99,61307;;Cyprus_2015;383,751;1160,985;777,234;0,55;Europe;;66,95;0,0;
Cyprus;2016;99,74602;99,6132;99,54742;;99,6132;;Cyprus_2016;387,536;1170,187;782,589;0,6;Europe;0,27908;66,88;0,0;0,9967
Cyprus;2017;99,74602;99,61329;99,54742;;99,61329;;Cyprus_2017;391,192;1179,678;788,359;0,54;Europe;;66,83;0,0;
Czechia;2000;99,60771;99,80612;99,87589;;96,32186;;Czechia_2000;2676,516;10289,373;7613,078;0,33;Europe;;73,99;3,48;
Czechia;2001;99,60771;99,80582;99,87589;;96,31792;;Czechia_2001;2683,121;10271,008;7588,083;;Europe;;73,88;3,49;
Czechia;2002;99,62386;99,81139;99,87794;;96,43583;;Czechia_2002;2685,263;10252,261;7567,176;1,05;Europe;;73,81;3,38;
Czechia;2003;99,64;99,81698;99,88;;96,55407;;Czechia_2003;2688,862;10239,136;7550,415;0,89;Europe;;73,74;3,26;
Czechia;2004;99,65614;99,82258;99,88206;;96,67268;;Czechia_2004;2695,998;10239,439;7543,538;0,65;Europe;;73,67;3,15;
Czechia;2005;99,67229;99,8282;99,88412;;96,79166;;Czechia_2005;2707,979;10258,167;7550,197;0,94;Europe;;73,6;3,04;
Czechia;2006;99,68844;99,83384;99,88618;;96,91102;;Czechia_2006;2725,691;10298,614;7572,597;1,05;Europe;;73,53;2,92;
Czechia;2007;99,70458;99,8395;99,88824;;97,03072;;Czechia_2007;2748,296;10357,538;7608,29;1,02;Europe;;73,46;2,81;
Czechia;2008;99,72073;99,84518;99,8903;;97,15083;;Czechia_2008;2773,375;10425,266;7650,419;1,05;Europe;;73,38;2,69;
Czechia;2009;99,73687;99,85088;99,89236;;97,27128;;Czechia_2009;2797,43;10488,155;7689,415;0,91;Europe;;73,32;2,58;
Czechia;2010;99,75302;99,8566;99,89442;;97,39213;;Czechia_2010;2817,955;10536,518;7718,331;0,99;Europe;;73,25;2,46;
Czechia;2011;99,76917;99,86234;99,89648;;97,51334;;Czechia_2011;2834,0;10566,517;7734,715;1,11;Europe;;73,2;2,35;
Czechia;2012;99,78531;99,86819;99,89853;;97,63558;;Czechia_2012;2837,581;10581,293;7749,174;1,05;Europe;;73,23;2,23;
Czechia;2013;99,80145;99,87411;99,90059;;97,75822;;Czechia_2013;2829,75;10586,533;7764,731;1,08;Europe;;73,35;2,12;
Czechia;2014;99,8176;99,88001;99,90265;;97,88045;;Czechia_2014;2820,933;10591,108;7777,593;0,99;Europe;;73,44;2,0;
Czechia;2015;99,8176;99,8801;99,90265;;97,88072;;Czechia_2015;2812,446;10601,397;7791,316;0,98;Europe;;73,49;2,0;
Czechia;2016;99,8176;99,88017;99,90265;;97,881;;Czechia_2016;2804,473;10618,857;7806,474;0,98;Europe;0,17881;73,52;2,0;0,9985
Czechia;2017;99,8176;99,88026;99,90265;;97,88131;;Czechia_2017;2795,276;10641,034;7823,027;1,0;Europe;;73,52;2,0;
Côte d'Ivoire;2000;55,55019;70,76078;90,79662;15,87125;33,73684;57,26991;Côte d'Ivoire_2000;9485,524;16454,668;7201,037;-1,24;Africa;;43,76;37,02;
Côte d'Ivoire;2001;55,68953;70,90609;90,61554;15,98236;33,91608;57,14495;Côte d'Ivoire_2001;9616,036;16853,026;7424,116;;Africa;;44,05;36,99;
Côte d'Ivoire;2002;55,82825;71,04907;90,43439;16,09309;34,09397;57,01998;Côte d'Ivoire_2002;9728,117;17231,539;7638,4;-1,92;Africa;;44,33;36,96;
Côte d'Ivoire;2003;55,96636;71,18935;90,25316;16,20344;34,27009;56,89502;Côte d'Ivoire_2003;9829,817;17599,61;7849,538;-1,8;Africa;;44,6;36,92;
Côte d'Ivoire;2004;56,10384;71,32729;90,07186;16,31342;34,44487;56,77005;Côte d'Ivoire_2004;9931,729;17970,494;8066,009;-2,12;Africa;;44,88;36,88;
Côte d'Ivoire;2005;56,24072;71,46185;89,89048;16,42301;34,61707;56,64508;Côte d'Ivoire_2005;10042,114;18354,514;8294,189;-2,26;Africa;;45,19;36,84;
Côte d'Ivoire;2006;56,37696;71,59372;89,70903;16,53223;34,7875;56,52012;Côte d'Ivoire_2006;10162,795;18754,916;8536,64;-1,87;Africa;;45,52;36,81;
Côte d'Ivoire;2007;56,5126;71,7229;89,52751;16,64107;34,95617;56,39515;Côte d'Ivoire_2007;10292,928;19171,237;8793,013;-1,84;Africa;;45,87;36,77;
Côte d'Ivoire;2008;56,64762;71,84938;89,34591;16,74953;35,12308;56,27019;Côte d'Ivoire_2008;10433,268;19605,569;9064,718;-1,81;Africa;;46,24;36,73;
Côte d'Ivoire;2009;56,78202;71,97251;89,16424;16,85761;35,28743;56,14522;Côte d'Ivoire_2009;10584,261;20059,147;9352,105;-1,32;Africa;;46,62;36,69;
Côte d'Ivoire;2010;56,91579;72,09296;88,98249;16,96531;35,45002;56,02026;Côte d'Ivoire_2010;10745,373;20532,95;9655,958;-1,58;Africa;;47,03;36,64;
Côte d'Ivoire;2011;57,04896;72,21072;88,80067;17,07263;35,61084;55,89529;Côte d'Ivoire_2011;10917,658;21028,655;9977,653;-1,41;Africa;;47,45;36,6;
Côte d'Ivoire;2012;57,1815;72,32546;88,61877;17,17958;35,76951;55,77032;Côte d'Ivoire_2012;11100,787;21547,188;10317,816;-1,26;Africa;;47,88;36,56;
Côte d'Ivoire;2013;57,31343;72,4372;88,4368;17,28614;35,92604;55,64536;Côte d'Ivoire_2013;11292,254;22087,504;10674,058;-1,05;Africa;;48,33;36,51;
Côte d'Ivoire;2014;57,44474;72,54596;88,25475;17,39233;36,08042;55,52039;Côte d'Ivoire_2014;11487,772;22647,684;11043,578;-1,04;Africa;;48,76;36,47;
Côte d'Ivoire;2015;57,57543;72,65446;88,07262;17,49814;36,23608;55,39543;Côte d'Ivoire_2015;11682,793;23226,143;11425,679;-0,83;Africa;;49,19;36,42;
Côte d'Ivoire;2016;57,7055;72,76205;87,89043;17,60357;36,39219;55,27046;Côte d'Ivoire_2016;11876,17;23822,714;11819,749;-0,91;Africa;47,15776;49,62;36,37;0,6305
Côte d'Ivoire;2017;57,83496;72,86895;87,70816;17,70862;36,5491;55,1455;Côte d'Ivoire_2017;12068,187;24437,47;12226,563;-1,09;Africa;;50,03;36,32;
Democratic People's Republic of Korea;2000;99,6;99,30294;99,1;54,8;68,99947;78,7;Democratic People's Republic of Korea_2000;9306,352;22929,075;13622,723;-0,01;South-East Asia;;59,41;30,3;
Democratic People's Republic of Korea;2001;99,6;99,30254;99,1;54,8;69,01835;78,7;Democratic People's Republic of Korea_2001;9370,467;23132,98;13761,343;;South-East Asia;;59,49;30,28;
Democratic People's Republic of Korea;2002;99,6;99,30215;99,1;54,8;69,03723;78,7;Democratic People's Republic of Korea_2002;9435,113;23339,453;13901,568;0,18;South-East Asia;;59,56;30,26;
Democratic People's Republic of Korea;2003;99,6;99,30176;99,1;54,8;69,05587;78,7;Democratic People's Republic of Korea_2003;9498,234;23542,426;14040,306;0,22;South-East Asia;;59,64;30,25;
Democratic People's Republic of Korea;2004;99,49117;99,2395;99,06981;54,74012;69,03632;78,67603;Democratic People's Republic of Korea_2004;9556,633;23732,731;14172,865;0,22;South-East Asia;;59,72;30,2;
Democratic People's Republic of Korea;2005;98,77533;98,86547;98,92606;54,34626;68,82841;78,56187;Democratic People's Republic of Korea_2005;9608,248;23904,167;14295,919;0,02;South-East Asia;;59,81;30,04;
Democratic People's Republic of Korea;2006;98,05949;98,49234;98,7823;53,95241;68,62117;78,4477;Democratic People's Republic of Korea_2006;9652,459;24054,864;14408,638;-0,03;South-East Asia;;59,9;29,87;
Democratic People's Republic of Korea;2007;97,34366;98,1201;98,63855;53,55856;68,41413;78,33354;Democratic People's Republic of Korea_2007;9690,536;24188,331;14512,753;0,54;South-East Asia;;60,0;29,71;
Democratic People's Republic of Korea;2008;96,62782;97,74876;98,4948;53,1647;68,20753;78,21938;Democratic People's Republic of Korea_2008;9724,246;24310,142;14610,9;0,52;South-East Asia;;60,1;29,54;
Democratic People's Republic of Korea;2009;95,91199;97,38017;98,35104;52,77085;68,02087;78,10522;Democratic People's Republic of Korea_2009;9737,39;24428,341;14725,631;-0,03;South-East Asia;;60,28;29,36;
Democratic People's Republic of Korea;2010;95,19614;97,01418;98,20729;52,377;67,842;77,99106;Democratic People's Republic of Korea_2010;9744,048;24548,836;14847,551;-0,3;South-East Asia;;60,48;29,17;
Democratic People's Republic of Korea;2011;94,48031;96,65021;98,06354;51,98314;67,66362;77,8769;Democratic People's Republic of Korea_2011;9751,147;24673,395;14971,151;-0,25;South-East Asia;;60,68;28,99;
Democratic People's Republic of Korea;2012;93,76447;96,28833;97,91978;51,58929;67,48652;77,76273;Democratic People's Republic of Korea_2012;9758,191;24800,645;15095,843;-0,01;South-East Asia;;60,87;28,8;
Democratic People's Republic of Korea;2013;93,04864;95,92847;97,77603;51,19544;67,31016;77,64857;Democratic People's Republic of Korea_2013;9765,036;24929,497;15220,94;-0,44;South-East Asia;;61,06;28,62;
Democratic People's Republic of Korea;2014;92,3328;95,57068;97,63228;50,80158;67,1348;77,53441;Democratic People's Republic of Korea_2014;9770,814;25057,79;15345,549;-1,13;South-East Asia;;61,24;28,44;
Democratic People's Republic of Korea;2015;91,61697;95,21488;97,48853;50,40773;66,96019;77,42025;Democratic People's Republic of Korea_2015;9775,101;25183,833;15468,816;-1,15;South-East Asia;;61,42;28,25;
Democratic People's Republic of Korea;2016;90,90113;94,8621;97,34477;50,01388;66,79067;77,30609;Democratic People's Republic of Korea_2016;9774,246;25307,665;15594,374;-0,68;South-East Asia;1,35658;61,62;28,07;0,9676
Democratic People's Republic of Korea;2017;90,1853;94,51245;97,20102;49,62002;66,62582;77,19193;Democratic People's Republic of Korea_2017;9768,556;25429,825;15722,409;-0,5;South-East Asia;;61,83;27,89;
Democratic Republic of the Congo;2000;15,52144;33,91777;67,8998;;;;Democratic Republic of the Congo_2000;30542,153;47105,826;16534,234;-2,48;Africa;;35,1;;
Democratic Republic of the Congo;2001;15,94388;34,46634;67,99225;;;;Democratic Republic of the Congo_2001;31172,281;48428,545;17222,057;;Africa;;35,56;;
Democratic Republic of the Congo;2002;16,37091;35,01624;68,08447;;;;Democratic Republic of the Congo_2002;31867,429;49871,666;17968,327;-1,98;Africa;;36,03;;
Democratic Republic of the Congo;2003;16,80253;35,56736;68,17643;;;;Democratic Republic of the Congo_2003;32619,349;51425,58;18770,684;-2,03;Africa;;36,5;;
Democratic Republic of the Congo;2004;17,23873;36,11961;68,26816;;;;Democratic Republic of the Congo_2004;33411,557;53068,88;19622,66;-2,39;Africa;;36,98;;
Democratic Republic of the Congo;2005;17,67951;36,67493;68,35964;;;;Democratic Republic of the Congo_2005;34229,993;54785,903;20521,483;-2,13;Africa;;37,46;;
Democratic Republic of the Congo;2006;18,12488;37,23416;68,45087;;;;Democratic Republic of the Congo_2006;35072,91;56578,037;21470,101;-2,25;Africa;;37,95;;
Democratic Republic of the Congo;2007;18,57483;37,79715;68,54187;;;;Democratic Republic of the Congo_2007;35944,533;58453,683;22473,029;-2,18;Africa;;38,45;;
Democratic Republic of the Congo;2008;19,02938;38,36274;68,63261;;;;Democratic Republic of the Congo_2008;36842,282;60411,195;23531,326;-2,01;Africa;;38,95;;
Democratic Republic of the Congo;2009;19,4885;38,93174;68,72312;;;;Democratic Republic of the Congo_2009;37763,464;62448,574;24645,971;-2,0;Africa;;39,47;;
Democratic Republic of the Congo;2010;19,95221;39,50303;68,81338;;;;Democratic Republic of the Congo_2010;38705,362;64563,854;25817,901;-2,2;Africa;;39,99;;
Democratic Republic of the Congo;2011;20,42051;40,07741;68,9034;;;;Democratic Republic of the Congo_2011;39665,446;66755,153;27048,151;-2,21;Africa;;40,52;;
Democratic Republic of the Congo;2012;20,89339;40,65374;68,99317;;;;Democratic Republic of the Congo_2012;40641,055;69020,747;28337,627;-2,09;Africa;;41,06;;
Democratic Republic of the Congo;2013;21,37085;41,23186;69,0827;;;;Democratic Republic of the Congo_2013;41629,125;71358,807;29686,908;-2,19;Africa;;41,6;;
Democratic Republic of the Congo;2014;21,8529;41,81209;69,17198;;;;Democratic Republic of the Congo_2014;42626,472;73767,447;31096,388;-2,17;Africa;;42,15;;
Democratic Republic of the Congo;2015;22,33954;42,39378;69,26102;;;;Democratic Republic of the Congo_2015;43630,111;76244,544;32566,508;-2,15;Africa;;42,71;;
Democratic Republic of the Congo;2016;22,83076;42,97677;69,34982;;;;Democratic Republic of the Congo_2016;44637,912;78789,127;34098,241;-2,23;Africa;59,75592;43,28;;0,4192
Democratic Republic of the Congo;2017;22,83076;43,24332;69,34982;;;;Democratic Republic of the Congo_2017;45647,604;81398,764;35692,384;-2,35;Africa;;43,85;;
Denmark;2000;100,0;100,0;100,0;;93,83339;;Denmark_2000;795,838;5341,194;4545,356;1,5;Europe;;85,1;6,17;
Denmark;2001;100,0;99,99999;100,0;;93,83339;;Denmark_2001;795,683;5358,062;4562,379;;Europe;;85,15;6,17;
Denmark;2002;100,0;100,0;100,0;;93,83339;;Denmark_2002;792,499;5372,801;4580,302;1,53;Europe;;85,25;6,17;
Denmark;2003;100,0;100,0;100,0;;93,8334;;Denmark_2003;788,673;5386,968;4598,295;1,2;Europe;;85,36;6,17;
Denmark;2004;100,0;100,0;100,0;;94,14477;;Denmark_2004;779,832;5402,761;4622,929;1,09;Europe;;85,57;5,86;
Denmark;2005;100,0;100,0;100,0;;94,45615;;Denmark_2005;766,864;5421,702;4654,838;1,07;Europe;;85,86;5,54;
Denmark;2006;100,0;100,0;100,0;;94,76752;;Denmark_2006;756,876;5444,286;4687,427;1,05;Europe;;86,1;5,23;
Denmark;2007;100,0;100,0;100,0;;95,0789;;Denmark_2007;749,746;5469,921;4720,211;1,12;Europe;;86,29;4,92;
Denmark;2008;100,0;100,0;100,0;;95,39029;;Denmark_2008;742,924;5497,729;4754,871;1,07;Europe;;86,49;4,61;
Denmark;2009;100,0;100,0;100,0;;95,70167;;Denmark_2009;737,584;5526,388;4788,863;1,0;Europe;;86,65;4,3;
Denmark;2010;100,0;100,0;100,0;;96,01305;;Denmark_2010;733,539;5554,844;4821,305;1,04;Europe;;86,79;3,99;
Denmark;2011;100,0;99,99999;100,0;;96,32442;;Denmark_2011;728,151;5582,978;4854,722;1,1;Europe;;86,96;3,68;
Denmark;2012;100,0;100,0;100,0;;96,6358;;Denmark_2012;721,427;5610,903;4889,233;0,91;Europe;;87,14;3,36;
Denmark;2013;100,0;100,0;100,0;;96,73979;;Denmark_2013;716,44;5638,145;4921,377;0,96;Europe;;87,29;3,26;
Denmark;2014;100,0;100,0;100,0;;96,73849;;Denmark_2014;713,1;5664,196;4950,814;0,95;Europe;;87,41;3,26;
Denmark;2015;100,0;100,0;100,0;;96,73721;;Denmark_2015;709,587;5688,695;4979,108;0,9;Europe;;87,53;3,26;
Denmark;2016;100,0;100,0;100,0;;96,73594;;Denmark_2016;705,862;5711,349;5006,008;0,87;Europe;0,30561;87,65;3,26;0,9985
Denmark;2017;100,0;100,0;100,0;;96,73467;;Denmark_2017;701,971;5732,274;5031,58;0,87;Europe;;87,78;3,27;
Djibouti;2000;54,72157;75,56113;81,95145;;;;Djibouti_2000;168,406;717,584;549,178;-0,24;Eastern Mediterranean;;76,53;;
Djibouti;2001;54,27065;75,55396;82,06362;;;;Djibouti_2001;171,618;733,015;561,093;;Eastern Mediterranean;;76,55;;
Djibouti;2002;53,81974;75,54728;82,17579;;;;Djibouti_2002;174,439;746,942;571,782;-0,31;Eastern Mediterranean;;76,55;;
Djibouti;2003;53,36883;75,54113;82,28796;;;;Djibouti_2003;176,988;759,641;581,627;-0,91;Eastern Mediterranean;;76,57;;
Djibouti;2004;52,91791;75,5355;82,40013;;;;Djibouti_2004;179,465;771,603;591,287;-0,34;Eastern Mediterranean;;76,63;;
Djibouti;2005;52,467;75,53008;82,51231;;;;Djibouti_2005;182,018;783,254;601,236;-0,81;Eastern Mediterranean;;76,76;;
Djibouti;2006;52,01609;75,52547;82,62448;;;;Djibouti_2006;184,663;794,563;611,545;-0,26;Eastern Mediterranean;;76,97;;
Djibouti;2007;51,56517;75,52139;82,73665;;;;Djibouti_2007;187,353;805,451;622,049;-0,12;Eastern Mediterranean;;77,23;;
Djibouti;2008;51,11426;75,51782;82,84882;;;;Djibouti_2008;190,109;816,358;632,825;0,27;Eastern Mediterranean;;77,52;;
Djibouti;2009;50,66335;75,51445;82,96099;;;;Djibouti_2009;192,941;827,823;643,899;0,49;Eastern Mediterranean;;77,78;;
Djibouti;2010;50,21243;75,51486;83,07317;;;;Djibouti_2010;195,77;840,198;655,376;0,25;Eastern Mediterranean;;78,0;;
Djibouti;2011;49,76152;75,51925;83,18533;;;;Djibouti_2011;198,612;853,674;667,325;0,18;Eastern Mediterranean;;78,17;;
Djibouti;2012;49,3106;75,52743;83,29751;;;;Djibouti_2012;201,456;868,137;679,729;0,16;Eastern Mediterranean;;78,3;;
Djibouti;2013;48,85969;75,53989;83,40968;;;;Djibouti_2013;204,251;883,293;692,437;-0,1;Eastern Mediterranean;;78,39;;
Djibouti;2014;48,40878;75,5561;83,52185;;;;Djibouti_2014;206,929;898,695;705,235;-0,77;Eastern Mediterranean;;78,47;;
Djibouti;2015;47,95786;75,57727;83,63403;;;;Djibouti_2015;209,442;913,993;717,972;-0,44;Eastern Mediterranean;;78,55;;
Djibouti;2016;47,50695;75,60252;83,74619;;;;Djibouti_2016;211,764;929,112;730,569;-0,63;Eastern Mediterranean;31,28645;78,63;;0,7232
Djibouti;2017;47,05603;75,63231;83,85837;;;;Djibouti_2017;213,906;944,099;743,079;-0,74;Eastern Mediterranean;;78,71;;
Dominica;2000;;93,475;;;;;Dominica_2000;24,202;69,65;45,474;0,49;Americas;;65,29;;
Dominica;2001;;93,75;;;;;Dominica_2001;24,118;69,661;45,552;;Americas;;65,39;;
Dominica;2002;;94,025;;;;;Dominica_2002;23,957;69,837;45,867;0,55;Americas;;65,68;;
Dominica;2003;;94,3;;;;;Dominica_2003;23,836;70,1;46,257;0,67;Americas;;65,99;;
Dominica;2004;;94,575;;;;;Dominica_2004;23,719;70,382;46,66;0,95;Americas;;66,3;;
Dominica;2005;;94,85;;;;;Dominica_2005;23,589;70,589;47,038;0,83;Americas;;66,64;;
Dominica;2006;;95,125;;;;;Dominica_2006;23,435;70,718;47,372;0,91;Americas;;66,99;;
Dominica;2007;;95,4;;;;;Dominica_2007;23,27;70,795;47,68;0,79;Americas;;67,35;;
Dominica;2008;;95,675;;;;;Dominica_2008;23,098;70,827;47,976;0,92;Americas;;67,74;;
Dominica;2009;;95,95;;;;;Dominica_2009;22,937;70,851;48,292;0,67;Americas;;68,16;;
Dominica;2010;;96,225;;;;;Dominica_2010;22,793;70,878;48,647;0,9;Americas;;68,63;;
Dominica;2011;;96,5;;;;;Dominica_2011;22,671;70,916;49,047;1,14;Americas;;69,16;;
Dominica;2012;;96,5;;;;;Dominica_2012;22,561;70,965;49,483;0,98;Americas;;69,73;;
Dominica;2013;;96,5;;;;;Dominica_2013;22,457;71,016;49,943;1,12;Americas;;70,33;;
Dominica;2014;;96,5;;;;;Dominica_2014;22,358;71,085;50,42;1,06;Americas;;70,93;;
Dominica;2015;;96,5;;;;;Dominica_2015;22,256;71,183;50,906;1,08;Americas;;71,51;;
Dominican Republic;2000;79,42693;89,82323;96,26224;;;;Dominican Republic_2000;3274,904;8471,321;5287,718;0,02;Americas;;62,42;;
Dominican Republic;2001;80,07233;90,27245;96,37556;;;;Dominican Republic_2001;3255,76;8598,601;5441,366;;Americas;;63,28;;
Dominican Republic;2002;80,7201;90,71294;96,48889;;;;Dominican Republic_2002;3235,194;8724,975;5597,091;0,12;Americas;;64,15;;
Dominican Republic;2003;81,37024;91,21085;96,6022;;;;Dominican Republic_2003;3174,168;8850,317;5793,592;-0,42;Americas;;65,46;;
Dominican Republic;2004;82,02275;91,72041;96,71551;;;;Dominican Republic_2004;3094,744;8974,444;6008,254;-0,34;Americas;;66,95;;
Dominican Republic;2005;82,67762;92,21127;96,8288;;;;Dominican Republic_2005;3014,191;9097,257;6223,375;-0,26;Americas;;68,41;;
Dominican Republic;2006;83,33486;92,68439;96,94209;;;;Dominican Republic_2006;2932,247;9218,686;6439,091;-0,11;Americas;;69,85;;
Dominican Republic;2007;83,99447;93,13971;97,05537;;;;Dominican Republic_2007;2849,396;9338,861;6654,957;-0,08;Americas;;71,26;;
Dominican Republic;2008;84,65645;93,57764;97,16863;;;;Dominican Republic_2008;2765,725;9458,075;6870,795;-0,04;Americas;;72,64;;
Dominican Republic;2009;85,32079;93,99761;97,28189;;;;Dominican Republic_2009;2681,99;9576,737;7085,768;0,0;Americas;;73,99;;
Dominican Republic;2010;85,9875;94,40098;97,39513;;;;Dominican Republic_2010;2597,931;9695,121;7300,054;-0,04;Americas;;75,3;;
Dominican Republic;2011;86,65658;94,77666;97,50838;;;;Dominican Republic_2011;2524,085;9813,211;7503,01;0,0;Americas;;76,46;;
Dominican Republic;2012;87,32803;95,13077;97,6216;;;;Dominican Republic_2012;2457,254;9930,916;7697,696;0,25;Americas;;77,51;;
Dominican Republic;2013;88,00184;95,47181;97,73483;;;;Dominican Republic_2013;2390,521;10048,232;7890,775;0,21;Americas;;78,53;;
Dominican Republic;2014;88,67802;95,80037;97,84804;;;;Dominican Republic_2014;2323,582;10165,183;8082,262;0,15;Americas;;79,51;;
Dominican Republic;2015;89,35657;96,11691;97,96124;;;;Dominican Republic_2015;2256,692;10281,68;8271,702;0,24;Americas;;80,45;;
Dominican Republic;2016;90,03748;96,57637;98,26912;;;;Dominican Republic_2016;2189,85;10397,741;8458,941;0,25;Americas;2,20544;81,35;;0,972
Dominican Republic;2017;90,27989;96,69022;98,26516;;;;Dominican Republic_2017;2123,575;10513,104;8643,423;0,16;Americas;;82,22;;
Ecuador;2000;70,21852;82,36792;90,36711;49,50854;66,22778;77,23576;Ecuador_2000;5013,641;12681,123;7614,955;-0,57;Americas;;60,05;16,14;
Ecuador;2001;70,91832;83,08491;90,92949;50,00194;66,85207;77,71642;Ecuador_2001;5038,399;12914,667;7814,356;;Americas;;60,51;16,23;
Ecuador;2002;71,69196;83,8223;91,53937;50,49533;67,42609;78,19708;Ecuador_2002;5082,637;13143,465;7989,423;-0,76;Americas;;60,79;16,4;
Ecuador;2003;72,46703;84,53574;92,14983;50,98874;67,96652;78,67773;Ecuador_2003;5140,934;13369,678;8148,667;-0,96;Americas;;60,95;16,57;
Ecuador;2004;73,24355;85,24944;92,76088;51,48214;68,5069;79,15839;Ecuador_2004;5199,348;13596,388;8310,299;-0,84;Americas;;61,12;16,74;
Ecuador;2005;74,02152;85,9632;93,37251;51,97553;69,04697;79,63905;Ecuador_2005;5259,14;13825,847;8476,093;-0,79;Americas;;61,31;16,92;
Ecuador;2006;74,80093;86,67705;93,98473;52,46893;69,5867;80,11971;Ecuador_2006;5320,597;14059,384;8646,883;-0,85;Americas;;61,5;17,09;
Ecuador;2007;75,58179;87,39132;94,59753;52,96233;70,12666;80,60037;Ecuador_2007;5383,366;14296,557;8822,087;-0,81;Americas;;61,71;17,26;
Ecuador;2008;76,36408;88,10566;95,21091;53,45573;70,66629;81,08103;Ecuador_2008;5446,778;14535,739;9000,784;-0,73;Americas;;61,92;17,44;
Ecuador;2009;77,14782;88,82005;95,82487;53,94913;71,2056;81,56168;Ecuador_2009;5509,98;14774,424;9181,295;-0,67;Americas;;62,14;17,61;
Ecuador;2010;77,933;89,53468;96,43942;54,44253;71,74486;82,04234;Ecuador_2010;5572,14;15011,117;9362,55;-0,59;Americas;;62,37;17,79;
Ecuador;2011;78,71963;90,24332;97,05456;54,93592;72,27468;82,523;Ecuador_2011;5638,262;15243,884;9539,093;-0,69;Americas;;62,58;17,97;
Ecuador;2012;79,50769;90,94794;97,67028;55,42933;72,79785;83,00366;Ecuador_2012;5707,115;15474,101;9712,551;-0,57;Americas;;62,77;18,15;
Ecuador;2013;80,2972;91,653;98,28658;55,92272;73,32098;83,48432;Ecuador_2013;5775,237;15707,474;9886,31;-0,18;Americas;;62,94;18,33;
Ecuador;2014;81,08816;92,3583;98,90347;56,41612;73,8438;83,96498;Ecuador_2014;5842,585;15951,84;10060,527;-0,02;Americas;;63,07;18,51;
Ecuador;2015;81,88055;93,05378;99,5045;56,90952;74,36687;84,44564;Ecuador_2015;5909,194;16212,02;10235,174;-0,14;Americas;;63,13;18,69;
Ecuador;2016;82,67439;93,68204;100,0;57,40292;74,85141;84,86615;Ecuador_2016;5974,947;16491,116;10410,121;-0,09;Americas;0,64215;63,13;18,83;0,9653
Ecuador;2017;83,46968;93,99454;100,0;57,89632;75,06802;84,86615;Ecuador_2017;6039,811;16785,361;10585,047;-0,07;Americas;;63,06;18,93;
Egypt;2000;96,69353;97,87095;99,44469;;;;Egypt_2000;39988,667;68831,561;29917,321;0,05;Eastern Mediterranean;;43,46;;
Egypt;2001;96,81792;97,94453;99,44753;;;;Egypt_2001;40711,513;70152,661;30515,427;;Eastern Mediterranean;;43,5;;
Egypt;2002;96,94236;98,01802;99,45038;;;;Egypt_2002;41457,204;71485,043;31132,914;-0,41;Eastern Mediterranean;;43,55;;
Egypt;2003;97,06687;98,09145;99,45322;;;;Egypt_2003;42217,976;72826,097;31763,966;-0,64;Eastern Mediterranean;;43,62;;
Egypt;2004;97,19145;98,1648;99,45606;;;;Egypt_2004;42982,044;74172,073;32399,855;-0,82;Eastern Mediterranean;;43,68;;
Egypt;2005;97,3161;98,23808;99,4589;;;;Egypt_2005;43742,795;75523,569;33035,354;-0,63;Eastern Mediterranean;;43,74;;
Egypt;2006;97,44081;98,31129;99,46175;;;;Egypt_2006;44493,461;76873,663;33665,587;-0,84;Eastern Mediterranean;;43,79;;
Egypt;2007;97,5656;98,38364;99,46458;;;;Egypt_2007;45274,468;78232,126;34262,785;-0,55;Eastern Mediterranean;;43,8;;
Egypt;2008;97,69044;98,45557;99,46743;;;;Egypt_2008;46096,587;79636,079;34857,294;-0,51;Eastern Mediterranean;;43,77;;
Egypt;2009;97,81536;98,52762;99,47027;;;;Egypt_2009;46973,046;81134,798;35491,976;-0,61;Eastern Mediterranean;;43,74;;
Egypt;2010;97,94035;98,59972;99,47311;;;;Egypt_2010;47925,009;82761,235;36182,597;-0,9;Eastern Mediterranean;;43,72;;
Egypt;2011;98,06539;98,67193;99,47594;;;;Egypt_2011;48961,61;84529,252;36935,951;-1,44;Eastern Mediterranean;;43,7;;
Egypt;2012;98,19051;98,74377;99,47878;;;;Egypt_2012;50100,764;86422,243;37712,493;-1,44;Eastern Mediterranean;;43,64;;
Egypt;2013;98,3157;98,8158;99,48162;;;;Egypt_2013;51286,648;88404,646;38520,785;-1,64;Eastern Mediterranean;;43,57;;
Egypt;2014;98,44095;98,88798;99,48445;;;;Egypt_2014;52480,985;90424,656;39331,581;-1,63;Eastern Mediterranean;;43,5;;
Egypt;2015;98,56627;98,96033;99,48729;;;;Egypt_2015;53654,843;92442,547;40123,329;-1,5;Eastern Mediterranean;;43,4;;
Egypt;2016;98,69166;99,03286;99,49013;;;;Egypt_2016;54799,311;94447,073;40889,37;-1,44;Eastern Mediterranean;2,2022;43,29;;0,9843
Egypt;2017;98,81711;99,10573;99,49296;;;;Egypt_2017;55893,406;96442,591;41659,745;-1,42;Eastern Mediterranean;;43,2;;
El Salvador;2000;55,52309;77,78591;93,31305;;;86,18298;El Salvador_2000;2410,885;5887,936;3456,741;0,33;Americas;;58,71;;
El Salvador;2001;55,52309;77,99451;93,31305;;;86,18298;El Salvador_2001;2394,061;5927,006;3511,901;;Americas;;59,25;;
El Salvador;2002;57,6882;79,30755;93,71204;;;85,09019;El Salvador_2002;2375,312;5962,136;3564,991;0,3;Americas;;59,79;;
El Salvador;2003;59,89088;80,61546;94,11189;;;83,99187;El Salvador_2003;2355,11;5994,077;3616,425;-0,18;Americas;;60,33;;
El Salvador;2004;62,13113;81,91846;94,51259;;;82,88802;El Salvador_2004;2333,904;6023,797;3666,871;-0,07;Americas;;60,87;;
El Salvador;2005;64,40894;83,21478;94,91413;;;81,77864;El Salvador_2005;2312,232;6052,123;3716,729;-0,03;Americas;;61,41;;
El Salvador;2006;66,72433;84,50497;95,31654;;;80,66372;El Salvador_2006;2290,13;6079,399;3766,348;-0,17;Americas;;61,95;;
El Salvador;2007;69,07729;85,80185;95,71979;;;79,54327;El Salvador_2007;2264,614;6105,81;3818,861;-0,01;Americas;;62,54;;
El Salvador;2008;71,4678;87,1683;96,12389;;;78,41728;El Salvador_2008;2219,385;6131,764;3890,916;0,04;Americas;;63,46;;
El Salvador;2009;73,8959;88,50999;96,52884;;;77,28576;El Salvador_2009;2174,461;6157,686;3962,815;-0,01;Americas;;64,36;;
El Salvador;2010;76,36156;89,82706;96,93464;;;76,1487;El Salvador_2010;2129,728;6183,875;4034,898;0,06;Americas;;65,25;;
El Salvador;2011;78,86479;91,11933;97,34129;;;76,31059;El Salvador_2011;2085,36;6210,568;4107,2;0,11;Americas;;66,13;;
El Salvador;2012;81,40559;92,3861;97,7488;;;76,47247;El Salvador_2012;2041,361;6237,923;4179,885;0,23;Americas;;67,01;;
El Salvador;2013;83,98396;93,62684;98,15716;;;76,63436;El Salvador_2013;1997,999;6266,07;4252,778;-0,03;Americas;;67,87;;
El Salvador;2014;86,59989;94,84168;98,56637;;;76,79625;El Salvador_2014;1955,077;6295,128;4326,112;-0,02;Americas;;68,72;;
El Salvador;2015;89,2534;96,03034;98,97643;;;76,95814;El Salvador_2015;1912,681;6325,124;4399,797;-0,02;Americas;;69,56;;
El Salvador;2016;91,80662;97,06386;99,26358;;;77,12003;El Salvador_2016;1871,635;6356,143;4473,087;-0,1;Americas;2,00514;70,37;;0,9754
El Salvador;2017;92,21841;97,38837;99,47195;;;77,28191;El Salvador_2017;1832,049;6388,126;4545,804;-0,26;Americas;;71,16;;
Equatorial Guinea;2000;38,68913;51,09814;63,96618;;;;Equatorial Guinea_2000;312,737;606,181;301,586;-0,04;Africa;;49,75;;
Equatorial Guinea;2001;38,08038;51,79044;65,0517;;;;Equatorial Guinea_2001;314,556;631,666;325,206;;Africa;;51,48;;
Equatorial Guinea;2002;37,47163;52,542;66,13723;;;;Equatorial Guinea_2002;316,058;658,384;350,349;-0,52;Africa;;53,21;;
Equatorial Guinea;2003;36,86288;53,35042;67,22276;;;;Equatorial Guinea_2003;317,389;686,664;377,222;0,11;Africa;;54,94;;
Equatorial Guinea;2004;36,25413;54,21503;68,30828;;;;Equatorial Guinea_2004;318,68;716,949;406,137;-0,06;Africa;;56,65;;
Equatorial Guinea;2005;35,64538;55,13172;69,39381;;;;Equatorial Guinea_2005;320,042;749,535;437,275;-0,39;Africa;;58,34;;
Equatorial Guinea;2006;35,03662;56,10058;70,47933;;;;Equatorial Guinea_2006;321,395;784,496;470,822;0,17;Africa;;60,02;;
Equatorial Guinea;2007;34,42788;57,11857;71,56486;;;;Equatorial Guinea_2007;322,609;821,687;506,718;0,26;Africa;;61,67;;
Equatorial Guinea;2008;33,81913;58,18379;72,65038;;;;Equatorial Guinea_2008;323,525;860,84;544,893;0,2;Africa;;63,3;;
Equatorial Guinea;2009;33,21037;59,2918;73,73591;;;;Equatorial Guinea_2009;324,029;901,599;585,082;0,37;Africa;;64,89;;
Equatorial Guinea;2010;32,60162;60,44137;74,82143;;;;Equatorial Guinea_2010;323,947;943,639;627,157;0,24;Africa;;66,46;;
Equatorial Guinea;2011;31,99287;61,62961;75,90696;;;;Equatorial Guinea_2011;323,268;986,853;671,022;0,15;Africa;;68,0;;
Equatorial Guinea;2012;31,38412;62,85389;76,99248;;;;Equatorial Guinea_2012;321,964;1031,191;716,629;0,23;Africa;;69,5;;
Equatorial Guinea;2013;30,77537;63,67152;78,078;;;;Equatorial Guinea_2013;330,07;1076,413;753,676;0,12;Africa;;70,02;;
Equatorial Guinea;2014;30,77537;63,92648;78,078;;;;Equatorial Guinea_2014;337,895;1122,277;791,529;-0,37;Africa;;70,53;;
Equatorial Guinea;2015;30,77537;64,1786;78,078;;;;Equatorial Guinea_2015;345,376;1168,568;830,013;-0,21;Africa;;71,03;;
Equatorial Guinea;2016;30,77537;64,42552;78,078;;;;Equatorial Guinea_2016;352,55;1215,18;868,94;-0,14;Africa;22,28946;71,51;;0,7119
Equatorial Guinea;2017;30,77537;64,66582;78,078;;;;Equatorial Guinea_2017;359,435;1262,002;908,254;-0,17;Africa;;71,97;;
Eritrea;2000;30,99105;46,81421;90,50571;;;;Eritrea_2000;2490,747;2292,416;902,054;-0,77;Africa;;39,35;;
Eritrea;2001;30,72526;47,12042;90,44176;;;;Eritrea_2001;2537,002;2374,722;960,122;;Africa;;40,43;;
Eritrea;2002;30,45947;47,44093;90,3778;;;;Eritrea_2002;2590,231;2481,058;1024,408;-0,27;Africa;;41,29;;
Eritrea;2003;30,19368;47,77522;90,31384;;;;Eritrea_2003;2645,064;2600,973;1093,201;-0,72;Africa;;42,03;;
Eritrea;2004;29,92789;48,12342;90,24989;;;;Eritrea_2004;2694,69;2719,803;1163,933;-0,64;Africa;;42,79;;
Eritrea;2005;29,6621;48,48441;90,18593;;;;Eritrea_2005;2734,684;2826,659;1234,323;-0,8;Africa;;43,67;;
Eritrea;2006;29,39631;48,85949;90,12197;;;;Eritrea_2006;2763,263;2918,205;1303,385;-0,9;Africa;;44,66;;
Eritrea;2007;29,13052;49,24695;90,05801;;;;Eritrea_2007;2782,012;2996,536;1371,32;-1,05;Africa;;45,76;;
Eritrea;2008;28,86473;49,6487;89,99406;;;;Eritrea_2008;2793,54;3062,779;1439,096;-0,71;Africa;;46,99;;
Eritrea;2009;28,59895;49,81033;89,9301;;;;Eritrea_2009;2819,613;3119,92;1490,721;-0,68;Africa;;47,78;;
Eritrea;2010;28,33315;49,97738;89,86614;;;;Eritrea_2010;2846,355;3170,435;1544,485;-0,88;Africa;;48,72;;
Eritrea;2011;28,06737;50,15053;89,80219;;;;Eritrea_2011;2874,045;3213,972;1600,645;-0,77;Africa;;49,8;;
Eritrea;2012;27,80158;50,32917;89,73823;;;;Eritrea_2012;2902,04;3250,1;1658,937;-0,7;Africa;;51,04;;
Eritrea;2013;27,80158;50,70513;89,73823;;;;Eritrea_2013;2931,111;3281,449;1719,887;-0,77;Africa;;52,41;;
Eritrea;2014;27,80158;51,08356;89,73823;;;;Eritrea_2014;2961,994;3311,449;1784,051;-0,81;Africa;;53,88;;
Eritrea;2015;27,80158;51,46509;89,73823;;;;Eritrea_2015;2995,125;3342,818;1851,851;-0,88;Africa;;55,4;;
Eritrea;2016;27,80158;51,84972;89,73823;;;;Eritrea_2016;3030,917;3376,557;1923,728;-0,66;Africa;45,56445;56,97;;0,5338
Estonia;2000;97,28722;99,11478;99,92181;;93,22531;;Estonia_2000;428,571;1399,112;970,541;0,9;Europe;;69,37;5,89;
Estonia;2001;97,4231;99,1547;99,9239;;93,44939;;Estonia_2001;428,064;1391,73;963,665;;Europe;;69,24;5,71;
Estonia;2002;97,55897;99,19495;99,92599;;93,67563;;Estonia_2002;427,045;1382,732;955,687;0,93;Europe;;69,12;5,52;
Estonia;2003;97,69485;99,23553;99,92808;;93,90388;;Estonia_2003;425,752;1372,909;947,157;0,9;Europe;;68,99;5,33;
Estonia;2004;97,83073;99,27644;99,93017;;94,13433;;Estonia_2004;424,589;1363,565;938,976;0,7;Europe;;68,86;5,14;
Estonia;2005;97,9666;99,3177;99,93226;;94,36696;;Estonia_2005;423,848;1355,648;931,8;0,6;Europe;;68,73;4,95;
Estonia;2006;98,10248;99,35927;99,93435;;94,60166;;Estonia_2006;423,584;1349,363;925,713;0,74;Europe;;68,6;4,76;
Estonia;2007;98,23836;99,40118;99,93644;;94,83858;;Estonia_2007;423,663;1344,296;920,409;0,63;Europe;;68,47;4,56;
Estonia;2008;98,37424;99,44344;99,93853;;95,07772;;Estonia_2008;424,008;1340,073;915,704;0,57;Europe;;68,33;4,37;
Estonia;2009;98,51011;99,48605;99,94062;;95,31908;;Estonia_2009;424,493;1336,135;911,337;0,57;Europe;;68,21;4,17;
Estonia;2010;98,64599;99,52898;99,94271;;95,37568;;Estonia_2010;425,023;1332,101;907,079;0,66;Europe;;68,09;4,15;
Estonia;2011;98,78187;99,57225;99,9448;;95,10062;;Estonia_2011;425,571;1327,709;902,878;0,61;Europe;;68,0;4,47;
Estonia;2012;98,91774;99,61729;99,94689;;94,82696;;Estonia_2012;424,323;1323,159;900,611;0,64;Europe;;68,07;4,79;
Estonia;2013;99,05362;99,66356;99,94898;;94,55417;;Estonia_2013;421,292;1319,062;900,268;0,75;Europe;;68,25;5,11;
Estonia;2014;99,1895;99,70941;99,95107;;94,28071;;Estonia_2014;418,329;1316,277;900,03;0,78;Europe;;68,38;5,43;
Estonia;2015;99,1895;99,71053;99,95107;;93,9648;;Estonia_2015;415,431;1315,325;899,89;0,62;Europe;;68,42;5,75;
Estonia;2016;99,1895;99,71165;99,95107;;93,64887;;Estonia_2016;412,594;1316,51;899,848;0,67;Europe;0,00627;68,35;6,06;0,9986
Estonia;2017;99,1895;99,71283;99,95107;;93,33299;;Estonia_2017;409,687;1319,39;899,945;0,65;Europe;;68,21;6,38;
Eswatini;2000;42,51946;52,51423;86,57642;;;67,34407;Eswatini_2000;820,663;1005,435;240,805;0,04;Africa;;23,95;;
Eswatini;2001;43,71039;53,52095;87,20655;;;68,8517;Eswatini_2001;830,923;1013,609;242,004;;Africa;;23,88;;
Eswatini;2002;44,89168;54,52232;87,83771;;;70,37295;Eswatini_2002;838,528;1019,059;242,402;0,13;Africa;;23,79;;
Eswatini;2003;46,06333;55,5183;88,46989;;;71,90782;Eswatini_2003;844,95;1022,802;242,442;0,07;Africa;;23,7;;
Eswatini;2004;47,22535;56,50797;89,10308;;;73,45632;Eswatini_2004;852,319;1026,286;242,734;-0,01;Africa;;23,65;;
Eswatini;2005;48,37773;57,49255;89,7373;;;75,01844;Eswatini_2005;862,16;1030,579;243,713;-0,4;Africa;;23,65;;
Eswatini;2006;49,52047;58,47115;90,37253;;;76,59418;Eswatini_2006;875,009;1036,092;245,505;-0,27;Africa;;23,7;;
Eswatini;2007;50,65358;59,46272;91,00878;;;78,18355;Eswatini_2007;889,921;1042,652;248,513;0,05;Africa;;23,83;;
Eswatini;2008;51,77705;60,56617;91,64606;;;79,78654;Eswatini_2008;903,417;1049,945;255,48;-0,08;Africa;;24,33;;
Eswatini;2009;52,89088;61,66065;92,28435;;;81,40315;Eswatini_2009;917,837;1057,467;262,838;-0,01;Africa;;24,86;;
Eswatini;2010;53,99508;62,74622;92,92365;;;83,03339;Eswatini_2010;932,443;1064,837;270,4;-0,08;Africa;;25,39;;
Eswatini;2011;55,08964;63,82331;93,56399;;;84,67724;Eswatini_2011;947,124;1072,033;278,134;-0,48;Africa;;25,94;;
Eswatini;2012;56,17456;64,86421;94,20533;;;86,33472;Eswatini_2012;962,964;1079,288;285,194;-0,41;Africa;;26,42;;
Eswatini;2013;57,24985;65,89698;94,8477;;;87,21615;Eswatini_2013;979,039;1086,843;292,417;-0,43;Africa;;26,91;;
Eswatini;2014;58,3155;66,92128;95,49109;;;87,72736;Eswatini_2014;995,295;1095,019;299,802;-0,5;Africa;;27,38;;
Eswatini;2015;59,37151;67,93752;96,13549;;;88,23856;Eswatini_2015;1011,681;1104,044;307,33;-0,48;Africa;;27,84;;
Eswatini;2016;60,41789;68,9483;96,78092;;;88,74977;Eswatini_2016;1028,023;1113,997;315,075;-0,49;Africa;27,89303;28,28;;0,7067
Eswatini;2017;60,41789;69,00865;96,78092;;;88,74977;Eswatini_2017;1044,238;1124,805;323,016;-0,27;Africa;;28,72;;
Ethiopia;2000;8,6159;18,69521;76,99656;0,0;4,52877;30,72436;Ethiopia_2000;56730,042;66224,804;9807,289;-0,94;Africa;;14,81;14,17;
Ethiopia;2001;10,30129;20,28878;77,21017;0,00109;4,92117;32,96203;Ethiopia_2001;58268,076;68159,423;10224,181;;Africa;;15,0;15,37;
Ethiopia;2002;11,94108;21,84036;77,42115;0,08965;5,40116;35,2233;Ethiopia_2002;59839,634;70142,091;10657,558;-1,22;Africa;;15,19;16,44;
Ethiopia;2003;13,53528;23,34811;77,6295;0,20443;5,6269;35,62231;Ethiopia_2003;61438,556;72170,584;11106,588;-1,41;Africa;;15,39;17,72;
Ethiopia;2004;15,08389;24,81286;77,83521;0,34541;5,846;35,82396;Ethiopia_2004;63054,369;74239,505;11570,036;-1,31;Africa;;15,58;18,97;
Ethiopia;2005;16,58691;26,23478;78,0383;0,51261;6,08815;36,02561;Ethiopia_2005;64680,71;76346,311;12046,373;-1,69;Africa;;15,78;20,15;
Ethiopia;2006;18,04432;27,61464;78,23875;0,70601;6,35353;36,22726;Ethiopia_2006;66314,612;78489,206;12536,077;-1,74;Africa;;15,97;21,26;
Ethiopia;2007;19,45615;28,96144;78,43658;0,92562;6,64733;36,42891;Ethiopia_2007;67946,189;80674,348;13054,22;-1,8;Africa;;16,18;22,31;
Ethiopia;2008;20,82238;30,36671;78,63177;1,17145;7,02575;36,63055;Ethiopia_2008;69451,069;82916,235;13733,823;-1,73;Africa;;16,56;23,34;
Ethiopia;2009;22,14302;31,72783;78,82433;1,44348;7,42772;36,8322;Ethiopia_2009;70972,092;85233,913;14444,161;-1,64;Africa;;16,95;24,3;
Ethiopia;2010;23,41807;33,04677;79,01427;1,74173;7,85397;37,03385;Ethiopia_2010;72513,53;87639,964;15189,14;-1,64;Africa;;17,33;25,19;
Ethiopia;2011;24,64752;34,32268;79,20157;2,06618;8,30346;37,2355;Ethiopia_2011;74076,738;90139,929;15970,018;-1,51;Africa;;17,72;26,02;
Ethiopia;2012;25,83137;35,55694;79,38624;2,41685;8,77654;37,43715;Ethiopia_2012;75656,319;92726,985;16787,864;-1,56;Africa;;18,1;26,78;
Ethiopia;2013;26,96964;36,73983;79,56828;2,79373;9,2662;37,63879;Ethiopia_2013;77262,426;95385,798;17625,298;-1,41;Africa;;18,48;27,47;
Ethiopia;2014;28,06231;37,88149;79,74768;3,19681;9,77841;37,84044;Ethiopia_2014;78869,363;98094,265;18497,411;-1,34;Africa;;18,86;28,1;
Ethiopia;2015;29,10938;38,98174;79,92445;3,62611;10,31244;38,04209;Ethiopia_2015;80469,946;100835,458;19403,087;-1,5;Africa;;19,24;28,67;
Ethiopia;2016;30,11086;40,04142;80,09859;4,08161;10,86826;38,24374;Ethiopia_2016;82059,981;103603,462;20343,215;-1,62;Africa;43,66399;19,64;29,17;0,4842
Ethiopia;2017;31,06675;41,05995;80,27011;4,56333;11,44477;38,44538;Ethiopia_2017;83640,582;106399,924;21316,856;-1,68;Africa;;20,03;29,62;
Fiji;2000;90,6526;94,60311;98,89864;;;;Fiji_2000;422,583;811,006;388,64;0,3;Western Pacific;;47,92;;
Fiji;2001;90,6526;94,63544;98,89864;;;;Fiji_2001;420,952;813,925;393,266;;Western Pacific;;48,32;;
Fiji;2002;90,6526;94,66776;98,89864;;;;Fiji_2002;418,511;815,257;397,18;0,47;Western Pacific;;48,72;;
Fiji;2003;90,5132;94,5918;98,82246;;;;Fiji_2003;415,784;816,076;400,844;0,45;Western Pacific;;49,12;;
Fiji;2004;90,3738;94,51643;98,74629;;;;Fiji_2004;413,443;817,86;404,911;0,39;Western Pacific;;49,51;;
Fiji;2005;90,23441;94,44138;98,67011;;;;Fiji_2005;411,967;821,604;409,85;0,38;Western Pacific;;49,88;;
Fiji;2006;90,095;94,36691;98,59394;;;;Fiji_2006;411,52;827,87;415,891;-0,04;Western Pacific;;50,24;;
Fiji;2007;89,9556;94,29294;98,51776;;;;Fiji_2007;411,92;836,19;422,892;0,06;Western Pacific;;50,57;;
Fiji;2008;89,81621;94,22775;98,44159;;;;Fiji_2008;412,007;845,361;431,333;-0,07;Western Pacific;;51,02;;
Fiji;2009;89,67681;94,16517;98,36542;;;;Fiji_2009;411,856;853,637;440,111;-0,27;Western Pacific;;51,56;;
Fiji;2010;89,53741;94,10332;98,28924;;;;Fiji_2010;411,306;859,818;448,644;-0,19;Western Pacific;;52,18;;
Fiji;2011;89,39802;94,04205;98,21307;;;;Fiji_2011;410,276;863,449;456,81;-0,07;Western Pacific;;52,91;;
Fiji;2012;89,25862;93,98151;98,13689;;;;Fiji_2012;408,88;865,069;464,716;-0,07;Western Pacific;;53,72;;
Fiji;2013;89,11922;93,92134;98,06071;;;;Fiji_2013;407,254;865,608;472,461;-0,05;Western Pacific;;54,58;;
Fiji;2014;88,97982;93,86182;97,98454;;;;Fiji_2014;405,553;866,453;480,253;0,55;Western Pacific;;55,43;;
Fiji;2015;88,84042;93,80295;97,90836;;;;Fiji_2015;403,912;868,627;488,237;0,58;Western Pacific;;56,21;;
Fiji;2016;88,70103;93,74462;97,83219;;;;Fiji_2016;402,329;872,399;496,431;0,92;Western Pacific;2,88769;56,9;;0,9545
Fiji;2017;88,70103;93,79092;97,83219;;;;Fiji_2017;400,76;877,459;504,742;0,64;Western Pacific;;57,52;;
Finland;2000;100,0;100,0;100,0;;92,47527;;Finland_2000;924,351;5187,954;4263,603;1,72;Europe;;82,18;7,52;
Finland;2001;100,0;100,0;100,0;;93,06813;;Finland_2001;916,956;5200,477;4283,523;;Europe;;82,37;6,93;
Finland;2002;100,0;100,0;100,0;;93,66098;;Finland_2002;912,167;5213,366;4301,206;1,76;Europe;;82,5;6,34;
Finland;2003;100,0;100,0;100,0;;94,25384;;Finland_2003;907,532;5227,093;4319,571;1,69;Europe;;82,64;5,75;
Finland;2004;100,0;100,0;100,0;;94,84669;;Finland_2004;903,126;5242,17;4339,059;1,62;Europe;;82,77;5,15;
Finland;2005;100,0;100,0;100,0;;95,43954;;Finland_2005;899,025;5258,927;4359,902;1,6;Europe;;82,9;4,56;
Finland;2006;100,0;100,0;100,0;;96,0324;;Finland_2006;895,236;5277,491;4382,334;1,5;Europe;;83,04;3,97;
Finland;2007;100,0;100,0;100,0;;96,62525;;Finland_2007;891,744;5297,739;4406,27;1,49;Europe;;83,17;3,37;
Finland;2008;100,0;100,0;100,0;;97,21811;;Finland_2008;888,472;5319,449;4431,43;1,45;Europe;;83,31;2,78;
Finland;2009;100,0;100,00001;100,0;;97,81097;;Finland_2009;885,348;5342,262;4457,298;1,46;Europe;;83,43;2,19;
Finland;2010;100,0;100,0;100,0;;98,40381;;Finland_2010;870,88;5365,782;4494,902;1,42;Europe;;83,77;1,6;
Finland;2011;100,0;100,0;100,0;;98,99667;;Finland_2011;845,427;5390,038;4543,815;1,39;Europe;;84,3;1,0;
Finland;2012;100,0;100,00001;100,0;;99,58952;;Finland_2012;820,527;5414,77;4592,453;1,4;Europe;;84,81;0,41;
Finland;2013;100,0;100,0;100,0;;99,62812;;Finland_2013;808,694;5438,982;4627,922;1,39;Europe;;85,09;0,37;
Finland;2014;100,0;100,0;100,0;;99,62937;;Finland_2014;809,393;5461,411;4650,324;1,28;Europe;;85,15;0,37;
Finland;2015;100,0;100,0;100,0;;99,63062;;Finland_2015;809,95;5481,122;4672,016;1,04;Europe;;85,24;0,37;
Finland;2016;100,0;100,0;100,0;;99,63187;;Finland_2016;810,329;5497,713;4692,803;1,0;Europe;0,03616;85,36;0,37;0,9999
Finland;2017;100,0;100,0;100,0;;99,63313;;Finland_2017;810,547;5511,371;4712,684;1,08;Europe;;85,51;0,37;
France;2000;99,57449;99,89733;100,0;;96,77525;;France_2000;14382,604;59015,096;45225,597;0,79;Europe;;76,63;3,12;
France;2001;99,6056;99,90585;100,0;;96,7835;;France_2001;14302,809;59384,132;45608,443;;Europe;;76,8;3,12;
France;2002;99,6367;99,91419;100,0;;96,79159;;France_2002;14224,922;59803,441;46000,154;0,93;Europe;;76,92;3,12;
France;2003;99,66781;99,92238;100,0;;96,79951;;France_2003;14149,19;60251,588;46400,907;0,18;Europe;;77,01;3,12;
France;2004;99,69891;99,9304;100,0;;96,87717;;France_2004;14075,407;60697,981;46811,2;0,35;Europe;;77,12;3,05;
France;2005;99,73002;99,93826;100,0;;96,95467;;France_2005;14003,975;61120,127;47229,925;0,4;Europe;;77,27;2,98;
France;2006;99,76112;99,94595;100,0;;97,03204;;France_2006;13934,413;61508,926;47658,471;0,6;Europe;;77,48;2,91;
France;2007;99,79222;99,95351;100,0;;97,10927;;France_2007;13866,281;61869,227;48094,669;0,56;Europe;;77,74;2,84;
France;2008;99,82333;99,9609;100,0;;97,18636;;France_2008;13794,705;62209,207;48534,862;0,55;Europe;;78,02;2,77;
France;2009;99,85443;99,96815;100,0;;97,26331;;France_2009;13717,697;62542,9;48969,824;0,51;Europe;;78,3;2,7;
France;2010;99,88554;99,97524;100,0;;97,34013;;France_2010;13633,442;62879,53;49393,298;0,68;Europe;;78,55;2,64;
France;2011;99,91664;99,98218;100,0;;97,4168;;France_2011;13541,366;63222,227;49802,211;0,6;Europe;;78,77;2,57;
France;2012;99,94775;99,98896;100,0;;97,49334;;France_2012;13442,096;63564,221;50197,777;0,55;Europe;;78,97;2,5;
France;2013;99,97885;99,99558;100,0;;97,56973;;France_2013;13336,757;63893,525;50583,16;0,45;Europe;;79,17;2,43;
France;2014;100,0;100,0;100,0;;97,64396;;France_2014;13226,977;64193,55;50963,661;0,3;Europe;;79,39;2,36;
France;2015;100,0;100,0;100,0;;97,7139;;France_2015;13113,96;64453,2;51343,241;0,11;Europe;;79,66;2,29;
France;2016;100,0;100,0;100,0;;97,78383;;France_2016;12998,038;64667,596;51722,652;-0,1;Europe;0,26542;79,98;2,22;0,9987
France;2017;100,0;100,0;100,0;;97,85376;;France_2017;12879,012;64842,509;52100,536;0,28;Europe;;80,35;2,15;
Gabon;2000;37,01952;79,53762;90,92246;;;;Gabon_2000;260,031;1228,36;971,091;0,64;Africa;;79,06;;
Gabon;2001;38,36506;80,1376;90,82137;;;;Gabon_2001;257,087;1258,003;1005,172;;Africa;;79,9;;
Gabon;2002;39,68568;80,70048;90,71942;;;;Gabon_2002;254,12;1288,315;1040,289;0,41;Africa;;80,75;;
Gabon;2003;40,9814;81,22711;90,61661;;;;Gabon_2003;251,249;1319,953;1076,897;0,3;Africa;;81,59;;
Gabon;2004;42,25219;81,71886;90,51292;;;;Gabon_2004;248,58;1353,795;1115,625;0,41;Africa;;82,41;;
Gabon;2005;43,49808;82,17657;90,40839;;;;Gabon_2005;246,218;1390,549;1156,908;0,33;Africa;;83,2;;
Gabon;2006;44,71905;82,60249;90,30298;;;;Gabon_2006;244,076;1430,152;1200,768;0,22;Africa;;83,96;;
Gabon;2007;45,9151;82,99741;90,19672;;;;Gabon_2007;242,107;1472,575;1247,086;0,3;Africa;;84,69;;
Gabon;2008;47,08624;83,36343;90,08958;;;;Gabon_2008;240,309;1518,54;1296,102;0,26;Africa;;85,35;;
Gabon;2009;48,23247;83,70043;89,98159;;;;Gabon_2009;238,727;1568,928;1348,027;0,14;Africa;;85,92;;
Gabon;2010;49,35379;84,01086;89,87273;;;;Gabon_2010;237,291;1624,14;1402,919;0,3;Africa;;86,38;;
Gabon;2011;50,45018;84,29539;89,76301;;;;Gabon_2011;236,029;1684,635;1461,072;0,38;Africa;;86,73;;
Gabon;2012;51,52167;84,55587;89,65243;;;;Gabon_2012;234,816;1749,682;1522,001;0,29;Africa;;86,99;;
Gabon;2013;52,56824;84,7922;89,54098;;;;Gabon_2013;233,402;1817,071;1583,869;0,33;Africa;;87,17;;
Gabon;2014;53,5899;85,00294;89,42867;;;;Gabon_2014;231,633;1883,8;1644,08;0,15;Africa;;87,27;;
Gabon;2015;55,05481;85,4748;89,5767;;;;Gabon_2015;229,341;1947,686;1700,834;0,02;Africa;;87,33;;
Gabon;2016;55,05481;85,62704;89,5767;;;;Gabon_2016;226,498;2007,873;1753,288;-0,1;Africa;20,57946;87,32;;0,8263
Gabon;2017;55,05481;85,771;89,5767;;;;Gabon_2017;223,245;2064,823;1801,892;-0,1;Africa;;87,27;;
Gambia;2000;67,83891;75,00136;82,80183;;;41,15992;Gambia_2000;642,181;1317,703;589,663;0,53;Africa;;44,75;;
Gambia;2001;67,54677;75,13911;83,11283;;;42,9526;Gambia_2001;650,815;1360,074;619,68;;Africa;;45,56;;
Gambia;2002;67,25378;75,2877;83,42414;;;44,74736;Gambia_2002;659,831;1404,261;651,518;0,83;Africa;;46,4;;
Gambia;2003;66,95997;75,44097;83,73576;;;46,5442;Gambia_2003;669,586;1449,925;684,608;0,32;Africa;;47,22;;
Gambia;2004;66,66531;75,58038;84,04768;;;48,34313;Gambia_2004;681,267;1496,527;717,306;0,17;Africa;;47,93;;
Gambia;2005;66,36981;75,72826;84,35992;;;50,14414;Gambia_2005;692,935;1543,741;751,269;0,2;Africa;;48,67;;
Gambia;2006;66,07348;75,88463;84,67246;;;51,94724;Gambia_2006;704,493;1591,445;786,528;-0,03;Africa;;49,42;;
Gambia;2007;65,77631;76,04948;84,98531;;;53,75241;Gambia_2007;715,979;1639,848;823,137;0,05;Africa;;50,2;;
Gambia;2008;65,47829;76,22301;85,29847;;;55,55967;Gambia_2008;727,394;1689,285;861,178;0,07;Africa;;50,98;;
Gambia;2009;65,17944;76,40444;85,61195;;;57,36901;Gambia_2009;738,84;1740,279;900,72;0,12;Africa;;51,76;;
Gambia;2010;64,87975;76,59435;85,92572;;;59,18044;Gambia_2010;750,273;1793,196;941,876;0,07;Africa;;52,52;;
Gambia;2011;64,57922;76,79232;86,23981;;;60,99395;Gambia_2011;761,696;1848,147;984,667;0,0;Africa;;53,28;;
Gambia;2012;64,27785;76,99876;86,55421;;;62,80954;Gambia_2012;773,029;1905,013;1029,096;0,0;Africa;;54,02;;
Gambia;2013;63,97564;77,21253;86,86891;;;64,62721;Gambia_2013;784,258;1963,712;1075,066;-0,05;Africa;;54,75;;
Gambia;2014;63,67259;77,4333;87,18392;;;66,44697;Gambia_2014;795,364;2024,042;1122,488;-0,15;Africa;;55,46;;
Gambia;2015;63,3687;77,66074;87,49924;;;68,26881;Gambia_2015;806,309;2085,86;1171,281;0,02;Africa;;56,15;;
Gambia;2016;63,3687;77,82724;87,49924;;;68,26881;Gambia_2016;817,075;2149,136;1221,426;-0,43;Africa;29,65944;56,83;;0,7424
Gambia;2017;63,3687;77,99157;87,49924;;;68,26881;Gambia_2017;827,654;2213,889;1272,914;-0,08;Africa;;57,5;;
Georgia;2000;86,9715;92,97521;98,37717;;74,5881;;Georgia_2000;2236,449;4362,187;2485,61;-0,81;Europe;;56,98;18,39;
Georgia;2001;87,40995;93,20199;98,46388;;74,77414;;Georgia_2001;2224,052;4296,979;2448,11;;Europe;;56,97;18,43;
Georgia;2002;87,84841;93,46075;98,5506;;74,98245;;Georgia_2002;2199,528;4258,571;2425,352;-1,19;Europe;;56,95;18,48;
Georgia;2003;88,28687;93,75501;98,63731;;75,21508;;Georgia_2003;2159,971;4238,929;2419,111;-1,3;Europe;;57,07;18,54;
Georgia;2004;88,72533;94,04644;98,72403;;75,83226;;Georgia_2004;2120,781;4225,816;2412,548;-0,87;Europe;;57,09;18,21;
Georgia;2005;89,16379;94,33504;98,81075;;76,44949;;Georgia_2005;2081,535;4210,168;2405,012;-0,75;Europe;;57,12;17,89;
Georgia;2006;89,60224;94,62092;98,89747;;77,06681;;Georgia_2006;2042,246;4189,72;2396,65;-0,96;Europe;;57,2;17,55;
Georgia;2007;90,0407;94,90408;98,98418;;77,6842;;Georgia_2007;2003,024;4166,867;2387,511;-0,64;Europe;;57,3;17,22;
Georgia;2008;90,47916;95,18443;99,0709;;78,08326;;Georgia_2008;1963,424;4142,655;2377,09;-0,92;Europe;;57,38;17,1;
Georgia;2009;90,91762;95,46198;99,15762;;78,30735;;Georgia_2009;1923,027;4119,494;2364,669;-0,97;Europe;;57,4;17,15;
Georgia;2010;91,35608;95,73682;99,24434;;78,52918;;Georgia_2010;1881,61;4099,099;2350,051;-0,72;Europe;;57,33;17,21;
Georgia;2011;91,79453;96,00888;99,33105;;78,74872;;Georgia_2011;1838,725;4081,017;2332,531;-0,66;Europe;;57,16;17,26;
Georgia;2012;92,23299;96,27824;99,41777;;78,96601;;Georgia_2012;1794,943;4064,106;2312,776;-0,68;Europe;;56,91;17,31;
Georgia;2013;92,67146;96,54476;99,50449;;79,18097;;Georgia_2013;1752,471;4048,701;2293,439;-0,44;Europe;;56,65;17,36;
Georgia;2014;94,81661;97,64145;99,76666;;79,39369;;Georgia_2014;1714,022;4035,311;2278,324;-0,32;Europe;;56,46;18,25;
Georgia;2015;95,26311;97,91409;99,87768;;79,60415;;Georgia_2015;1681,437;4024,183;2270,087;-0,47;Europe;;56,41;18,31;
Georgia;2016;95,7096;98,17055;99,96457;;79,81266;;Georgia_2016;1655,077;4015,45;2270,328;-0,31;Europe;0,17978;56,54;18,36;0,99
Georgia;2017;96,1561;98,39444;100,0;;79,99468;;Georgia_2017;1634,019;4008,716;2278,042;-0,37;Europe;;56,83;18,4;
Germany;2000;100,0;100,0;100,0;;99,8;;Germany_2000;20400,344;81400,882;61087,413;1,41;Europe;;75,05;0,2;
Germany;2001;100,0;100,0;100,0;;99,8;;Germany_2001;20245,265;81453,885;61290,583;;Europe;;75,25;0,2;
Germany;2002;100,0;100,0;100,0;;99,8;;Germany_2002;20097,558;81535,122;61514,31;1,1;Europe;;75,45;0,2;
Germany;2003;100,0;100,0;100,0;;99,8;;Germany_2003;19950,126;81614,38;61736,369;0,58;Europe;;75,64;0,2;
Germany;2004;100,0;100,0;100,0;;99,8;;Germany_2004;19792,081;81646,474;61923,578;0,64;Europe;;75,84;0,2;
Germany;2005;100,0;100,0;100,0;;99,8;;Germany_2005;19617,625;81602,741;62053,609;0,89;Europe;;76,04;0,2;
Germany;2006;100,0;100,0;100,0;;99,8;;Germany_2006;19423,458;81472,226;62116,895;1,03;Europe;;76,24;0,2;
Germany;2007;100,0;100,0;100,0;;99,8;;Germany_2007;19215,385;81277,83;62129,072;1,0;Europe;;76,44;0,2;
Germany;2008;100,0;100,0;100,0;;99,8;;Germany_2008;19004,672;81065,752;62126,272;0,95;Europe;;76,64;0,2;
Germany;2009;100,0;100,0;100,0;;99,8;;Germany_2009;18807,36;80899,961;62158,252;0,86;Europe;;76,83;0,2;
Germany;2010;100,0;100,0;100,0;;99,8;;Germany_2010;18633,173;80827,002;62261,612;0,8;Europe;;77,03;0,2;
Germany;2011;100,0;100,0;100,0;;99,8;;Germany_2011;18485,321;80855,632;62448,659;0,84;Europe;;77,23;0,2;
Germany;2012;100,0;100,0;100,0;;99,8;;Germany_2012;18507,405;80972,628;62558,823;0,78;Europe;;77,26;0,2;
Germany;2013;100,0;100,0;100,0;;99,8;;Germany_2013;18544,7;81174,367;62720,439;0,93;Europe;;77,27;0,2;
Germany;2014;100,0;100,0;100,0;;99,8;;Germany_2014;18587,788;81450,378;62901,872;0,93;Europe;;77,23;0,2;
Germany;2015;100,0;100,0;100,0;;99,8;;Germany_2015;18629,376;81787,411;63078,413;0,7;Europe;;77,12;0,2;
Germany;2016;100,0;100,0;100,0;;99,8;;Germany_2016;18657,193;82193,768;63257,479;0,68;Europe;0,58651;76,96;0,2;0,9971
Germany;2017;100,0;100,0;100,0;;99,8;;Germany_2017;18672,1;82658,409;63442,124;0,59;Europe;;76,75;0,2;
Ghana;2000;54,02599;64,46381;77,78663;0,21877;13,0987;29,53865;Ghana_2000;10619,132;19278,856;8319,63;-0,36;Africa;;43,15;51,37;
Ghana;2001;54,98159;65,3511;78,23109;0,22264;13,37315;29,70744;Ghana_2001;10759,435;19756,928;8662,17;;Africa;;43,84;51,98;
Ghana;2002;55,80133;66,34829;79,09666;0,78205;14,58292;31,26437;Ghana_2002;10903,66;20246,381;9020,862;-0,16;Africa;;44,56;51,77;
Ghana;2003;56,61642;67,34624;79,96697;1,36045;15,82424;32,83699;Ghana_2003;11051,2;20750,299;9395,582;0,03;Africa;;45,28;51,52;
Ghana;2004;57,42688;68,34537;80,84205;1,95782;17,09741;34,4253;Ghana_2004;11200,504;21272,323;9786,032;0,04;Africa;;46,0;51,25;
Ghana;2005;58,23269;69,34496;81,72188;2,57418;18,40112;36,02929;Ghana_2005;11350,899;21814,642;10191,11;0,17;Africa;;46,72;50,94;
Ghana;2006;59,03386;70,34588;82,60647;3,20952;19,73632;37,64897;Ghana_2006;11501,626;22379,055;10611,799;0,01;Africa;;47,42;50,61;
Ghana;2007;59,83038;71,34811;83,49582;3,86384;21,10264;39,28433;Ghana_2007;11652,304;22963,946;11047,908;-0,07;Africa;;48,11;50,25;
Ghana;2008;60,62227;72,35184;84,38992;4,53714;22,50003;40,93537;Ghana_2008;11800,555;23563,825;11498,085;-0,03;Africa;;48,8;49,85;
Ghana;2009;61,40951;73,35655;85,28879;5,22942;23,92735;42,6021;Ghana_2009;11944,412;24170,94;11959,419;0,03;Africa;;49,48;49,43;
Ghana;2010;62,19211;74,36338;86,19241;5,94068;25,38599;44,28451;Ghana_2010;12081,325;24779,619;12430,779;0,03;Africa;;50,17;48,98;
Ghana;2011;62,97007;75,37181;87,10078;6,67093;26,87477;45,98261;Ghana_2011;12210,704;25387,712;12911,092;0,17;Africa;;50,86;48,5;
Ghana;2012;63,74339;76,38178;88,01392;7,42015;28,3932;47,69639;Ghana_2012;12333,058;25996,45;13399,991;0,13;Africa;;51,55;47,99;
Ghana;2013;64,51206;77,393;88,93182;8,18836;29,94032;49,42586;Ghana_2013;12449,163;26607,645;13897,088;0,06;Africa;;52,23;47,45;
Ghana;2014;65,27609;78,40562;89,85447;8,97555;31,51594;51,17101;Ghana_2014;12559,438;27224,473;14403,125;-0,11;Africa;;52,91;46,89;
Ghana;2015;66,03548;79,41982;90,78188;9,78172;33,11989;52,93184;Ghana_2015;12664,366;27849,205;14918,455;-0,03;Africa;;53,57;46,3;
Ghana;2016;66,79023;80,43578;91,71405;10,60687;34,752;54,70836;Ghana_2016;12763,904;28481,945;15442,824;-0,13;Africa;18,83582;54,22;45,68;0,809
Ghana;2017;67,54034;81,45339;92,65098;11,451;36,41161;56,50056;Ghana_2017;12857,864;29121,465;15975,765;0,09;Africa;;54,86;45,04;
Greece;2000;98,6897;99,58681;99,92343;;98,95221;;Greece_2000;3040,042;11082,104;8102,077;0,81;Europe;;73,11;0,63;
Greece;2001;98,79523;99,62233;99,9296;;99,04154;;Greece_2001;3029,532;11134,457;8154,866;;Europe;;73,24;0,58;
Greece;2002;98,90076;99,65945;99,93576;;99,13505;;Greece_2002;2994,553;11182,305;8222,246;0,88;Europe;;73,53;0,52;
Greece;2003;99,00629;99,69575;99,94193;;99,22662;;Greece_2003;2958,243;11218,884;8285,324;0,48;Europe;;73,85;0,47;
Greece;2004;99,11181;99,73127;99,9481;;99,3163;;Greece_2004;2922,112;11234,992;8348,364;0,49;Europe;;74,31;0,41;
Greece;2005;99,21734;99,76599;99,95426;;99,40405;;Greece_2005;2887,279;11224,791;8413,925;0,51;Europe;;74,96;0,36;
Greece;2006;99,32287;99,79994;99,96043;;99,48994;;Greece_2006;2854,291;11185,228;8484,479;0,63;Europe;;75,85;0,31;
Greece;2007;99,42839;99,83311;99,9666;;99,57397;;Greece_2007;2822,571;11120,358;8558,326;0,52;Europe;;76,96;0,26;
Greece;2008;99,53392;99,86555;99,97276;;99,65621;;Greece_2008;2790,077;11040,309;8629,57;0,27;Europe;;78,16;0,21;
Greece;2009;99,63945;99,89722;99,97893;;99,73662;;Greece_2009;2754,332;10959,272;8689,496;-0,21;Europe;;79,29;0,16;
Greece;2010;99,74497;99,92817;99,9851;;99,81525;;Greece_2010;2713,565;10887,637;8732,44;-0,13;Europe;;80,21;0,11;
Greece;2011;99,8505;99,9584;99,99126;;99,89214;;Greece_2011;2667,285;10829,079;8755,52;-0,1;Europe;;80,85;0,07;
Greece;2012;99,95603;99,98792;99,99743;;99,96731;;Greece_2012;2616,562;10781,125;8761,695;-0,22;Europe;;81,27;0,02;
Greece;2013;100,0;100,0;100,0;;100,0;;Greece_2013;2563,761;10740,5;8757,539;-0,17;Europe;;81,54;0,0;
Greece;2014;100,0;99,99999;100,0;;99,99999;;Greece_2014;2511,81;10701,456;8752,916;-0,14;Europe;;81,79;0,0;
Greece;2015;100,0;100,0;100,0;;100,0;;Greece_2015;2462,743;10659,75;8755,057;-0,23;Europe;;82,13;0,0;
Greece;2016;100,0;100,0;100,0;;100,0;;Greece_2016;2417,151;10615,185;8766,565;-0,12;Europe;0,0371;82,59;0,0;0,9998
Greece;2017;100,0;100,0;100,0;;100,0;;Greece_2017;2374,332;10569,45;8785,441;-0,07;Europe;;83,12;0,0;
Grenada;2000;;93,30764;;;78,71873;;Grenada_2000;65,343;102,833;36,276;1,02;Americas;;35,28;14,59;
Grenada;2001;;93,53996;;;79,61002;;Grenada_2001;65,265;103,249;36,584;;Americas;;35,43;13,93;
Grenada;2002;;93,77227;;;80,50478;;Grenada_2002;65,432;103,634;36,668;0,92;Americas;;35,38;13,27;
Grenada;2003;;94,00459;;;81,40298;;Grenada_2003;65,615;104,005;36,76;0,89;Americas;;35,34;12,6;
Grenada;2004;;94,2369;;;82,30465;;Grenada_2004;65,801;104,347;36,855;0,88;Americas;;35,32;11,93;
Grenada;2005;;94,46922;;;83,20976;;Grenada_2005;65,995;104,661;36,954;0,41;Americas;;35,31;11,26;
Grenada;2006;;94,70153;;;84,11833;;Grenada_2006;66,2;104,933;37,059;0,39;Americas;;35,32;10,58;
Grenada;2007;;94,93385;;;85,03035;;Grenada_2007;66,416;105,19;37,17;0,38;Americas;;35,34;9,9;
Grenada;2008;;95,16616;;;85,94583;;Grenada_2008;66,643;105,456;37,287;0,39;Americas;;35,36;9,22;
Grenada;2009;;95,39848;;;86,86475;;Grenada_2009;66,884;105,789;37,412;0,39;Americas;;35,36;8,53;
Grenada;2010;;95,63079;;;87,11722;;Grenada_2010;67,134;106,233;37,543;0,52;Americas;;35,34;8,51;
Grenada;2011;;95,86311;;;87,32885;;Grenada_2011;67,396;106,796;37,679;0,36;Americas;;35,28;8,53;
Grenada;2012;;95,97139;;;87,4275;;Grenada_2012;67,646;107,446;37,835;0,49;Americas;;35,21;8,54;
Grenada;2013;;95,62865;;;87,11526;;Grenada_2013;67,892;108,17;38,017;0,43;Americas;;35,15;8,51;
Grenada;2014;;95,62865;;;87,11526;;Grenada_2014;68,136;108,902;38,224;0,77;Americas;;35,1;8,51;
Grenada;2015;;95,62865;;;87,11526;;Grenada_2015;68,37;109,599;38,453;0,79;Americas;;35,09;8,51;
Grenada;2016;;95,62865;;;87,11526;;Grenada_2016;68,605;110,261;38,712;1,02;Americas;0,34283;35,11;8,51;0,9765
Grenada;2017;;95,62865;;;87,11526;;Grenada_2017;68,831;110,874;38,994;1,01;Americas;;35,17;8,51;
Guatemala;2000;78,39659;85,75377;94,62614;39,47699;46,63568;55,26869;Guatemala_2000;6369,284;11650,743;5281,459;-0,77;Americas;;45,33;39,12;
Guatemala;2001;79,10977;86,28421;94,81976;39,86693;47,18518;55,89182;Guatemala_2001;6479,081;11924,946;5445,865;;Americas;;45,67;39,1;
Guatemala;2002;79,82175;86,81068;95,01341;40,25687;47,73734;56,51699;Guatemala_2002;6592,165;12208,848;5616,683;-0,84;Americas;;46,01;39,07;
Guatemala;2003;80,53254;87,32949;95,20708;40,64681;48,28807;57,1442;Guatemala_2003;6710,484;12500,478;5789,994;-0,78;Americas;;46,32;39,04;
Guatemala;2004;81,24213;87,84232;95,40077;41,03675;48,83873;57,77345;Guatemala_2004;6831,542;12796,925;5965,383;-0,81;Americas;;46,62;39,0;
Guatemala;2005;81,95052;88,35131;95,59447;41,42669;49,39161;58,40475;Guatemala_2005;6952,32;13096,028;6143,708;-0,84;Americas;;46,91;38,96;
Guatemala;2006;82,65771;88,85661;95,7882;41,81663;49,94688;59,03809;Guatemala_2006;7072,229;13397,021;6324,779;-0,74;Americas;;47,21;38,91;
Guatemala;2007;83,36371;89,35838;95,98195;42,20657;50,50474;59,67347;Guatemala_2007;7191,525;13700,327;6508,761;-0,75;Americas;;47,51;38,85;
Guatemala;2008;84,0685;89,8566;96,17571;42,5965;51,06522;60,31089;Guatemala_2008;7310,395;14006,428;6695,971;-0,71;Americas;;47,81;38,79;
Guatemala;2009;84,77211;90,35091;96,3695;42,98644;51,6278;60,95035;Guatemala_2009;7429,485;14316,263;6886,723;-0,93;Americas;;48,1;38,72;
Guatemala;2010;85,47452;90,84182;96,5633;43,37638;52,19322;61,59185;Guatemala_2010;7548,904;14630,417;7081,513;-0,85;Americas;;48,4;38,65;
Guatemala;2011;86,17573;91,32897;96,75713;43,76632;52,76095;62,2354;Guatemala_2011;7668,633;14948,801;7280,286;-0,74;Americas;;48,7;38,57;
Guatemala;2012;86,87574;91,8126;96,95097;44,15626;53,33138;62,88099;Guatemala_2012;7788,239;15270,771;7482,817;-0,63;Americas;;49,0;38,48;
Guatemala;2013;87,57455;92,29375;97,14483;44,5462;53,90662;63,52863;Guatemala_2013;7905,605;15595,816;7690,609;-0,67;Americas;;49,31;38,39;
Guatemala;2014;88,27217;92,77225;97,33871;44,93613;54,48679;64,1783;Guatemala_2014;8019,984;15923,236;7903,575;-0,66;Americas;;49,64;38,29;
Guatemala;2015;88,96859;93,24812;97,53261;45,32608;55,07239;64,83002;Guatemala_2015;8130,972;16252,429;8121,457;-0,66;Americas;;49,97;38,18;
Guatemala;2016;89,66381;93,72089;97,72653;45,71601;55,66295;65,48377;Guatemala_2016;8238,27;16583,076;8344,199;-0,54;Americas;6,29517;50,32;38,06;0,9375
Guatemala;2017;90,35784;94,19058;97,92047;46,10595;55,99078;65,61035;Guatemala_2017;8341,671;16914,97;8571,832;-0,65;Americas;;50,68;38,2;
Guinea;2000;53,09704;62,73274;84,31184;;;;Guinea_2000;6089,434;8240,73;2719,112;-1,91;Africa;;33,0;;
Guinea;2001;53,10135;62,86386;84,44769;;;;Guinea_2001;6177,192;8417,081;2793,947;;Africa;;33,19;;
Guinea;2002;53,07293;62,97107;84,57559;;;;Guinea_2002;6266,378;8586,074;2870,967;-1,42;Africa;;33,44;;
Guinea;2003;53,01176;63,0549;84,69558;;;;Guinea_2003;6358,823;8753,093;2951,025;-0,79;Africa;;33,71;;
Guinea;2004;52,91786;63,11525;84,80764;;;;Guinea_2004;6455,507;8925,743;3034,722;-1,03;Africa;;34,0;;
Guinea;2005;52,79122;63,15234;84,91177;;;;Guinea_2005;6557,321;9109,581;3122,424;-1,16;Africa;;34,28;;
Guinea;2006;52,63184;63,16671;85,00799;;;;Guinea_2006;6666,117;9307,425;3215,311;-1,91;Africa;;34,55;;
Guinea;2007;52,43971;63,15825;85,09628;;;;Guinea_2007;6782,797;9518,162;3313,93;-2,4;Africa;;34,82;;
Guinea;2008;52,21485;63,12718;85,17664;;;;Guinea_2008;6905,524;9738,792;3417,618;-2,1;Africa;;35,09;;
Guinea;2009;51,95724;63,07372;85,24907;;;;Guinea_2009;7031,556;9964,469;3524,968;-2,12;Africa;;35,38;;
Guinea;2010;51,6669;62,99843;85,31358;;;;Guinea_2010;7158,911;10192,176;3635,259;-1,69;Africa;;35,67;;
Guinea;2011;51,34382;62,90121;85,37017;;;;Guinea_2011;7286,986;10420,472;3748,184;-1,39;Africa;;35,97;;
Guinea;2012;50,988;62,78228;85,41883;;;;Guinea_2012;7416,978;10652,031;3864,491;-1,29;Africa;;36,28;;
Guinea;2013;50,59943;62,64186;85,45956;;;;Guinea_2013;7551,293;10892,817;3985,322;-1,23;Africa;;36,59;;
Guinea;2014;50,17813;62,4802;85,49237;;;;Guinea_2014;7692,904;11150,982;4112,605;-0,96;Africa;;36,88;;
Guinea;2015;49,72409;62,30217;85,51726;;;;Guinea_2015;7842,402;11432,088;4249,131;-0,39;Africa;;37,17;;
Guinea;2016;49,2373;62,10819;85,53422;;;;Guinea_2016;8000,301;11738,429;4395,623;-0,39;Africa;44,63392;37,45;;0,5897
Guinea;2017;48,71778;61,89872;85,54325;;;;Guinea_2017;8165,321;12067,519;4551,855;-0,7;Africa;;37,72;;
Guinea-Bissau;2000;41,41059;53,37679;74,42715;;;;Guinea-Bissau_2000;792,644;1201,301;450,585;-0,35;Africa;;37,51;;
Guinea-Bissau;2001;42,19463;54,22892;75,05544;;;;Guinea-Bissau_2001;803,32;1227,106;464,192;;Africa;;37,83;;
Guinea-Bissau;2002;42,97472;55,07722;75,68065;;;;Guinea-Bissau_2002;814,873;1254,453;478,65;-0,73;Africa;;38,16;;
Guinea-Bissau;2003;43,75087;55,92104;76,30276;;;;Guinea-Bissau_2003;827,25;1283,305;493,952;-0,49;Africa;;38,49;;
Guinea-Bissau;2004;44,52306;56,7607;76,92177;;;;Guinea-Bissau_2004;840,298;1313,492;510,047;-0,38;Africa;;38,83;;
Guinea-Bissau;2005;45,29131;57,59557;77,53769;;;;Guinea-Bissau_2005;853,949;1344,93;526,889;-0,56;Africa;;39,18;;
Guinea-Bissau;2006;46,05562;58,4266;78,15052;;;;Guinea-Bissau_2006;868,159;1377,581;544,51;-0,5;Africa;;39,53;;
Guinea-Bissau;2007;46,81598;59,25316;78,76025;;;;Guinea-Bissau_2007;882,992;1411,543;562,966;-0,46;Africa;;39,88;;
Guinea-Bissau;2008;47,5724;60,07558;79,36689;;;;Guinea-Bissau_2008;898,503;1446,936;582,338;-0,71;Africa;;40,25;;
Guinea-Bissau;2009;48,32487;60,89322;79,97044;;;;Guinea-Bissau_2009;914,777;1483,921;602,671;-0,67;Africa;;40,61;;
Guinea-Bissau;2010;49,07339;61,70735;80,57089;;;;Guinea-Bissau_2010;931,806;1522,599;624,074;-0,69;Africa;;40,99;;
Guinea-Bissau;2011;49,81797;62,51734;81,16825;;;;Guinea-Bissau_2011;949,585;1562,989;646,569;-0,75;Africa;;41,37;;
Guinea-Bissau;2012;50,5586;63,3235;81,76251;;;;Guinea-Bissau_2012;968,011;1604,979;670,128;-0,97;Africa;;41,75;;
Guinea-Bissau;2013;51,29528;64,12551;82,35368;;;;Guinea-Bissau_2013;986,863;1648,255;694,632;-0,9;Africa;;42,14;;
Guinea-Bissau;2014;52,02802;64,92369;82,94176;;;;Guinea-Bissau_2014;1005,842;1692,437;719,902;-0,71;Africa;;42,54;;
Guinea-Bissau;2015;52,75681;65,71803;83,52675;;;;Guinea-Bissau_2015;1024,727;1737,202;745,799;-0,52;Africa;;42,93;;
Guinea-Bissau;2016;53,48166;66,50823;84,10863;;;;Guinea-Bissau_2016;1043,426;1782,438;772,272;-0,44;Africa;35,27235;43,33;;0,658
Guinea-Bissau;2017;53,48166;66,63441;84,10863;;;;Guinea-Bissau_2017;1061,947;1828,145;799,336;-0,5;Africa;;43,72;;
Guyana;2000;85,88319;87,90513;92,92976;;;;Guyana_2000;537,149;746,715;216,152;-0,49;Americas;;28,95;;
Guyana;2001;86,38313;88,38362;93,37638;;;;Guyana_2001;537,07;745,206;215,193;;Americas;;28,88;;
Guyana;2002;86,88346;88,86269;93,82376;;;;Guyana_2002;537,46;744,789;214,424;-0,56;Americas;;28,79;;
Guyana;2003;87,38417;89,33388;94,27188;;;;Guyana_2003;539,03;745,143;212,827;-0,44;Americas;;28,56;;
Guyana;2004;87,88527;89,80358;94,72076;;;;Guyana_2004;540,711;745,737;210,941;-0,56;Americas;;28,29;;
Guyana;2005;88,38675;90,27409;95,17039;;;;Guyana_2005;542,015;746,163;208,931;-0,46;Americas;;28,0;;
Guyana;2006;88,88862;90,74548;95,62078;;;;Guyana_2006;542,846;746,343;206,755;-0,73;Americas;;27,7;;
Guyana;2007;89,39087;91,21767;96,07192;;;;Guyana_2007;543,379;746,474;204,49;-0,56;Americas;;27,39;;
Guyana;2008;89,89351;91,69066;96,52381;;;;Guyana_2008;544,026;746,817;202,288;-0,63;Americas;;27,09;;
Guyana;2009;90,39654;92,1645;96,97646;;;;Guyana_2009;545,333;747,718;200,36;-0,63;Americas;;26,8;;
Guyana;2010;90,89995;92,63911;97,42985;;;;Guyana_2010;547,72;749,436;198,836;-0,46;Americas;;26,53;;
Guyana;2011;91,40374;93,11452;97,884;;;;Guyana_2011;551,338;752,028;197,762;-0,43;Americas;;26,3;;
Guyana;2012;91,90792;93,6057;98,33891;;;;Guyana_2012;554,275;755,399;198,816;-0,5;Americas;;26,32;;
Guyana;2013;92,41248;94,09735;98,79456;;;;Guyana_2013;557,948;759,285;200,133;-0,46;Americas;;26,36;;
Guyana;2014;92,91743;94,73885;99,81311;;;;Guyana_2014;561,752;763,38;201,641;-0,14;Americas;;26,41;;
Guyana;2015;93,42277;95,16186;100,0;;;;Guyana_2015;565,31;767,432;203,204;-0,14;Americas;;26,48;;
Guyana;2016;93,92849;95,53635;100,0;;;;Guyana_2016;568,513;771,368;204,79;-0,03;Americas;3,64877;26,55;;0,9597
Guyana;2017;93,92849;95,53975;100,0;;;;Guyana_2017;571,434;775,222;206,425;-0,04;Americas;;26,63;;
Haiti;2000;40,48239;56,23929;84,74335;;;;Haiti_2000;5505,685;8463,806;3043,515;-0,63;Americas;;35,96;;
Haiti;2001;40,62725;57,06076;84,74289;;;;Haiti_2001;5454,493;8608,819;3238,074;;Americas;;37,61;;
Haiti;2002;40,76984;57,89031;84,74178;;;;Haiti_2002;5394,951;8754,15;3439,782;-1,26;Americas;;39,29;;
Haiti;2003;40,91015;58,72479;84,74001;;;;Haiti_2003;5328,009;8900,104;3648,543;-1,32;Americas;;40,99;;
Haiti;2004;41,04818;59,25749;84,73758;;;;Haiti_2004;5318,404;9047,077;3800,774;-1,99;Americas;;42,01;;
Haiti;2005;41,18394;59,75303;84,7345;;;;Haiti_2005;5313,686;9195,288;3949,718;-1,81;Americas;;42,95;;
Haiti;2006;41,31743;60,24738;84,73076;;;;Haiti_2006;5306,584;9344,785;4102,873;-1,39;Americas;;43,91;;
Haiti;2007;41,44864;60,73926;84,72637;;;;Haiti_2007;5296,958;9495,328;4259,931;-1,32;Americas;;44,86;;
Haiti;2008;41,57758;61,22998;84,72133;;;;Haiti_2008;5284,322;9646,58;4420,707;-1,39;Americas;;45,83;;
Haiti;2009;41,70424;61,71658;84,71562;;;;Haiti_2009;5268,561;9798,046;4584,309;-0,96;Americas;;46,79;;
Haiti;2010;41,82862;62,20079;84,70927;;;;Haiti_2010;5248,935;9949,322;4750,682;-0,94;Americas;;47,75;;
Haiti;2011;41,95073;62,6818;84,70226;;;;Haiti_2011;5225,56;10100,32;4919,494;-0,99;Americas;;48,71;;
Haiti;2012;42,07057;63,15966;84,6946;;;;Haiti_2012;5198,418;10250,93;5090,792;-0,79;Americas;;49,66;;
Haiti;2013;42,18813;63,63269;84,68628;;;;Haiti_2013;5167,888;10400,675;5263,888;-0,63;Americas;;50,61;;
Haiti;2014;42,30341;64,10223;84,67731;;;;Haiti_2014;5133,539;10549,009;5438,927;-0,64;Americas;;51,56;;
Haiti;2015;42,41642;64,56748;84,66768;;;;Haiti_2015;5095,543;10695,542;5615,518;-0,67;Americas;;52,5;;
Haiti;2016;42,52715;65,02302;84,65739;;;;Haiti_2016;5055,343;10839,97;5791,991;-0,74;Americas;23,79188;53,43;;0,7074
Haiti;2017;42,63561;65,46683;84,64646;;;;Haiti_2017;5013,421;10982,366;5967,808;-0,67;Americas;;54,34;;
Honduras;2000;75,99306;84,80421;95,37611;15,72891;;;Honduras_2000;3558,472;6574,509;2965,811;-0,08;Americas;;45,11;;
Honduras;2001;76,78241;85,43278;95,60229;15,89229;;;Honduras_2001;3616,67;6751,912;3076,391;;Americas;;45,56;;
Honduras;2002;77,57175;86,0812;95,82845;16,05567;;;Honduras_2002;3664,258;6929,265;3198,899;-0,26;Americas;;46,17;;
Honduras;2003;78,32185;86,71111;96,07053;16,21904;;;Honduras_2003;3709,119;7106,319;3324,702;-0,38;Americas;;46,79;;
Honduras;2004;79,07115;87,3345;96,31268;16,38242;;;Honduras_2004;3751,429;7282,953;3452,724;-0,39;Americas;;47,41;;
Honduras;2005;79,81966;87,95048;96,55489;16,5458;;;Honduras_2005;3791,031;7458,985;3582,399;-0,63;Americas;;48,03;;
Honduras;2006;80,56738;88,55975;96,79719;16,70917;;;Honduras_2006;3827,638;7634,298;3713,768;-0,67;Americas;;48,65;;
Honduras;2007;81,31432;89,162;97,03956;16,87255;;;Honduras_2007;3861,301;7808,518;3846,671;-0,44;Americas;;49,26;;
Honduras;2008;82,06046;89,75739;97,28201;17,03593;;;Honduras_2008;3891,762;7980,955;3980,896;-0,53;Americas;;49,88;;
Honduras;2009;82,80581;90,34547;97,52453;17,1993;;;Honduras_2009;3919,075;8150,775;4115,946;-0,31;Americas;;50,5;;
Honduras;2010;83,55037;90,92673;97,76712;17,36268;;;Honduras_2010;3942,955;8317,47;4251,823;-0,5;Americas;;51,12;;
Honduras;2011;84,29414;91,50076;98,0098;17,52606;;;Honduras_2011;3963,389;8480,671;4388,211;-0,39;Americas;;51,74;;
Honduras;2012;85,03712;92,06799;98,25254;17,68943;;;Honduras_2012;3980,456;8640,691;4525,19;-0,35;Americas;;52,37;;
Honduras;2013;85,7793;92,62791;98,49536;17,85281;;;Honduras_2013;3994,867;8798,521;4662,918;-0,44;Americas;;53,0;;
Honduras;2014;86,5207;93,18098;98,73826;18,01619;;;Honduras_2014;4006,997;8955,589;4802,219;-0,53;Americas;;53,62;;
Honduras;2015;87,3053;93,7373;98,96487;18,17957;;;Honduras_2015;4017,554;9112,916;4943,275;-0,47;Americas;;54,24;;
Honduras;2016;88,0899;94,28603;99,1915;18,34294;;;Honduras_2016;4026,684;9270,795;5086,183;-0,43;Americas;3,6189;54,86;;0,9536
Honduras;2017;88,8745;94,82711;99,41811;18,50632;;;Honduras_2017;4034,31;9429,013;5230,757;-0,56;Americas;;55,48;;
Hungary;2000;99,8979;99,96383;100,0;;50,50587;;Hungary_2000;3620,82;10220,507;6600,231;0,92;Europe;;64,58;49,46;
Hungary;2001;99,8979;99,96393;100,0;;50,50592;;Hungary_2001;3601,587;10193,449;6592,418;;Europe;;64,67;49,46;
Hungary;2002;99,9;99,96508;100,0;;50,5065;;Hungary_2002;3550,56;10167,283;6617,312;1,26;Europe;;65,08;49,46;
Hungary;2003;99,90001;99,96549;100,0;;50,50671;;Hungary_2003;3500,049;10141,342;6641,907;1,13;Europe;;65,49;49,46;
Hungary;2004;99,90002;99,9659;100,0;;53,29515;;Hungary_2004;3449,597;10114,48;6665,484;0,83;Europe;;65,9;46,67;
Hungary;2005;99,90002;99,96638;100,0;;56,08366;;Hungary_2005;3392,629;10085,937;6693,836;1,0;Europe;;66,37;43,88;
Hungary;2006;99,90003;99,9669;100,0;;58,87222;;Hungary_2006;3329,016;10055,653;6726,881;0,99;Europe;;66,9;41,09;
Hungary;2007;99,90004;99,96744;100,0;;61,66081;;Hungary_2007;3265,684;10024,149;6758,203;0,75;Europe;;67,42;38,31;
Hungary;2008;99,90005;99,96796;100,0;;64,44942;;Hungary_2008;3202,837;9991,867;6788,364;0,75;Europe;;67,94;35,52;
Hungary;2009;99,90005;99,96848;100,0;;67,23807;;Hungary_2009;3141,05;9959,439;6817,892;0,54;Europe;;68,46;32,73;
Hungary;2010;99,90005;99,96893;100,0;;70,02669;;Hungary_2010;3086,495;9927,37;6841,345;0,69;Europe;;68,91;29,94;
Hungary;2011;99,90006;99,96938;100,0;;72,81534;;Hungary_2011;3033,021;9895,68;6865,183;0,74;Europe;;69,38;27,15;
Hungary;2012;99,90007;99,9697;100,0;;75,60391;;Hungary_2012;2992,731;9864,358;6876,953;0,68;Europe;;69,72;24,37;
Hungary;2013;99,90008;99,96998;100,0;;78,39247;;Hungary_2013;2957,147;9833,923;6884,55;0,8;Europe;;70,01;21,58;
Hungary;2014;99,90009;99,97025;100,0;;81,18105;;Hungary_2014;2921,708;9804,991;6891,627;0,67;Europe;;70,29;18,79;
Hungary;2015;99,90009;99,97053;100,0;;83,96964;;Hungary_2015;2886,258;9777,923;6897,667;0,75;Europe;;70,54;16,0;
Hungary;2016;99,9001;99,97081;100,0;;86,75824;;Hungary_2016;2850,043;9752,975;6903,238;0,65;Europe;0,23983;70,78;13,21;0,9987
Hungary;2017;100,0;100,0;100,0;;89,57276;;Hungary_2017;2813,212;9729,823;6908,347;0,81;Europe;;71,0;10,43;
Iceland;2000;100,0;100,00001;100,0;;89,53967;;Iceland_2000;21,31;280,435;259,125;1,58;Europe;;92,4;10,46;
Iceland;2001;100,0;100,0;100,0;;90,16659;;Iceland_2001;21,127;282,907;261,78;;Europe;;92,53;9,83;
Iceland;2002;100,0;100,0;100,0;;90,79351;;Iceland_2002;20,939;285,329;264,39;1,62;Europe;;92,66;9,21;
Iceland;2003;100,0;100,0;100,0;;91,42043;;Iceland_2003;20,765;287,952;267,187;1,52;Europe;;92,79;8,58;
Iceland;2004;100,0;100,0;100,0;;92,04736;;Iceland_2004;20,627;291,104;270,477;1,46;Europe;;92,91;7,95;
Iceland;2005;100,0;100,00001;100,0;;92,67429;;Iceland_2005;20,539;294,979;274,44;1,44;Europe;;93,04;7,33;
Iceland;2006;100,0;100,0;100,0;;93,30121;;Iceland_2006;20,506;299,72;279,222;1,45;Europe;;93,16;6,7;
Iceland;2007;100,0;100,0;100,0;;93,92813;;Iceland_2007;20,516;305,183;284,684;1,48;Europe;;93,28;6,07;
Iceland;2008;100,0;100,0;100,0;;94,55505;;Iceland_2008;20,533;310,856;290,351;1,22;Europe;;93,4;5,44;
Iceland;2009;100,0;100,0;100,0;;95,18198;;Iceland_2009;20,512;316,062;295,574;1,19;Europe;;93,52;4,82;
Iceland;2010;100,0;100,0;100,0;;95,8089;;Iceland_2010;20,583;320,328;299,745;1,02;Europe;;93,57;4,19;
Iceland;2011;100,0;100,0;100,0;;96,43582;;Iceland_2011;20,74;323,474;302,678;1,24;Europe;;93,57;3,56;
Iceland;2012;100,0;100,0;100,0;;97,06274;;Iceland_2012;20,834;325,652;304,692;1,25;Europe;;93,56;2,94;
Iceland;2013;100,0;100,0;100,0;;97,68967;;Iceland_2013;20,82;327,187;306,209;1,29;Europe;;93,59;2,31;
Iceland;2014;100,0;100,0;100,0;;98,3166;;Iceland_2014;20,802;328,594;307,657;1,25;Europe;;93,63;1,68;
Iceland;2015;100,0;100,0;100,0;;98,94352;;Iceland_2015;20,805;330,243;309,438;1,31;Europe;;93,7;1,06;
Iceland;2016;100,0;100,0;100,0;;99,57044;;Iceland_2016;20,828;332,206;311,646;1,36;Europe;0,10354;93,81;0,43;0,9995
Iceland;2017;100,0;100,0;100,0;;100,0;;Iceland_2017;20,862;334,393;314,163;1,35;Europe;;93,95;0,0;
India;2000;74,27567;79,0238;91,43739;19,63197;;;India_2000;761700,63;1056575,549;291350,282;-1,0;South-East Asia;;27,57;;
India;2001;74,89152;79,53629;91,52872;21,54124;;;India_2001;772339,048;1075000,085;299138,807;;South-East Asia;;27,83;;
India;2002;75,85544;80,36022;91,80497;23,47924;;;India_2002;782001,968;1093317,189;307805,144;-1,21;South-East Asia;;28,15;;
India;2003;76,82503;81,18413;92,0816;25,44596;;;India_2003;791442,579;1111523,144;316585,269;-1,51;South-East Asia;;28,48;;
India;2004;77,80029;82,00808;92,35859;27,44141;;;India_2004;800652,72;1129623,456;325483,057;-1,28;South-East Asia;;28,81;;
India;2005;78,78124;82,83167;92,63595;29,46557;;;India_2005;809639,268;1147609,927;334479,406;-1,01;South-East Asia;;29,15;;
India;2006;79,76787;83,65495;92,91367;31,51847;;;India_2006;818387,902;1165486,291;343589,817;-1,06;South-East Asia;;29,48;;
India;2007;80,76017;84,47796;93,19177;33,60008;;;India_2007;826881,86;1183209,472;352799,379;-1,15;South-East Asia;;29,82;;
India;2008;81,75815;85,30058;93,47024;35,71042;;;India_2008;835058,767;1200669,765;362088,139;-1,11;South-East Asia;;30,16;;
India;2009;82,7618;86,12248;93,74908;37,84948;;;India_2009;842864,409;1217726,215;371405,723;-1,35;South-East Asia;;30,5;;
India;2010;83,77114;86,94367;94,02827;40,01727;;;India_2010;850236,137;1234281,17;380744,554;-1,28;South-East Asia;;30,85;;
India;2011;84,78616;87,76416;94,30785;42,21378;;;India_2011;857153,804;1250287,943;390082,225;-1,33;South-East Asia;;31,2;;
India;2012;85,80685;88,58461;94,58779;44,43902;;;India_2012;863513,505;1265780,247;399552,347;-1,29;South-East Asia;;31,57;;
India;2013;86,83321;89,40462;94,8681;46,69297;;;India_2013;869387,533;1280842,125;409174,674;-1,23;South-East Asia;;31,95;;
India;2014;87,86526;90,22395;95,14878;48,97566;;;India_2014;874857,621;1295600,772;419001,673;-1,0;South-East Asia;;32,34;;
India;2015;88,90298;91,04228;95,42982;51,28706;;;India_2015;879984,521;1310152,403;429069,459;-0,95;South-East Asia;;32,75;;
India;2016;89,94638;91,85928;95,71124;53,62719;;;India_2016;884779,655;1324517,249;439391,699;-0,95;South-East Asia;18,58389;33,17;;0,8674
India;2017;90,99546;92,67464;95,99303;55,99605;;;India_2017;889216,746;1338676,785;449963,381;-0,76;South-East Asia;;33,61;;
Indonesia;2000;65,60619;75,653;89,52603;;;;Indonesia_2000;122688,942;211513,823;88851,487;-2,0;South-East Asia;;42,01;;
Indonesia;2001;66,65524;76,60564;89,91307;;;;Indonesia_2001;122734,809;214427,417;91771,693;;South-East Asia;;42,8;;
Indonesia;2002;67,70428;77,54884;90,30012;;;;Indonesia_2002;122744,187;217357,793;94763,872;-1,58;South-East Asia;;43,6;;
Indonesia;2003;68,75333;78,4823;90,68716;;;;Indonesia_2003;122719,089;220309,469;97826,125;-2,09;South-East Asia;;44,4;;
Indonesia;2004;69,80238;79,40639;91,0742;;;;Indonesia_2004;122654,979;223285,676;100959,67;-1,91;South-East Asia;;45,22;;
Indonesia;2005;70,85143;80,31999;91,46124;;;;Indonesia_2005;122557,076;226289,47;104155,654;-1,52;South-East Asia;;46,03;;
Indonesia;2006;71,79578;81,14355;91,79613;;;;Indonesia_2006;122417,389;229318,262;107420,813;-1,42;South-East Asia;;46,84;;
Indonesia;2007;72,73709;81,95579;92,13058;;;;Indonesia_2007;122237,436;232374,245;110751,705;-1,2;South-East Asia;;47,66;;
Indonesia;2008;73,67534;82,75713;92,46459;;;;Indonesia_2008;122011,566;235469,762;114147,71;-1,06;South-East Asia;;48,48;;
Indonesia;2009;74,61053;83,54684;92,79816;;;;Indonesia_2009;121743,839;238620,563;117596,639;-0,75;South-East Asia;;49,28;;
Indonesia;2010;75,54267;84,32185;93,13129;;;;Indonesia_2010;121471,143;241834,215;121052,98;-0,85;South-East Asia;;50,06;;
Indonesia;2011;76,47175;85,06897;93,46398;;;;Indonesia_2011;121392,687;245115,987;124314,824;-0,77;South-East Asia;;50,72;;
Indonesia;2012;77,39778;85,80625;93,79623;;;;Indonesia_2012;121265,363;248451,722;127617,869;-0,59;South-East Asia;;51,37;;
Indonesia;2013;78,32076;86,53343;94,12805;;;;Indonesia_2013;121087,842;251805,307;130944,421;-0,52;South-East Asia;;52,0;;
Indonesia;2014;79,24067;87,25106;94,45943;;;;Indonesia_2014;120843,234;255128,076;134287,882;-0,42;South-East Asia;;52,64;;
Indonesia;2015;80,15753;87,95873;94,79036;;;;Indonesia_2015;120527,352;258383,256;137634,761;-0,62;South-East Asia;;53,27;;
Indonesia;2016;81,07134;88,65653;95,12085;;;;Indonesia_2016;120142,531;261556,381;140972,925;-0,37;South-East Asia;7,05721;53,9;;0,9084
Indonesia;2017;81,98209;89,34401;95,4509;;;;Indonesia_2017;119696,518;264650,963;144294,861;-0,5;South-East Asia;;54,52;;
Iran (Islamic Republic of);2000;89,65852;94,94387;97,91145;83,30123;91,07142;95,43419;Iran (Islamic Republic of)_2000;23779,764;65623,405;42352,09;-0,73;Eastern Mediterranean;;64,54;3,87;
Iran (Islamic Republic of);2001;89,65852;95,00295;97,91145;83,30123;91,15829;95,43419;Iran (Islamic Republic of)_2001;23646,162;66449,112;43450,252;;Eastern Mediterranean;;65,39;3,84;
Iran (Islamic Republic of);2002;89,65852;95,06155;97,91145;83,30123;91,24444;95,43419;Iran (Islamic Republic of)_2002;23475,745;67284,796;44507,585;-0,77;Eastern Mediterranean;;66,15;3,82;
Iran (Islamic Republic of);2003;89,65852;95,11966;97,91145;83,30123;91,32986;95,43419;Iran (Islamic Republic of)_2003;23277,974;68122,938;45534,739;-0,78;Eastern Mediterranean;;66,84;3,79;
Iran (Islamic Republic of);2004;89,65852;95,17718;97,91145;83,30123;91,41442;95,43419;Iran (Islamic Republic of)_2004;23064,517;68951,281;46552,583;-0,76;Eastern Mediterranean;;67,52;3,76;
Iran (Islamic Republic of);2005;89,58691;95,17159;97,85342;83,23469;91,43821;95,37762;Iran (Islamic Republic of)_2005;22846,437;69762,347;47575,374;-0,78;Eastern Mediterranean;;68,2;3,73;
Iran (Islamic Republic of);2006;89,51529;95,16553;97,79537;83,16814;91,46117;95,32104;Iran (Islamic Republic of)_2006;22622,393;70554,76;48605,487;-1,04;Eastern Mediterranean;;68,89;3,7;
Iran (Islamic Republic of);2007;89,44367;95,15501;97,73733;83,10161;91,47744;95,26447;Iran (Islamic Republic of)_2007;22427,746;71336,475;49603,357;-0,93;Eastern Mediterranean;;69,53;3,68;
Iran (Islamic Republic of);2008;89,37205;95,14209;97,67929;83,03506;91,49007;95,20789;Iran (Islamic Republic of)_2008;22248,124;72120,604;50597,418;-0,94;Eastern Mediterranean;;70,16;3,65;
Iran (Islamic Republic of);2009;89,30043;95,12875;97,62125;82,96852;91,50197;95,15132;Iran (Islamic Republic of)_2009;22072,992;72924,837;51614,573;-1,56;Eastern Mediterranean;;70,78;3,63;
Iran (Islamic Republic of);2010;89,22881;95,11506;97,5632;82,90199;91,51324;95,09475;Iran (Islamic Republic of)_2010;21903,373;73762,519;52664,138;-1,63;Eastern Mediterranean;;71,4;3,6;
Iran (Islamic Republic of);2011;89,1572;95,10094;97,50517;82,83544;91,52379;95,03818;Iran (Islamic Republic of)_2011;21741,243;74634,957;53750,339;-1,42;Eastern Mediterranean;;72,02;3,58;
Iran (Islamic Republic of);2012;89,08557;95,0854;97,44712;82,76891;91,53213;94,98161;Iran (Islamic Republic of)_2012;21594,353;75539,878;54859,221;-1,32;Eastern Mediterranean;;72,62;3,55;
Iran (Islamic Republic of);2013;89,01395;95,06876;97,38908;82,70236;91,53874;94,92503;Iran (Islamic Republic of)_2013;21453,348;76481,961;55982,036;-1,25;Eastern Mediterranean;;73,2;3,53;
Iran (Islamic Republic of);2014;89,01395;95,11356;97,38908;82,70236;91,60413;94,92503;Iran (Islamic Republic of)_2014;21304,537;77465,77;57106,555;-0,87;Eastern Mediterranean;;73,72;3,51;
Iran (Islamic Republic of);2015;89,01395;95,15778;97,38908;82,70236;91,66867;94,92503;Iran (Islamic Republic of)_2015;21143,455;78492,215;58217,032;-0,93;Eastern Mediterranean;;74,17;3,49;
Iran (Islamic Republic of);2016;89,01395;95,20149;97,38908;82,70236;91,73247;94,92503;Iran (Islamic Republic of)_2016;20968,583;79563,989;59308,845;-0,81;Eastern Mediterranean;0,98453;74,54;3,47;0,9712
Iran (Islamic Republic of);2017;89,01395;95,24454;97,38908;82,70236;91,7953;94,92503;Iran (Islamic Republic of)_2017;20782,6;80673,883;60380,188;-0,93;Eastern Mediterranean;;74,84;3,45;
Iraq;2000;52,87958;80,90583;93,7962;27,08165;50,03514;60,59235;Iraq_2000;7423,961;23497,585;16141,452;-1,74;Eastern Mediterranean;;68,69;30,87;
Iraq;2001;55,11669;81,47542;93,56852;28,22016;50,55137;60,79669;Iraq_2001;7627,084;24208,18;16624,565;;Eastern Mediterranean;;68,67;30,92;
Iraq;2002;57,35494;82,4247;93,89764;29,35867;51,0666;61,00104;Iraq_2002;7829,905;24931,919;17109,394;-1,61;Eastern Mediterranean;;68,62;31,36;
Iraq;2003;59,59432;83,37234;94,22688;30,49718;51,58082;61,20538;Iraq_2003;8032,21;25644,499;17595,416;-2,39;Eastern Mediterranean;;68,61;31,79;
Iraq;2004;61,83483;84,31834;94,5562;31,63569;52,09403;61,40973;Iraq_2004;8233,973;26313,838;18082,636;-3,18;Eastern Mediterranean;;68,72;32,22;
Iraq;2005;64,07648;85,2627;94,88562;32,79097;52,61147;61,61407;Iraq_2005;8435,932;26922,284;18572,494;-2,69;Eastern Mediterranean;;68,99;32,65;
Iraq;2006;66,31926;86,20512;95,21514;33,93006;53,12255;61,81842;Iraq_2006;8636,414;27448,124;19061,498;-2,83;Eastern Mediterranean;;69,45;33,08;
Iraq;2007;68,56317;87,1462;95,54476;35,06916;53,63292;62,02277;Iraq_2007;8837,116;27911,248;19553,317;-2,77;Eastern Mediterranean;;70,06;33,51;
Iraq;2008;70,80822;88,08564;95,87448;36,20825;54,14227;62,22711;Iraq_2008;9045,912;28385,746;20065,505;-2,47;Eastern Mediterranean;;70,69;33,94;
Iraq;2009;73,05441;89,0232;96,20429;37,34734;54,65036;62,43146;Iraq_2009;9273,303;28973,162;20621,349;-2,18;Eastern Mediterranean;;71,17;34,37;
Iraq;2010;75,30172;89,97401;96,5342;38,48644;55,17437;62,6358;Iraq_2010;9504,63;29741,976;21258,071;-2,24;Eastern Mediterranean;;71,47;34,8;
Iraq;2011;77,55017;90,92862;96,86422;39,62553;55,70583;62,84015;Iraq_2011;9750,42;30725,3;21976,633;-1,85;Eastern Mediterranean;;71,53;35,22;
Iraq;2012;79,79976;91,87715;97,19433;40,76463;56,23398;63,04449;Iraq_2012;10019,158;31890,011;22757,413;-1,93;Eastern Mediterranean;;71,36;35,64;
Iraq;2013;82,05048;92,81965;97,52454;41,90372;56,75885;63,24884;Iraq_2013;10302,117;33157,05;23581,028;-2,01;Eastern Mediterranean;;71,12;36,06;
Iraq;2014;84,30233;93,75629;97,85484;43,04281;57,28068;63,45318;Iraq_2014;10586,506;34411,951;24419,574;-2,48;Eastern Mediterranean;;70,96;36,48;
Iraq;2015;86,55532;94,68708;98,18524;44,18191;57,79946;63,65753;Iraq_2015;10863,394;35572,261;25252,255;-2,26;Eastern Mediterranean;;70,99;36,89;
Iraq;2016;88,80944;95,61298;98,51574;45,321;58,31704;63,86187;Iraq_2016;11125,775;36610,632;26076,797;-2,31;Eastern Mediterranean;3,03475;71,23;37,3;0,9631
Iraq;2017;91,0647;96,53348;98,84634;46,46009;58,83333;64,06622;Iraq_2017;11375,936;37552,781;26898,682;-2,31;Eastern Mediterranean;;71,63;37,7;
Ireland;2000;97,42629;97,18372;97,01622;;93,0507;;Ireland_2000;1572,038;3783,103;2276,738;1,59;Europe;;60,18;4,13;
Ireland;2001;97,46566;97,1975;97,0142;;93,33542;;Ireland_2001;1587,218;3842,245;2322,075;;Europe;;60,44;3,86;
Ireland;2002;97,50503;97,21105;97,01218;;93,61999;;Ireland_2002;1604,488;3907,998;2371,8;1,51;Europe;;60,69;3,59;
Ireland;2003;97,5444;97,22426;97,01016;;93,9043;;Ireland_2003;1622,84;3980,076;2426,707;1,35;Europe;;60,97;3,32;
Ireland;2004;97,58376;97,23723;97,00815;;94,18845;;Ireland_2004;1643,163;4058,13;2485,586;1,17;Europe;;61,25;3,05;
Ireland;2005;97,62313;97,24998;97,00613;;94,47247;;Ireland_2005;1665,092;4141,223;2547,885;1,3;Europe;;61,52;2,78;
Ireland;2006;97,66251;97,26261;97,00411;;94,75644;;Ireland_2006;1689,583;4230,623;2613,787;1,19;Europe;;61,78;2,51;
Ireland;2007;97,70187;97,27542;97,00209;;95,04066;;Ireland_2007;1717,899;4324,641;2680,174;1,21;Europe;;61,97;2,23;
Ireland;2008;97,74124;97,28808;97,00007;;95,32479;;Ireland_2008;1744,599;4415,872;2744,99;1,19;Europe;;62,16;1,96;
Ireland;2009;97,78061;97,30058;96,99805;;95,60884;;Ireland_2009;1765,932;4494,576;2802,132;1,06;Europe;;62,34;1,69;
Ireland;2010;97,81998;97,3129;96,99603;;95,89279;;Ireland_2010;1779,414;4554,321;2847,514;1,02;Europe;;62,52;1,42;
Ireland;2011;97,85934;97,32507;96,99402;;96,17666;;Ireland_2011;1783,796;4591,105;2878,783;0,95;Europe;;62,7;1,15;
Ireland;2012;97,89871;97,33707;96,992;;96,46043;;Ireland_2012;1780,388;4608,198;2897,729;0,94;Europe;;62,88;0,88;
Ireland;2013;97,93808;97,34892;96,98998;;96,7441;;Ireland_2013;1772,537;4615,422;2909,43;0,9;Europe;;63,04;0,6;
Ireland;2014;97,97745;97,3606;96,98796;;97,02768;;Ireland_2014;1764,876;4626,844;2921,471;1,05;Europe;;63,14;0,33;
Ireland;2015;98,01682;97,37213;96,98594;;97,29984;;Ireland_2015;1760,732;4652,425;2939,375;0,91;Europe;;63,18;0,07;
Ireland;2016;98,05618;97,38348;96,98392;;97,31146;;Ireland_2016;1761,09;4695,779;2964,988;0,85;Europe;0,07416;63,14;0,07;0,9866
Ireland;2017;98,09555;97,39455;96,9819;;97,32282;;Ireland_2017;1764,335;4753,279;2997,322;1,0;Europe;;63,06;0,07;
Israel;2000;100,0;100,0;100,0;99,96265;99,91615;99,91167;Israel_2000;529,03;5945,95;5484,711;-1,04;Europe;;92,24;0,08;
Israel;2001;100,0;100,0;100,0;99,96265;99,91612;99,91167;Israel_2001;535,306;6060,676;5594,224;;Europe;;92,3;0,08;
Israel;2002;100,0;100,0;100,0;99,96265;99,91609;99,91167;Israel_2002;540,933;6169,313;5698,352;-1,46;Europe;;92,37;0,08;
Israel;2003;100,0;100,0;100,0;99,96265;99,91605;99,91167;Israel_2003;546,487;6278,374;5803,032;-1,52;Europe;;92,43;0,08;
Israel;2004;100,0;100,0;100,0;99,96265;99,91603;99,91167;Israel_2004;552,7;6396,514;5916,127;-1,32;Europe;;92,49;0,08;
Israel;2005;100,0;100,0;100,0;99,96265;99,916;99,91167;Israel_2005;560,059;6529,479;6042,911;-1,25;Europe;;92,55;0,08;
Israel;2006;100,0;100,0;100,0;99,96265;99,91596;99,91167;Israel_2006;568,798;6680,637;6186,413;-1,26;Europe;;92,6;0,08;
Israel;2007;100,0;100,0;100,0;99,96265;99,91593;99,91167;Israel_2007;578,65;6847,141;6344,035;-1,25;Europe;;92,65;0,08;
Israel;2008;100,0;100,0;100,0;99,88624;99,86237;99,86021;Israel_2008;588,921;7020,836;6508,489;-1,32;Europe;;92,7;0,14;
Israel;2009;100,0;100,0;100,0;99,80981;99,80883;99,80874;Israel_2009;598,671;7190,034;6669,224;-1,63;Europe;;92,76;0,19;
Israel;2010;100,0;100,0;100,0;99,73339;99,75533;99,75728;Israel_2010;606,998;7346,446;6818,961;-1,34;Europe;;92,82;0,24;
Israel;2011;100,0;100,0;100,0;99,65697;99,70185;99,70581;Israel_2011;613,695;7487,1;6955,079;-1,2;Europe;;92,89;0,3;
Israel;2012;100,0;100,0;100,0;99,58055;99,64841;99,65434;Israel_2012;619,009;7614,952;7080,096;-1,08;Europe;;92,98;0,35;
Israel;2013;100,0;100,0;100,0;99,50413;99,59501;99,60288;Israel_2013;623,292;7734,841;7197,813;-1,1;Europe;;93,06;0,4;
Israel;2014;100,0;100,0;100,0;99,42771;99,54165;99,55141;Israel_2014;627,075;7854,213;7314,254;-1,04;Europe;;93,13;0,46;
Israel;2015;100,0;100,0;100,0;99,35129;99,48833;99,49995;Israel_2015;630,733;7978,49;7433,814;-1,09;Europe;;93,17;0,51;
Israel;2016;100,0;100,0;100,0;99,27486;99,43504;99,44849;Israel_2016;634,341;8108,985;7557,487;-0,79;Europe;0,24682;93,2;0,56;0,9988
Israel;2017;100,0;100,0;100,0;99,19845;99,38181;99,39702;Israel_2017;637,763;8243,848;7683,807;-0,89;Europe;;93,21;0,62;
Italy;2000;100,0;100,0;100,0;;86,4651;;Italy_2000;18779,731;56692,178;38513,99;0,92;Europe;;67,94;13,53;
Italy;2001;100,0;100,0;100,0;;87,03429;;Italy_2001;18815,119;56875,147;38691,248;;Europe;;68,03;12,97;
Italy;2002;99,99157;99,99233;99,99271;;87,59677;;Italy_2002;18853,502;57182,519;38948,261;0,84;Europe;;68,11;12,4;
Italy;2003;99,94099;99,94635;99,94894;;88,12537;;Italy_2003;18897,042;57564,588;39249,995;0,43;Europe;;68,18;11,82;
Italy;2004;99,8904;99,90039;99,90517;;88,65348;;Italy_2004;18940,573;57948,424;39554,131;0,27;Europe;;68,26;11,25;
Italy;2005;99,83983;99,85444;99,8614;;89,18107;;Italy_2005;18972,67;58281,212;39835,813;0,49;Europe;;68,35;10,67;
Italy;2006;99,78925;99,80851;99,81763;;89,70815;;Italy_2006;18990,436;58542,619;40089,433;0,53;Europe;;68,48;10,1;
Italy;2007;99,73866;99,76259;99,77386;;90,23472;;Italy_2007;18995,609;58747,861;40317,902;0,45;Europe;;68,63;9,53;
Italy;2008;99,68808;99,71669;99,73009;;90,76079;;Italy_2008;18985,986;58922,109;40516,399;0,55;Europe;;68,76;8,96;
Italy;2009;99,6375;99,6708;99,68633;;91,28634;;Italy_2009;18960,542;59105,625;40681,311;0,35;Europe;;68,83;8,38;
Italy;2010;99,58692;99,62494;99,64256;;91,81139;;Italy_2010;18918,497;59325,229;40811,31;0,47;Europe;;68,79;7,81;
Italy;2011;99,53634;99,57908;99,59879;;92,33593;;Italy_2011;18858,134;59589,076;40901,795;0,5;Europe;;68,64;7,24;
Italy;2012;99,48576;99,53333;99,55502;;92,86005;;Italy_2012;18706,111;59879,471;41027,723;0,51;Europe;;68,52;6,67;
Italy;2013;99,43517;99,48765;99,51125;;93,38371;;Italy_2013;18509,653;60166,83;41158,347;0,5;Europe;;68,41;6,1;
Italy;2014;99,38459;99,44202;99,46748;;93,90689;;Italy_2014;18309,186;60409,62;41276,482;0,46;Europe;;68,33;5,54;
Italy;2015;99,38459;99,44225;99,46748;;94,47314;;Italy_2015;18110,394;60578,494;41393,818;0,38;Europe;;68,33;4,97;
Italy;2016;99,38459;99,4425;99,46748;;95,03938;;Italy_2016;17914,936;60663,06;41515,002;0,37;Europe;0,13718;68,44;4,4;0,9966
Italy;2017;99,38459;99,44273;99,46748;;95,03961;;Italy_2017;17722,588;60673,701;41637,312;0,31;Europe;;68,62;4,4;
Jamaica;2000;88,18793;93,12331;97,71311;;;;Jamaica_2000;1280,23;2654,701;1376,634;0,19;Americas;;51,86;;
Jamaica;2001;88,41988;93,28157;97,75977;;;;Jamaica_2001;1283,535;2674,702;1393,476;;Americas;;52,1;;
Jamaica;2002;88,65181;93,43519;97,80643;;;;Jamaica_2002;1287,06;2692,845;1408,386;-0,21;Americas;;52,3;;
Jamaica;2003;88,88375;93,587;97,85309;;;;Jamaica_2003;1290,139;2709,437;1422,372;-0,38;Americas;;52,5;;
Jamaica;2004;88,40915;93,40358;97,89974;;;;Jamaica_2004;1292,771;2725,015;1436,006;-0,35;Americas;;52,7;;
Jamaica;2005;87,93088;93,07216;97,66613;;;;Jamaica_2005;1295,184;2740,003;1449,489;-0,3;Americas;;52,9;;
Jamaica;2006;87,44892;92,7127;97,38096;;;;Jamaica_2006;1297,396;2754,407;1462,883;-0,32;Americas;;53,11;;
Jamaica;2007;86,96329;92,35199;97,09547;;;;Jamaica_2007;1299,356;2768,227;1476,111;-0,25;Americas;;53,32;;
Jamaica;2008;86,47398;91,99024;96,80967;;;;Jamaica_2008;1301,007;2781,876;1489,115;-0,31;Americas;;53,53;;
Jamaica;2009;85,981;91,62727;96,52354;;;;Jamaica_2009;1302,297;2795,837;1501,785;-0,36;Americas;;53,72;;
Jamaica;2010;85,48433;91,26319;96,23711;;;;Jamaica_2010;1303,146;2810,46;1514,064;-0,43;Americas;;53,87;;
Jamaica;2011;84,98399;90,89815;95,95036;;;;Jamaica_2011;1303,559;2825,929;1525,934;-0,06;Americas;;54,0;;
Jamaica;2012;84,47997;90,53372;95,66328;;;;Jamaica_2012;1303,108;2842,132;1537,884;0,12;Americas;;54,11;;
Jamaica;2013;83,97227;90,17014;95,3759;;;;Jamaica_2013;1301,853;2858,712;1549,954;0,18;Americas;;54,22;;
Jamaica;2014;84,18581;90,31852;95,42117;;;;Jamaica_2014;1299,857;2875,139;1562,23;0,02;Americas;;54,34;;
Jamaica;2015;84,39936;90,46777;95,46643;;;;Jamaica_2015;1297,166;2891,021;1574,768;0,1;Americas;;54,47;;
Jamaica;2016;84,61291;90,61792;95,51169;;;;Jamaica_2016;1293,787;2906,236;1587,568;0,31;Americas;0,61365;54,63;;0,9501
Jamaica;2017;84,61291;90,64844;95,51169;;;;Jamaica_2017;1289,697;2920,848;1600,602;0,31;Americas;;54,8;;
Japan;2000;;98,4875;;;97,86467;;Japan_2000;27230,218;127524,174;100303,716;1,2;Western Pacific;;78,65;0,62;
Japan;2001;;98,4875;;;97,86467;;Japan_2001;25557,575;127713,828;102165,938;;Western Pacific;;80,0;0,62;
Japan;2002;;98,4875;;;97,86467;;Japan_2002;23473,865;127893,078;104428,752;1,18;Western Pacific;;81,65;0,62;
Japan;2003;;98,4875;;;97,86467;;Japan_2003;21520,729;128058,372;106547,065;1,03;Western Pacific;;83,2;0,62;
Japan;2004;;98,4875;;;97,86467;;Japan_2004;19693,113;128204,195;108520,519;1,03;Western Pacific;;84,65;0,62;
Japan;2005;;98,52771;;;97,90996;;Japan_2005;17995,058;128326,116;110340,709;1,04;Western Pacific;;85,98;0,62;
Japan;2006;;98,56792;;;97,95525;;Japan_2006;16545,175;128422,734;111887,819;1,14;Western Pacific;;87,12;0,61;
Japan;2007;;98,60812;;;98,00053;;Japan_2007;15233,582;128494,057;113271,669;1,01;Western Pacific;;88,15;0,61;
Japan;2008;;98,64833;;;98,04584;;Japan_2008;14008,192;128538,646;114542,316;0,89;Western Pacific;;89,11;0,6;
Japan;2009;;98,68855;;;98,09113;;Japan_2009;12870,195;128555,189;115696,464;0,98;Western Pacific;;90,0;0,6;
Japan;2010;;98,72875;;;98,13644;;Japan_2010;11810,839;128542,353;116741,034;0,88;Western Pacific;;90,82;0,59;
Japan;2011;;98,76896;;;98,18176;;Japan_2011;11476,384;128498,965;117029,015;1,0;Western Pacific;;91,07;0,59;
Japan;2012;;98,80917;;;98,22707;;Japan_2012;11368,012;128423,571;117058,372;0,95;Western Pacific;;91,15;0,58;
Japan;2013;;98,84937;;;98,27238;;Japan_2013;11257,825;128314,195;117055,095;1,02;Western Pacific;;91,23;0,58;
Japan;2014;;98,88958;;;98,31771;;Japan_2014;11145,296;128168,639;117017,577;0,97;Western Pacific;;91,3;0,57;
Japan;2015;;98,92979;;;98,36304;;Japan_2015;11030,53;127985,133;116944,428;1,07;Western Pacific;;91,37;0,57;
Japan;2016;;98,97;;;98,40837;;Japan_2016;10913,416;127763,265;116835,097;0,98;Western Pacific;0,1667;91,45;0,56;0,9941
Japan;2017;;99,01021;;;98,4537;;Japan_2017;10791,174;127502,725;116693,276;1,11;Western Pacific;;91,52;0,56;
Jordan;2000;98,35873;99,40183;99,69144;;93,95779;;Jordan_2000;1108,89;5122,493;3994,24;0,0;Eastern Mediterranean;;77,97;5,44;
Jordan;2001;98,32004;99,36469;99,65449;;93,923;;Jordan_2001;1127,867;5217,336;4065,615;;Eastern Mediterranean;;77,93;5,44;
Jordan;2002;98,28135;99,32752;99,61753;;93,8882;;Jordan_2002;1147,614;5317,506;4139,874;-0,46;Eastern Mediterranean;;77,85;5,44;
Jordan;2003;98,24265;99,29035;99,58058;;93,85337;;Jordan_2003;1170,651;5434,03;4226,123;-0,07;Eastern Mediterranean;;77,77;5,44;
Jordan;2004;98,20396;99,25321;99,54363;;93,81858;;Jordan_2004;1200,064;5580,244;4335,531;-0,23;Eastern Mediterranean;;77,69;5,43;
Jordan;2005;98,16527;99,23149;99,50668;;93,82613;;Jordan_2005;1172,277;5765,635;4541,834;-0,13;Eastern Mediterranean;;78,77;5,41;
Jordan;2006;98,12657;99,21413;99,46973;;93,84554;;Jordan_2006;1129,312;5991,54;4804,92;-0,76;Eastern Mediterranean;;80,2;5,37;
Jordan;2007;98,08788;99,19569;99,43279;;93,86185;;Jordan_2007;1091,804;6255,28;5101,387;-0,3;Eastern Mediterranean;;81,55;5,33;
Jordan;2008;98,04919;99,17622;99,39584;;93,87525;;Jordan_2008;1058,386;6556,478;5431,436;-0,37;Eastern Mediterranean;;82,84;5,3;
Jordan;2009;98,01049;99,15565;99,35889;;93,88553;;Jordan_2009;1028,066;6893,26;5793,05;-0,35;Eastern Mediterranean;;84,04;5,27;
Jordan;2010;97,97179;99,1341;99,32193;;93,89304;;Jordan_2010;999,206;7261,539;6183,184;-0,31;Eastern Mediterranean;;85,15;5,24;
Jordan;2011;97,93311;99,11156;99,28498;;93,89775;;Jordan_2011;971,693;7662,846;6603,25;-0,51;Eastern Mediterranean;;86,17;5,21;
Jordan;2012;97,89441;99,0881;99,24803;;93,89987;;Jordan_2012;944,332;8089,962;7048,241;-0,52;Eastern Mediterranean;;87,12;5,19;
Jordan;2013;97,85571;99,06368;99,21108;;93,89931;;Jordan_2013;914,962;8518,983;7498,502;-0,61;Eastern Mediterranean;;88,02;5,16;
Jordan;2014;97,81702;99,03842;99,17413;;93,89637;;Jordan_2014;880,931;8918,828;7928,375;-0,54;Eastern Mediterranean;;88,89;5,14;
Jordan;2015;97,77833;99,00478;99,13718;;93,87062;;Jordan_2015;892,5;9266,575;8266,802;-0,61;Eastern Mediterranean;;89,21;5,13;
Jordan;2016;97,73964;98,97105;99,10023;;93,84464;;Jordan_2016;897,724;9554,286;8558,078;-0,49;Eastern Mediterranean;0,62637;89,57;5,13;0,9918
Jordan;2017;97,70094;98,93723;99,06329;;93,81834;;Jordan_2017;897,788;9785,843;8804,565;-0,5;Eastern Mediterranean;;89,97;5,12;
Kazakhstan;2000;72,35773;84,56442;94,11731;;57,54806;;Kazakhstan_2000;6610,426;14922,719;8446,937;0,09;Europe;;56,6;27,02;
Kazakhstan;2001;72,87101;84,94212;94,36095;;57,78784;;Kazakhstan_2001;6591,821;14910,205;8448,15;;Europe;;56,66;27,15;
Kazakhstan;2002;74,01958;85,62772;94,65849;;59,68283;;Kazakhstan_2002;6609,578;14976,188;8496,067;0,36;Europe;;56,73;25,94;
Kazakhstan;2003;75,17702;86,31612;94,95631;;61,59482;;Kazakhstan_2003;6653,891;15100,041;8578,434;0,36;Europe;;56,81;24,72;
Kazakhstan;2004;76,34336;87,0073;95,25441;;63,52372;;Kazakhstan_2004;6709,744;15250,015;8676,172;0,07;Europe;;56,89;23,48;
Kazakhstan;2005;77,51859;87,70124;95,55279;;65,46944;;Kazakhstan_2005;6766,257;15402,807;8775,2;0,19;Europe;;56,97;22,23;
Kazakhstan;2006;78,7027;88,39791;95,85144;;67,43186;;Kazakhstan_2006;6819,865;15551,268;8870,996;0,21;Europe;;57,04;20,97;
Kazakhstan;2007;79,8957;89,09731;96,15038;;69,4109;;Kazakhstan_2007;6873,733;15702,104;8967,622;0,65;Europe;;57,11;19,69;
Kazakhstan;2008;81,09758;89,7994;96,44958;;71,40648;;Kazakhstan_2008;6931,41;15862,123;9069,766;0,62;Europe;;57,18;18,39;
Kazakhstan;2009;82,30836;90,50419;96,74907;;73,41849;;Kazakhstan_2009;6998,909;16043,007;9185,254;0,78;Europe;;57,25;17,09;
Kazakhstan;2010;83,52802;91,21149;97,04884;;75,44648;;Kazakhstan_2010;7079,87;16252,279;9319,106;0,52;Europe;;57,34;15,77;
Kazakhstan;2011;84,75656;91,92159;97,34888;;77,4911;;Kazakhstan_2011;7175,002;16490,67;9472,378;-0,34;Europe;;57,44;14,43;
Kazakhstan;2012;85,994;92,63432;97,64919;;79,55186;;Kazakhstan_2012;7280,687;16751,525;9640,492;-0,41;Europe;;57,55;13,08;
Kazakhstan;2013;87,24031;93,30481;97,8712;;81,5865;;Kazakhstan_2013;7391,287;17026,117;9815,97;-0,4;Europe;;57,65;11,72;
Kazakhstan;2014;88,49552;93,88235;97,92659;;83,54642;;Kazakhstan_2014;7499,077;17302,615;9988,702;0,04;Europe;;57,73;10,34;
Kazakhstan;2015;89,75961;94,46207;97,98198;;85,52089;;Kazakhstan_2015;7598,48;17572,016;10151,168;-0,04;Europe;;57,77;8,94;
Kazakhstan;2016;91,03259;95,04381;98,03738;;87,50956;;Kazakhstan_2016;7687,326;17830,901;10300,41;0,01;Europe;0,38312;57,77;7,53;0,9734
Kazakhstan;2017;92,31446;95,62751;98,09277;;89,51225;;Kazakhstan_2017;7766,771;18080,019;10437,728;0,04;Europe;;57,73;6,12;
Kenya;2000;37,20719;47,3154;88,02267;;;62,14936;Kenya_2000;25194,298;31964,557;6256,185;-1,07;Africa;;19,57;;
Kenya;2001;37,95264;48,04586;87,8228;;;62,03724;Kenya_2001;25779,834;32848,564;6541,648;;Africa;;19,91;;
Kenya;2002;38,69611;48,77066;87,62307;;;62,70618;Kenya_2002;26374,762;33751,739;6839,247;-1,19;Africa;;20,26;;
Kenya;2003;39,4376;49,48969;87,42349;;;62,02045;Kenya_2003;26981,085;34678,779;7149,767;-1,26;Africa;;20,62;;
Kenya;2004;40,17711;50,20282;87,22407;;;61,14448;Kenya_2004;27600,542;35635,271;7474,389;-1,09;Africa;;20,97;;
Kenya;2005;40,91464;50,90902;87,02478;;;60,27129;Kenya_2005;28234,834;36624,895;7813,454;-1,25;Africa;;21,33;;
Kenya;2006;41,65019;51,60912;86,82565;;;59,40088;Kenya_2006;28883,861;37649,033;8168,189;-1,13;Africa;;21,7;;
Kenya;2007;42,38376;52,30302;86,62666;;;58,53324;Kenya_2007;29547,088;38705,932;8538,821;-1,3;Africa;;22,06;;
Kenya;2008;43,11535;52,99059;86,42783;;;57,66837;Kenya_2008;30222,715;39791,981;8925,701;-1,39;Africa;;22,43;;
Kenya;2009;43,84495;53,67088;86,22914;;;56,80629;Kenya_2009;30909,074;40901,792;9328,13;-1,43;Africa;;22,81;;
Kenya;2010;44,57257;54,34464;86,0306;;;55,94697;Kenya_2010;31603,483;42030,676;9746,669;-1,17;Africa;;23,19;;
Kenya;2011;45,29821;55,01381;85,83221;;;55,09043;Kenya_2011;32303,238;43178,274;10183,601;-1,24;Africa;;23,59;;
Kenya;2012;46,02187;55,67772;85,63397;;;54,23666;Kenya_2012;33007,2;44343,467;10639,429;-1,32;Africa;;23,99;;
Kenya;2013;46,74355;56,33693;85,43587;;;53,38567;Kenya_2013;33712,691;45519,981;11114,158;-1,17;Africa;;24,42;;
Kenya;2014;47,46325;56,9904;85,23793;;;52,53746;Kenya_2014;34416,636;46700,055;11607,614;-1,28;Africa;;24,86;;
Kenya;2015;48,18097;57,6383;85,04013;;;51,69202;Kenya_2015;35116,503;47878,336;12119,756;-1,24;Africa;;25,31;;
Kenya;2016;48,89671;58,28035;84,84248;;;50,84935;Kenya_2016;35810,733;49051,534;12650,834;-1,35;Africa;51,1546;25,79;;0,5383
Kenya;2017;49,61047;58,91633;84,64498;;;50,00946;Kenya_2017;36498,515;50221,142;13201,347;-1,13;Africa;;26,29;;
Kiribati;2000;;50,02758;;;;;Kiribati_2000;48,147;84,396;36,259;;Western Pacific;;42,96;;
Kiribati;2001;;51,29749;;;;;Kiribati_2001;48,533;85,849;37,325;;Western Pacific;;43,48;;
Kiribati;2002;;52,56739;;;;;Kiribati_2002;49,355;87,305;37,988;;Western Pacific;;43,51;;
Kiribati;2003;;53,8373;;;;;Kiribati_2003;50,215;88,835;38,68;1,17;Western Pacific;;43,54;;
Kiribati;2004;;55,1072;;;;;Kiribati_2004;51,127;90,499;39,415;1,16;Western Pacific;;43,55;;
Kiribati;2005;;56,37711;;;;;Kiribati_2005;52,116;92,325;40,209;1,38;Western Pacific;;43,55;;
Kiribati;2006;;57,64701;;;;;Kiribati_2006;52,757;94,343;41,503;1,35;Western Pacific;;43,99;;
Kiribati;2007;;58,91692;;;;;Kiribati_2007;53,1;96,527;43,211;1,34;Western Pacific;;44,77;;
Kiribati;2008;;60,18682;;;;;Kiribati_2008;53,447;98,761;44,993;1,34;Western Pacific;;45,56;;
Kiribati;2009;;61,45673;;;;;Kiribati_2009;53,757;100,93;46,811;1,4;Western Pacific;;46,38;;
Kiribati;2010;;62,72663;;;;;Kiribati_2010;54,005;102,927;48,647;1,42;Western Pacific;;47,26;;
Kiribati;2011;;63,99654;;;;;Kiribati_2011;54,175;104,728;50,481;1,3;Western Pacific;;48,2;;
Kiribati;2012;;65,26645;;;;;Kiribati_2012;54,285;106,37;52,328;1,29;Western Pacific;;49,19;;
Kiribati;2013;;66,53635;;;;;Kiribati_2013;54,347;107,89;54,188;1,28;Western Pacific;;50,23;;
Kiribati;2014;;67,80626;;;;;Kiribati_2014;54,375;109,391;56,083;0,8;Western Pacific;;51,27;;
Kiribati;2015;;69,07616;;;;;Kiribati_2015;54,383;110,93;58,024;0,84;Western Pacific;;52,31;;
Kiribati;2016;;70,34607;;;;;Kiribati_2016;54,395;112,524;60,0;0,87;Western Pacific;16,6583;53,32;;0,7693
Kiribati;2017;;71,61597;;;;;Kiribati_2017;54,402;114,158;61,996;0,88;Western Pacific;;54,31;;
Kuwait;2000;;100,0;;;100,0;;Kuwait_2000;20,507;2045,123;2030,234;0,75;Eastern Mediterranean;;99,27;0,0;
Kuwait;2001;;100,0;;;100,0;;Kuwait_2001;1,938;2103,282;2107,417;;Eastern Mediterranean;;100,0;0,0;
Kuwait;2002;;100,0;;;100,0;;Kuwait_2002;0,0;2136,997;2143,833;-0,15;Eastern Mediterranean;;100,0;0,0;
Kuwait;2003;;100,0;;;100,0;;Kuwait_2003;0,0;2161,626;2169,118;0,29;Eastern Mediterranean;;100,0;0,0;
Kuwait;2004;;100,0;;;100,0;;Kuwait_2004;0,0;2200,492;2207,939;0,34;Eastern Mediterranean;;100,0;0,0;
Kuwait;2005;;100,0;;;100,0;;Kuwait_2005;0,0;2270,198;2276,623;0,25;Eastern Mediterranean;;100,0;0,0;
Kuwait;2006;;100,0;;;100,0;;Kuwait_2006;0,0;2373,672;2377,258;0,41;Eastern Mediterranean;;100,0;0,0;
Kuwait;2007;;100,0;;;100,0;;Kuwait_2007;0,0;2504,019;2503,41;0,62;Eastern Mediterranean;;99,98;0,0;
Kuwait;2008;;100,0;;;100,0;;Kuwait_2008;0,0;2656,009;2652,34;0,5;Eastern Mediterranean;;99,86;0,0;
Kuwait;2009;;100,0;;;100,0;;Kuwait_2009;0,0;2821,045;2818,939;0,35;Eastern Mediterranean;;99,93;0,0;
Kuwait;2010;;100,0;;;100,0;;Kuwait_2010;0,0;2991,884;2998,083;0,45;Eastern Mediterranean;;100,0;0,0;
Kuwait;2011;;100,0;;;100,0;;Kuwait_2011;0,0;3168,06;3191,051;0,31;Eastern Mediterranean;;100,0;0,0;
Kuwait;2012;;100,0;;;100,0;;Kuwait_2012;0,0;3348,853;3395,556;0,2;Eastern Mediterranean;;100,0;0,0;
Kuwait;2013;;100,0;;;100,0;;Kuwait_2013;0,0;3526,376;3598,385;0,17;Eastern Mediterranean;;100,0;0,0;
Kuwait;2014;;100,0;;;100,0;;Kuwait_2014;0,0;3690,941;3782,45;0,15;Eastern Mediterranean;;100,0;0,0;
Kuwait;2015;;100,0;;;100,0;;Kuwait_2015;0,0;3835,591;3935,794;-0,21;Eastern Mediterranean;;100,0;0,0;
Kuwait;2016;;100,0;;;100,0;;Kuwait_2016;0,0;3956,875;4052,584;-0,05;Eastern Mediterranean;0,01242;100,0;0,0;1,0
Kuwait;2017;;100,0;;;100,0;;Kuwait_2017;0,0;4056,099;4136,528;-0,05;Eastern Mediterranean;;100,0;0,0;
Kyrgyzstan;2000;72,91299;80,60384;94,70134;27,76875;46,35088;80,41232;Kyrgyzstan_2000;3183,803;4920,712;1736,915;-0,18;Europe;;35,3;34,25;
Kyrgyzstan;2001;72,91299;80,60341;94,70134;27,76875;46,34982;80,41232;Kyrgyzstan_2001;3210,973;4962,836;1751,617;;Europe;;35,29;34,25;
Kyrgyzstan;2002;73,56808;81,10655;94,92656;28,01823;46,57822;80,60356;Kyrgyzstan_2002;3229,231;4991,483;1761,456;-0,61;Europe;;35,29;34,53;
Kyrgyzstan;2003;74,22316;81,6095;95,15179;28,26772;46,80611;80,7948;Kyrgyzstan_2003;3243,275;5013,53;1768,994;-1,1;Europe;;35,28;34,8;
Kyrgyzstan;2004;74,87824;82,11266;95,37701;28,51721;47,03451;80,98605;Kyrgyzstan_2004;3259,958;5039,005;1777,971;-1,18;Europe;;35,28;35,08;
Kyrgyzstan;2005;75,47552;82,57237;95,58561;30,47124;48,679;82,06591;Kyrgyzstan_2005;3284,272;5075,347;1791,108;-1,18;Europe;;35,29;33,89;
Kyrgyzstan;2006;76,0718;83,03161;95,79413;32,45483;50,34464;83,14997;Kyrgyzstan_2006;3317,581;5124,382;1809,149;-1,39;Europe;;35,3;32,69;
Kyrgyzstan;2007;76,66707;83,48999;96,00257;34,46799;52,03041;84,23821;Kyrgyzstan_2007;3358,424;5184,392;1831,296;-0,99;Europe;;35,32;31,46;
Kyrgyzstan;2008;77,26134;83,94771;96,21093;36,51071;53,73682;85,33064;Kyrgyzstan_2008;3405,472;5254,979;1856,822;-0,57;Europe;;35,33;30,21;
Kyrgyzstan;2009;77,85461;84,40495;96,41921;38,583;55,46437;86,42725;Kyrgyzstan_2009;3456,349;5334,71;1884,432;-0,62;Europe;;35,32;28,94;
Kyrgyzstan;2010;78,44688;84,8657;96,62742;40,68486;57,22332;87,52806;Kyrgyzstan_2010;3507,918;5422,293;1914,419;-1,04;Europe;;35,31;27,64;
Kyrgyzstan;2011;79,03813;85,32988;96,83555;42,81629;59,01343;88,63305;Kyrgyzstan_2011;3559,886;5517,922;1946,715;-1,1;Europe;;35,28;26,32;
Kyrgyzstan;2012;79,6284;85,79738;97,04359;44,97728;60,83437;89,74223;Kyrgyzstan_2012;3612,53;5621,576;1981,578;-0,91;Europe;;35,25;24,96;
Kyrgyzstan;2013;80,21765;86,26759;97,25156;47,16784;62,68441;90,85559;Kyrgyzstan_2013;3665,102;5731,303;2018,706;-0,91;Europe;;35,22;23,58;
Kyrgyzstan;2014;80,80591;86,73149;97,43446;49,38795;64,55478;91,94955;Kyrgyzstan_2014;3716,797;5844,532;2057,769;-0,8;Europe;;35,21;22,18;
Kyrgyzstan;2015;81,39316;87,07851;97,28426;51,63765;66,33919;92,7298;Kyrgyzstan_2015;3766,909;5959,121;2098,492;-0,88;Europe;;35,21;20,74;
Kyrgyzstan;2016;81,97941;87,42696;97,13506;53,9169;68,1477;93,50848;Kyrgyzstan_2016;3814,995;6074,33;2140,739;-0,65;Europe;0,77594;35,24;19,28;0,9333
Kyrgyzstan;2017;81,97941;87,4559;97,13506;53,9169;68,22332;93,50848;Kyrgyzstan_2017;3860,7;6189,733;2184,417;-0,43;Europe;;35,29;19,23;
Lao People's Democratic Republic;2000;37,99092;46,51606;76,7821;0,47266;5,08624;21,46546;Lao People's Democratic Republic_2000;4158,068;5323,7;1171,236;-0,58;Western Pacific;;22,0;41,43;
Lao People's Democratic Republic;2001;40,17648;48,82481;77,78941;2,4021;6,85009;21,74709;Lao People's Democratic Republic_2001;4169,569;5409,582;1244,999;;Western Pacific;;23,01;41,97;
Lao People's Democratic Republic;2002;42,36524;51,12482;78,79671;4,53587;8,74185;22,02872;Lao People's Democratic Republic_2002;4175,525;5493,246;1321,748;-0,1;Western Pacific;;24,06;42,38;
Lao People's Democratic Republic;2003;44,55722;53,41333;79,80402;6,4067;10,40265;22,31034;Lao People's Democratic Republic_2003;4177,699;5576,64;1401,957;-1,23;Western Pacific;;25,14;43,01;
Lao People's Democratic Republic;2004;46,75241;55,69015;80,81132;6,71735;10,88317;22,59198;Lao People's Democratic Republic_2004;4178,088;5662,208;1486,517;-0,61;Western Pacific;;26,25;44,81;
Lao People's Democratic Republic;2005;48,95082;57,88626;81,81862;7,02799;11,33578;22,87361;Lao People's Democratic Republic_2005;4189,729;5751,676;1564,297;-0,49;Western Pacific;;27,2;46,55;
Lao People's Democratic Republic;2006;51,15244;59,94119;82,82592;7,33863;11,72742;23,15524;Lao People's Democratic Republic_2006;4226,291;5846,074;1623,065;-0,09;Western Pacific;;27,76;48,21;
Lao People's Democratic Republic;2007;53,35727;61,98684;83,83321;7,64927;12,11969;23,43686;Lao People's Democratic Republic_2007;4265,018;5944,948;1684,769;-0,18;Western Pacific;;28,34;49,87;
Lao People's Democratic Republic;2008;55,56531;64,0238;84,84051;7,95992;12,51304;23,71849;Lao People's Democratic Republic_2008;4303,532;6046,62;1748,658;0,02;Western Pacific;;28,92;51,51;
Lao People's Democratic Republic;2009;57,77657;66,05057;85,8478;8,27056;12,90685;24,00012;Lao People's Democratic Republic_2009;4338,737;6148,623;1813,299;-0,16;Western Pacific;;29,49;53,14;
Lao People's Democratic Republic;2010;59,99104;68,06745;86,85509;8,5812;13,30142;24,28176;Lao People's Democratic Republic_2010;4368,384;6249,165;1877,89;-0,28;Western Pacific;;30,05;54,77;
Lao People's Democratic Republic;2011;62,20873;70,07413;87,86238;8,89184;13,69674;24,56339;Lao People's Democratic Republic_2011;4391,626;6347,567;1941,861;-0,06;Western Pacific;;30,59;56,38;
Lao People's Democratic Republic;2012;64,42963;72,07056;88,86967;9,20249;14,09297;24,84501;Lao People's Democratic Republic_2012;4409,554;6444,53;2005,615;0,03;Western Pacific;;31,12;57,98;
Lao People's Democratic Republic;2013;66,65374;74,05544;89,87695;9,51313;14,48947;25,12664;Lao People's Democratic Republic_2013;4424,627;6541,304;2069,93;0,07;Western Pacific;;31,64;59,57;
Lao People's Democratic Republic;2014;68,88107;76,02924;90,88423;9,82377;14,88671;25,40827;Lao People's Democratic Republic_2014;4439,922;6639,756;2136,475;0,5;Western Pacific;;32,18;61,14;
Lao People's Democratic Republic;2015;71,1116;77,99142;91,89151;10,13441;15,28452;25,6899;Lao People's Democratic Republic_2015;4457,637;6741,164;2206,33;0,54;Western Pacific;;32,73;62,71;
Lao People's Democratic Republic;2016;73,34536;79,9419;92,89879;10,44506;15,68307;25,97153;Lao People's Democratic Republic_2016;4478,363;6845,846;2279,99;0,53;Western Pacific;11,31273;33,3;64,26;0,8438
Lao People's Democratic Republic;2017;75,58232;82,0619;94,43584;10,7557;16,08187;26,25316;Lao People's Democratic Republic_2017;4501,174;6953,035;2356,986;0,4;Western Pacific;;33,9;65,98;
Latvia;2000;95,7881;97,81055;98,75936;;92,79144;;Latvia_2000;761,342;2384,164;1622,821;0,42;Europe;;68,07;5,02;
Latvia;2001;95,7881;97,80708;98,75936;;92,77224;;Latvia_2001;755,946;2358,693;1602,731;;Europe;;67,95;5,03;
Latvia;2002;95,9377;97,85539;98,76407;;92,79999;;Latvia_2002;749,886;2332,53;1582,606;0,94;Europe;;67,85;5,06;
Latvia;2003;96,08729;97,90534;98,76878;;92,83607;;Latvia_2003;742,46;2305,848;1563,315;1,0;Europe;;67,8;5,07;
Latvia;2004;96,23689;97,95924;98,77348;;92,89632;;Latvia_2004;731,523;2278,921;1547,332;0,62;Europe;;67,9;5,06;
Latvia;2005;96,38648;98,01284;98,77819;;92,95632;;Latvia_2005;720,635;2251,993;1531,348;0,81;Europe;;68,0;5,06;
Latvia;2006;96,53607;98,06318;98,7829;;92,98924;;Latvia_2006;712,806;2225,066;1512,417;0,84;Europe;;67,97;5,07;
Latvia;2007;96,68567;98,11288;98,78761;;93,17592;;Latvia_2007;705,716;2198,089;1492,802;0,56;Europe;;67,91;4,94;
Latvia;2008;96,83526;98,1628;98,79231;;93,36407;;Latvia_2008;698,617;2171,259;1473,264;0,2;Europe;;67,85;4,8;
Latvia;2009;96,98486;98,21375;98,79702;;93,55994;;Latvia_2009;690,494;2144,785;1454,815;0,35;Europe;;67,83;4,65;
Latvia;2010;97,13445;98,26554;98,80173;;93,76279;;Latvia_2010;681,39;2118,861;1437,458;0,53;Europe;;67,84;4,5;
Latvia;2011;97,28404;98,31727;98,80643;;93,96592;;Latvia_2011;672,334;2093,61;1420,159;0,32;Europe;;67,83;4,35;
Latvia;2012;97,43363;98,36892;98,81114;;94,16918;;Latvia_2012;663,369;2069,016;1403,005;0,45;Europe;;67,81;4,2;
Latvia;2013;97,58323;98,42049;98,81585;;94,37258;;Latvia_2013;654,589;2044,957;1386,195;0,59;Europe;;67,79;4,05;
Latvia;2014;97,73282;98,47196;98,82056;;94,57601;;Latvia_2014;646,121;2021,219;1370,004;0,49;Europe;;67,78;3,9;
Latvia;2015;97,88242;98,52336;98,82526;;94,77968;;Latvia_2015;638,051;1997,674;1354,612;0,44;Europe;;67,81;3,74;
Latvia;2016;98,03201;98,57478;98,82997;;94,98471;;Latvia_2016;630,159;1974,266;1340,371;0,48;Europe;0,0206;67,89;3,59;0,9928
Latvia;2017;98,1816;98,62618;98,83468;;95,19086;;Latvia_2017;622,436;1951,097;1327,234;0,46;Europe;;68,03;3,44;
Lebanon;2000;;85,3944;;;43,98826;;Lebanon_2000;452,951;3842,778;2782,415;-0,44;Eastern Mediterranean;;72,41;41,41;
Lebanon;2001;;85,85199;;;44,22397;;Lebanon_2001;466,411;3991,001;2893,448;;Eastern Mediterranean;;72,5;41,63;
Lebanon;2002;;86,30957;;;44,45968;;Lebanon_2002;484,74;4182,205;3038,097;-0,36;Eastern Mediterranean;;72,64;41,85;
Lebanon;2003;;86,76716;;;44,69539;;Lebanon_2003;504,674;4388,375;3196,79;-0,46;Eastern Mediterranean;;72,85;42,07;
Lebanon;2004;;87,22475;;;44,93111;;Lebanon_2004;521,754;4569,378;3341,513;-0,71;Eastern Mediterranean;;73,13;42,29;
Lebanon;2005;;87,68233;;;45,16682;;Lebanon_2005;533,172;4698,763;3453,68;-1,0;Eastern Mediterranean;;73,5;42,52;
Lebanon;2006;;88,13992;;;45,40253;;Lebanon_2006;537,103;4759,753;3520,247;-1,81;Eastern Mediterranean;;73,96;42,74;
Lebanon;2007;;88,5975;;;45,63824;;Lebanon_2007;535,295;4767,344;3551,171;-2,12;Eastern Mediterranean;;74,49;42,96;
Lebanon;2008;;89,05509;;;45,87395;;Lebanon_2008;532,696;4764,741;3578,351;-1,88;Eastern Mediterranean;;75,1;43,18;
Lebanon;2009;;89,51267;;;46,10966;;Lebanon_2009;536,0;4813,026;3647,156;-1,56;Eastern Mediterranean;;75,78;43,4;
Lebanon;2010;;89,97026;;;46,34537;;Lebanon_2010;549,35;4953,061;3787,791;-1,63;Eastern Mediterranean;;76,47;43,62;
Lebanon;2011;;90,42785;;;46,58109;;Lebanon_2011;574,302;5202,026;4014,066;-1,56;Eastern Mediterranean;;77,16;43,85;
Lebanon;2012;;90,88544;;;46,8168;;Lebanon_2012;607,879;5537,612;4308,525;-1,66;Eastern Mediterranean;;77,8;44,07;
Lebanon;2013;;91,34302;;;47,05251;;Lebanon_2013;644,202;5913,022;4631,9;-1,69;Eastern Mediterranean;;78,33;44,29;
Lebanon;2014;;91,80061;;;47,28822;;Lebanon_2014;675,369;6261,044;4927,91;-1,7;Eastern Mediterranean;;78,71;44,51;
Lebanon;2015;;92,25819;;;47,52393;;Lebanon_2015;695,996;6532,678;5155,483;-1,7;Eastern Mediterranean;;78,92;44,73;
Lebanon;2016;;92,6;;;47,7;;Lebanon_2016;704,804;6714,281;5301,864;-1,62;Eastern Mediterranean;0,78675;78,96;44,9;0,9591
Lebanon;2017;;92,6;;;47,7;;Lebanon_2017;703,805;6819,373;5378,552;-1,63;Eastern Mediterranean;;78,87;44,9;
Lesotho;2000;64,39188;67,46613;80,11857;;;;Lesotho_2000;1503,411;2032,804;365,288;0,1;Africa;;17,97;;
Lesotho;2001;64,08018;67,45876;80,91663;;;;Lesotho_2001;1507,504;2035,74;378,451;;Africa;;18,59;;
Lesotho;2002;63,76923;67,46555;81,7151;;;;Lesotho_2002;1510,496;2029,829;391,816;-0,05;Africa;;19,3;;
Lesotho;2003;63,45903;67,48666;82,51395;;;;Lesotho_2003;1512,665;2018,348;405,432;0,1;Africa;;20,09;;
Lesotho;2004;63,14956;67,52285;83,31319;;;;Lesotho_2004;1514,33;2005,94;419,398;0,36;Africa;;20,91;;
Lesotho;2005;62,84084;67,57364;84,11282;;;;Lesotho_2005;1515,794;1996,114;433,749;0,0;Africa;;21,73;;
Lesotho;2006;62,53285;67,63997;84,91286;;;;Lesotho_2006;1517,098;1989,939;448,564;-0,13;Africa;;22,54;;
Lesotho;2007;62,22562;67,69918;85,71327;;;;Lesotho_2007;1520,337;1986,922;461,95;-0,39;Africa;;23,25;;
Lesotho;2008;61,91912;67,77174;86,51408;;;;Lesotho_2008;1524,036;1987,129;475,894;-0,21;Africa;;23,95;;
Lesotho;2009;61,61337;67,85714;87,31529;;;;Lesotho_2009;1528,685;1990,131;490,524;0,33;Africa;;24,65;;
Lesotho;2010;61,30836;67,95634;88,11689;;;;Lesotho_2010;1534,536;1995,581;506,015;0,46;Africa;;25,36;;
Lesotho;2011;61,00409;68,06932;88,91888;;;;Lesotho_2011;1541,726;2003,788;522,44;0,38;Africa;;26,07;;
Lesotho;2012;60,70056;68,16004;89,72125;;;;Lesotho_2012;1552,732;2014,994;537,196;0,27;Africa;;26,66;;
Lesotho;2013;60,39778;68,26103;90,52402;;;;Lesotho_2013;1564,71;2028,53;552,651;0,34;Africa;;27,24;;
Lesotho;2014;60,09574;68,3727;91,32719;;;;Lesotho_2014;1577,102;2043,445;568,683;-0,33;Africa;;27,83;;
Lesotho;2015;59,79445;68,4955;92,13074;;;;Lesotho_2015;1589,499;2059,021;585,146;-0,31;Africa;;28,42;;
Lesotho;2016;59,49389;68,62891;92,93469;;;;Lesotho_2016;1601,793;2075,03;602,028;-0,24;Africa;44,35666;29,01;;0,6237
Lesotho;2017;59,32293;68,64994;92,95802;;;;Lesotho_2017;1614,034;2091,534;619,305;-0,19;Africa;;29,61;;
Liberia;2000;49,52876;62,1736;78,05245;;;;Liberia_2000;1605,791;2848,456;1278,731;-1,95;Africa;;44,89;;
Liberia;2001;50,50522;63,03995;78,56406;;;;Liberia_2001;1654,891;2953,927;1336,241;;Africa;;45,24;;
Liberia;2002;51,48169;63,90367;79,07566;;;;Liberia_2002;1684,052;3024,729;1378,811;-2,19;Africa;;45,58;;
Liberia;2003;52,45815;64,76419;79,58727;;;;Liberia_2003;1702,673;3077,058;1413,56;-2,16;Africa;;45,94;;
Liberia;2004;53,43462;65,62178;80,09887;;;;Liberia_2004;1724,596;3135,651;1451,818;-1,37;Africa;;46,3;;
Liberia;2005;54,41108;66,47617;80,61047;;;;Liberia_2005;1759,411;3218,116;1501,819;-1,36;Africa;;46,67;;
Liberia;2006;55,09673;67,05872;80,87912;;;;Liberia_2006;1809,583;3329,211;1566,255;-1,33;Africa;;47,05;;
Liberia;2007;55,77211;67,63177;81,1447;;;;Liberia_2007;1870,927;3461,911;1642,005;-1,24;Africa;;47,43;;
Liberia;2008;56,43725;68,19511;81,40722;;;;Liberia_2008;1938,155;3607,86;1724,838;-1,29;Africa;;47,81;;
Liberia;2009;57,09213;68,75152;81,66667;;;;Liberia_2009;2003,149;3754,133;1808,379;-1,05;Africa;;48,17;;
Liberia;2010;57,73676;69,30095;81,92306;;;;Liberia_2010;2060,392;3891,356;1887,733;-0,47;Africa;;48,51;;
Liberia;2011;58,37112;69,84359;82,17638;;;;Liberia_2011;2108,635;4017,443;1961,532;-0,43;Africa;;48,83;;
Liberia;2012;58,99524;70,37892;82,42664;;;;Liberia_2012;2150,015;4135,659;2031,548;-0,48;Africa;;49,12;;
Liberia;2013;59,60911;70,90736;82,67384;;;;Liberia_2013;2186,655;4248,334;2099,636;-0,48;Africa;;49,42;;
Liberia;2014;60,21272;71,42843;82,91796;;;;Liberia_2014;2221,838;4359,506;2168,899;-0,62;Africa;;49,75;;
Liberia;2015;60,80607;71,94231;83,15903;;;;Liberia_2015;2257,906;4472,23;2241,715;-0,82;Africa;;50,13;;
Liberia;2016;61,38917;72,44901;83,39703;;;;Liberia_2016;2295,213;4586,787;2318,61;-0,44;Africa;41,54313;50,55;;0,6567
Liberia;2017;61,96202;72,94803;83,63197;;;;Liberia_2017;2332,953;4702,226;2398,953;-0,36;Africa;;51,02;;
Libya;2000;;84,29737;;;;;Libya_2000;1264,648;5357,891;4091,103;-0,3;Eastern Mediterranean;;76,36;;
Libya;2001;;85,18684;;;;;Libya_2001;1278,407;5443,248;4162,159;;Eastern Mediterranean;;76,46;;
Libya;2002;;86,07632;;;;;Libya_2002;1291,813;5531,089;4235,702;-0,1;Eastern Mediterranean;;76,58;;
Libya;2003;;86,96579;;;;;Libya_2003;1304,684;5620,547;4311,268;0,12;Eastern Mediterranean;;76,71;;
Libya;2004;;87,85526;;;;;Libya_2004;1316,735;5710,154;4388,024;0,36;Eastern Mediterranean;;76,85;;
Libya;2005;;88,74474;;;;;Libya_2005;1327,659;5798,614;4465,029;0,45;Eastern Mediterranean;;77,0;;
Libya;2006;;89,63421;;;;;Libya_2006;1337,827;5886,872;4543,608;0,36;Eastern Mediterranean;;77,18;;
Libya;2007;;90,52368;;;;;Libya_2007;1347,074;5974,787;4623,288;0,75;Eastern Mediterranean;;77,38;;
Libya;2008;;91,41315;;;;;Libya_2008;1353,957;6058,748;4699,121;0,81;Eastern Mediterranean;;77,56;;
Libya;2009;;92,30264;;;;;Libya_2009;1356,609;6133,984;4764,444;0,83;Eastern Mediterranean;;77,67;;
Libya;2010;;93,19211;;;;;Libya_2010;1353,986;6197,663;4815,154;0,03;Eastern Mediterranean;;77,69;;
Libya;2011;;94,08158;;;;;Libya_2011;1345,388;6247,439;4848,113;-1,29;Eastern Mediterranean;;77,6;;
Libya;2012;;94,97105;;;;;Libya_2012;1331,872;6285,748;4866,386;-1,59;Eastern Mediterranean;;77,42;;
Libya;2013;;95,86053;;;;;Libya_2013;1316,263;6320,36;4879,707;-1,84;Eastern Mediterranean;;77,21;;
Libya;2014;;96,75;;;;;Libya_2014;1302,302;6362,037;4901,806;-2,35;Eastern Mediterranean;;77,05;;
Libya;2015;;97,63947;;;;;Libya_2015;1292,476;6418,315;4942,479;-2,2;Eastern Mediterranean;;77,01;;
Libya;2016;;98,52895;;;;;Libya_2016;1287,595;6492,162;5005,658;-2,28;Eastern Mediterranean;0,5827;77,1;;0,9898
Libya;2017;;98,52895;;;;;Libya_2017;1286,565;6580,724;5088,051;-2,36;Eastern Mediterranean;;77,32;;
Lithuania;2000;75,397;89,66957;96,70378;;68,65453;;Lithuania_2000;1156,103;3501,839;2345,732;0,42;Europe;;66,99;21,02;
Lithuania;2001;76,41843;90,11673;96,8884;;68,99689;;Lithuania_2001;1149,12;3473,625;2324,497;;Europe;;66,92;21,12;
Lithuania;2002;77,43987;90,56031;97,07301;;69,33652;;Lithuania_2002;1142,699;3444,763;2302,055;0,89;Europe;;66,83;21,22;
Lithuania;2003;78,4613;91,00541;97,25762;;69,6773;;Lithuania_2003;1135,717;3414,365;2278,635;1,05;Europe;;66,74;21,33;
Lithuania;2004;79,48273;91,45203;97,44224;;71,37566;;Lithuania_2004;1127,745;3381,131;2253,373;0,77;Europe;;66,65;20,08;
Lithuania;2005;80,50417;91,91387;97,62685;;73,09937;;Lithuania_2005;1115,801;3344,268;2228,451;0,78;Europe;;66,63;18,81;
Lithuania;2006;81,5256;92,38925;97,81147;;74,84776;;Lithuania_2006;1099,915;3303,335;2203,756;0,87;Europe;;66,71;17,54;
Lithuania;2007;82,54703;92,86344;97,99608;;76,60926;;Lithuania_2007;1083,093;3258,98;2176,998;0,82;Europe;;66,8;16,25;
Lithuania;2008;83,56846;93,33645;98,18069;;78,38383;;Lithuania_2008;1065,707;3212,865;2148,92;0,75;Europe;;66,88;14,95;
Lithuania;2009;84,58989;93,79765;98,36531;;80,16235;;Lithuania_2009;1050,712;3167,265;2118,06;0,63;Europe;;66,87;13,64;
Lithuania;2010;85,61133;94,24874;98,54992;;81,94576;;Lithuania_2010;1038,457;3123,816;2085,346;0,72;Europe;;66,76;12,3;
Lithuania;2011;86,63276;94,70961;98,73454;;83,75119;;Lithuania_2011;1024,337;3083,403;2055,544;0,67;Europe;;66,66;10,96;
Lithuania;2012;87,65419;95,18639;98,91915;;85,5846;;Lithuania_2012;1006,428;3045,561;2030,818;0,79;Europe;;66,68;9,6;
Lithuania;2013;88,67562;95,66102;99,10376;;87,43019;;Lithuania_2013;989,541;3008,934;2007,793;0,96;Europe;;66,73;8,23;
Lithuania;2014;89,69705;96,1336;99,28838;;89,28796;;Lithuania_2014;974,207;2971,497;1987,639;0,74;Europe;;66,89;6,85;
Lithuania;2015;90,71848;96,60413;99,47299;;91,15781;;Lithuania_2015;960,792;2931,88;1971,134;0,76;Europe;;67,23;5,45;
Lithuania;2016;91,73991;97,07375;99,6576;;91,60094;;Lithuania_2016;949,079;2889,557;1959,17;0,83;Europe;0,08078;67,8;5,47;0,985
Lithuania;2017;92,76134;97,54207;99,84222;;92,04286;;Lithuania_2017;938,898;2845,414;1951,399;0,78;Europe;;68,58;5,5;
Luxembourg;2000;100,0;100,0;100,0;100,0;100,0;100,0;Luxembourg_2000;68,834;436,103;367,269;1,61;Europe;;84,22;0,0;
Luxembourg;2001;100,0;100,0;100,0;100,0;100,0;100,0;Luxembourg_2001;66,722;440,198;373,476;;Europe;;84,84;0,0;
Luxembourg;2002;100,0;100,0;100,0;100,0;100,0;100,0;Luxembourg_2002;65,234;443,726;378,492;1,64;Europe;;85,3;0,0;
Luxembourg;2003;100,0;100,0;100,0;100,0;100,0;100,0;Luxembourg_2003;63,775;447,322;383,547;1,44;Europe;;85,74;0,0;
Luxembourg;2004;100,0;100,0;100,0;100,0;100,0;100,0;Luxembourg_2004;62,457;451,819;389,362;1,32;Europe;;86,18;0,0;
Luxembourg;2005;100,0;100,0;100,0;100,0;100,0;100,0;Luxembourg_2005;61,36;457,842;396,482;1,33;Europe;;86,6;0,0;
Luxembourg;2006;100,0;100,0;100,0;100,0;100,0;100,0;Luxembourg_2006;60,48;465,61;405,074;1,4;Europe;;87,0;0,0;
Luxembourg;2007;100,0;100,0;100,0;100,0;100,0;100,0;Luxembourg_2007;59,77;474,915;414,952;1,48;Europe;;87,37;0,0;
Luxembourg;2008;100,0;100,0;100,0;100,0;100,0;100,0;Luxembourg_2008;59,185;485,405;425,92;1,51;Europe;;87,75;0,0;
Luxembourg;2009;100,0;100,0;100,0;100,0;100,0;100,0;Luxembourg_2009;58,668;496,527;437,611;1,45;Europe;;88,13;0,0;
Luxembourg;2010;100,0;100,0;100,0;100,0;100,0;100,0;Luxembourg_2010;58,167;507,889;449,722;1,46;Europe;;88,55;0,0;
Luxembourg;2011;100,0;100,0;100,0;100,0;100,0;100,0;Luxembourg_2011;57,681;519,307;462,26;1,32;Europe;;89,01;0,0;
Luxembourg;2012;99,88095;99,9872;100,0;99,58131;99,95499;100,0;Luxembourg_2012;57,239;530,857;475,148;1,33;Europe;;89,51;0,03;
Luxembourg;2013;99,66666;99,96525;100,0;99,06866;99,9029;100,0;Luxembourg_2013;56,792;542,56;487,929;1,34;Europe;;89,93;0,06;
Luxembourg;2014;99,45238;99,9446;100,0;98,55731;99,85406;100,0;Luxembourg_2014;56,277;554,516;500,039;1,38;Europe;;90,18;0,09;
Luxembourg;2015;99,2381;99,92517;100,0;98,04724;99,80822;100,0;Luxembourg_2015;55,66;566,741;511,081;1,44;Europe;;90,18;0,12;
Luxembourg;2016;99,02381;99,90687;100,0;97,53845;99,76517;100,0;Luxembourg_2016;54,927;579,264;520,82;1,42;Europe;0,0485;89,91;0,14;0,9993
Luxembourg;2017;98,80952;99,8896;100,0;97,03095;99,72468;100,0;Luxembourg_2017;54,103;591,91;529,352;1,33;Europe;;89,43;0,16;
Madagascar;2000;23,79181;35,76851;67,95206;;;;Madagascar_2000;11490,635;15766,806;4276,171;0,16;Africa;;27,12;;
Madagascar;2001;24,48637;36,67054;68,96873;;;;Madagascar_2001;11806,896;16260,932;4454,036;;Africa;;27,39;;
Madagascar;2002;25,18631;37,58027;69,98968;;;;Madagascar_2002;12127,427;16765,117;4637,69;-0,23;Africa;;27,66;;
Madagascar;2003;25,89164;38,49727;71,01488;;;;Madagascar_2003;12452,023;17279,141;4827,118;0,62;Africa;;27,94;;
Madagascar;2004;26,60235;39,42199;72,04436;;;;Madagascar_2004;12780,505;17802,997;5022,492;0,24;Africa;;28,21;;
Madagascar;2005;27,31844;40,50362;73,07809;;;;Madagascar_2005;13053,181;18336,724;5283,543;-0,02;Africa;;28,81;;
Madagascar;2006;28,03991;41,59783;74,11609;;;;Madagascar_2006;13324,762;18880,269;5555,506;0,18;Africa;;29,42;;
Madagascar;2007;28,76677;42,70419;75,15836;;;;Madagascar_2007;13595,04;19433,53;5838,483;0,09;Africa;;30,04;;
Madagascar;2008;29,499;43,8237;76,20489;;;;Madagascar_2008;13863,552;19996,473;6132,917;-0,47;Africa;;30,67;;
Madagascar;2009;30,23662;44,95406;77,25568;;;;Madagascar_2009;14130,85;20569,117;6438,271;-0,73;Africa;;31,3;;
Madagascar;2010;30,97962;46,09624;78,31075;;;;Madagascar_2010;14396,303;21151,64;6755,337;-0,98;Africa;;31,94;;
Madagascar;2011;31,72801;47,24979;79,37007;;;;Madagascar_2011;14659,814;21743,967;7084,135;-0,71;Africa;;32,58;;
Madagascar;2012;32,48177;48,41475;80,43366;;;;Madagascar_2012;14921,525;22346,645;7425,048;-0,54;Africa;;33,23;;
Madagascar;2013;33,24092;49,59065;81,50152;;;;Madagascar_2013;15182,304;22961,255;7778,842;-0,66;Africa;;33,88;;
Madagascar;2014;34,00546;50,77799;82,57365;;;;Madagascar_2014;15443,315;23589,888;8146,486;-0,56;Africa;;34,53;;
Madagascar;2015;34,77537;51,97583;83,65003;;;;Madagascar_2015;15705,295;24234,088;8528,793;-0,43;Africa;;35,19;;
Madagascar;2016;35,55066;53,18465;84,73068;;;;Madagascar_2016;15968,305;24894,37;8926,246;-0,29;Africa;30,23168;35,86;;0,6163
Madagascar;2017;36,33134;54,40398;85,8156;;;;Madagascar_2017;16231,87;25570,512;9339,025;-0,3;Africa;;36,52;;
Malawi;2000;47,28716;52,94207;85,99291;;;;Malawi_2000;9714,122;11148,758;1662,05;-0,33;Africa;;14,91;;
Malawi;2001;48,36654;53,89622;85,98857;;;;Malawi_2001;9976,835;11432,0;1719,028;;Africa;;15,04;;
Malawi;2002;49,44431;54,84702;85,98365;;;;Malawi_2002;10237,35;11713,664;1776,361;0,0;Africa;;15,16;;
Malawi;2003;50,52048;55,79481;85,97816;;;;Malawi_2003;10501,614;12000,181;1835,073;0,04;Africa;;15,29;;
Malawi;2004;51,59505;56,73922;85,97208;;;;Malawi_2004;10779,157;12301,838;1896,881;0,12;Africa;;15,42;;
Malawi;2005;52,66801;57,6806;85,96542;;;;Malawi_2005;11076,729;12625,952;1962,982;0,1;Africa;;15,55;;
Malawi;2006;53,73937;58,61859;85,95818;;;;Malawi_2006;11395,534;12973,699;2033,728;0,12;Africa;;15,68;;
Malawi;2007;54,80914;59,5535;85,95036;;;;Malawi_2007;11732,355;13341,806;2108,614;0,08;Africa;;15,8;;
Malawi;2008;55,87729;60,485;85,94196;;;;Malawi_2008;12084,063;13727,89;2187,171;-0,06;Africa;;15,93;;
Malawi;2009;56,94385;61,41658;85,93298;;;;Malawi_2009;12444,33;14128,155;2270,272;0,05;Africa;;16,07;;
Malawi;2010;58,0088;62,34785;85,92342;;;;Malawi_2010;12809,514;14539,612;2357,581;0,04;Africa;;16,21;;
Malawi;2011;59,07215;63,27869;85,91327;;;;Malawi_2011;13178,48;14962,115;2449,138;-0,07;Africa;;16,37;;
Malawi;2012;60,1339;64,20844;85,90255;;;;Malawi_2012;13551,942;15396,015;2545,363;0,0;Africa;;16,53;;
Malawi;2013;61,19404;65,1372;85,89125;;;;Malawi_2013;13930,476;15839,286;2646,671;-0,21;Africa;;16,71;;
Malawi;2014;62,25259;66,06406;85,87936;;;;Malawi_2014;14315,223;16289,552;2753,615;0,08;Africa;;16,9;;
Malawi;2015;63,30953;66,98931;85,86691;;;;Malawi_2015;14706,907;16745,303;2866,7;0,03;Africa;;17,12;;
Malawi;2016;64,36487;67,91184;85,85386;;;;Malawi_2016;15105,299;17205,261;2986,276;-0,11;Africa;28,29031;17,36;;0,6996
Malawi;2017;65,4186;68,83188;85,84023;;;;Malawi_2017;15509,514;17670,196;3112,59;-0,25;Africa;;17,61;;
Malaysia;2000;94,1064;97,36629;99,36623;;93,02483;;Malaysia_2000;8815,954;23194,257;14369,654;0,09;Western Pacific;;61,95;4,34;
Malaysia;2001;94,1064;97,41599;99,36623;;93,13538;;Malaysia_2001;8787,057;23709,119;14911,85;;Western Pacific;;62,89;4,28;
Malaysia;2002;93,80833;97,34638;99,34901;;93,13565;;Malaysia_2002;8746,392;24208,391;15452,419;0,54;Western Pacific;;63,83;4,21;
Malaysia;2003;93,51025;97,28144;99,33179;;93,13946;;Malaysia_2003;8695,421;24698,819;15993,282;0,49;Western Pacific;;64,75;4,14;
Malaysia;2004;93,21217;97,22108;99,31458;;93,14672;;Malaysia_2004;8636,297;25190,652;16537,812;0,35;Western Pacific;;65,65;4,07;
Malaysia;2005;92,91409;97,16496;99,29736;;93,15688;;Malaysia_2005;8571,839;25690,611;17087,554;0,56;Western Pacific;;66,51;4,01;
Malaysia;2006;92,61601;97,11317;99,28014;;93,17019;;Malaysia_2006;8501,085;26201,961;17642,481;0,29;Western Pacific;;67,33;3,94;
Malaysia;2007;92,31793;97,06552;99,26292;;93,18643;;Malaysia_2007;8424,428;26720,37;18201,417;0,19;Western Pacific;;68,12;3,88;
Malaysia;2008;92,01986;97,02195;99,2457;;93,20554;;Malaysia_2008;8343,387;27236,006;18767,682;0,11;Western Pacific;;68,91;3,82;
Malaysia;2009;91,72178;96,9821;99,22848;;93,22699;;Malaysia_2009;8260,981;27735,04;19344,402;-0,04;Western Pacific;;69,75;3,76;
Malaysia;2010;91,42371;96,94601;99,21126;;93,25095;;Malaysia_2010;8177,34;28208,035;19934,949;0,14;Western Pacific;;70,67;3,7;
Malaysia;2011;91,12563;96,90334;99,19405;;93,25924;;Malaysia_2011;8129,924;28650,959;20505,204;0,08;Western Pacific;;71,57;3,64;
Malaysia;2012;90,82755;96,86199;99,17683;;93,26659;;Malaysia_2012;8087,429;29068,189;21083,027;-0,01;Western Pacific;;72,53;3,6;
Malaysia;2013;90,52947;96,82343;99,15961;;93,2757;;Malaysia_2013;8041,475;29468,923;21665,249;0,05;Western Pacific;;73,52;3,55;
Malaysia;2014;90,23139;96,78783;99,14239;;93,28694;;Malaysia_2014;7987,242;29866,603;22240,775;0,27;Western Pacific;;74,47;3,5;
Malaysia;2015;89,93331;96,75487;99,12517;;93,29981;;Malaysia_2015;7922,592;30270,962;22800,563;0,26;Western Pacific;;75,32;3,46;
Malaysia;2016;89,63524;96,72462;99,10795;;93,31452;;Malaysia_2016;7846,716;30684,654;23340,549;0,14;Western Pacific;0,41999;76,07;3,41;0,9816
Malaysia;2017;89,33716;96,69594;99,09073;;93,32928;;Malaysia_2017;7764,814;31104,646;23859,45;0,12;Western Pacific;;76,71;3,37;
Maldives;2000;90,41175;92,49741;97,93958;;;;Maldives_2000;202,701;279,398;77,683;1,18;South-East Asia;;27,8;;
Maldives;2001;91,01949;93,02065;97,95375;;;;Maldives_2001;204,194;286,306;82,833;;South-East Asia;;28,93;;
Maldives;2002;91,62723;93,5321;97,96792;;;;Maldives_2002;205,915;294,186;88,426;1,08;South-East Asia;;30,06;;
Maldives;2003;92,23497;94,03106;97,98209;;;;Maldives_2003;207,762;302,683;94,447;1,03;South-East Asia;;31,2;;
Maldives;2004;92,8427;94,51709;97,99625;;;;Maldives_2004;209,566;311,265;100,857;0,5;South-East Asia;;32,4;;
Maldives;2005;93,45045;94,98944;98,01042;;;;Maldives_2005;211,23;319,608;107,606;0,81;South-East Asia;;33,67;;
Maldives;2006;94,05819;95,43826;98,02459;;;;Maldives_2006;213,467;327,487;113,904;0,76;South-East Asia;;34,78;;
Maldives;2007;94,66592;95,85316;98,03876;;;;Maldives_2007;217,772;335,169;118,298;0,08;South-East Asia;;35,3;;
Maldives;2008;95,29461;96,28121;98,0652;;;;Maldives_2008;222,18;343,452;122,874;-0,16;South-East Asia;;35,78;;
Maldives;2009;95,92355;96,70452;98,09164;;;;Maldives_2009;226,807;353,398;127,694;-0,23;South-East Asia;;36,13;;
Maldives;2010;96,55276;97,12308;98,11809;;;;Maldives_2010;231,706;365,734;132,805;-0,17;South-East Asia;;36,31;;
Maldives;2011;97,18224;97,53684;98,14454;;;;Maldives_2011;236,899;380,495;138,232;-0,24;South-East Asia;;36,33;;
Maldives;2012;97,81199;97,94578;98,171;;;;Maldives_2012;242,277;397,237;143,926;-0,37;South-East Asia;;36,23;;
Maldives;2013;98,442;98,34985;98,19746;;;;Maldives_2013;247,637;415,593;149,76;0,13;South-East Asia;;36,04;;
Maldives;2014;99,07228;98,749;98,22392;;;;Maldives_2014;252,679;435,015;155,568;0,68;South-East Asia;;35,76;;
Maldives;2015;99,70283;99,14322;98,25038;;;;Maldives_2015;257,196;454,915;161,207;0,42;South-East Asia;;35,44;;
Maldives;2016;99,85331;99,23921;98,27685;;;;Maldives_2016;261,129;475,512;166,627;0,42;South-East Asia;0,30585;35,04;;0,9947
Maldives;2017;99,87521;99,2562;98,30332;;;;Maldives_2017;264,503;496,402;171,827;0,23;South-East Asia;;34,61;;
Mali;2000;37,84997;48,74513;76,27275;;;;Mali_2000;7857,672;10946,445;3110,018;0,24;Africa;;28,41;;
Mali;2001;39,4395;50,45309;77,31945;;;;Mali_2001;8009,704;11271,6;3283,554;;Africa;;29,13;;
Mali;2002;41,16647;52,22511;78,26852;;;;Mali_2002;8169,81;11616,887;3469,119;0,41;Africa;;29,86;;
Mali;2003;42,90409;53,99598;79,21498;;;;Mali_2003;8337,868;11982,695;3667,26;0,26;Africa;;30,6;;
Mali;2004;44,65236;55,76588;80,15883;;;;Mali_2004;8513,241;12369,07;3878,665;0,45;Africa;;31,36;;
Mali;2005;46,41127;57,53251;81,10007;;;;Mali_2005;8695,429;12775,516;4103,334;0,18;Africa;;32,12;;
Mali;2006;48,18084;59,29706;82,03871;;;;Mali_2006;8884,418;13203,378;4342,646;0,41;Africa;;32,89;;
Mali;2007;49,96106;61,05762;82,97474;;;;Mali_2007;9078,96;13651,464;4596,646;0,23;Africa;;33,67;;
Mali;2008;51,75193;62,81464;83,90816;;;;Mali_2008;9274,295;14113,577;4863,921;0,21;Africa;;34,46;;
Mali;2009;53,55345;64,56595;84,83897;;;;Mali_2009;9465,102;14581,429;5141,495;-0,08;Africa;;35,26;;
Mali;2010;55,36562;66,30988;85,76717;;;;Mali_2010;9648,158;15049,353;5426,927;-0,18;Africa;;36,06;;
Mali;2011;57,18843;68,04574;86,69277;;;;Mali_2011;9822,006;15514,59;5718,983;-0,71;Africa;;36,86;;
Mali;2012;59,0219;69,7729;87,61576;;;;Mali_2012;9988,283;15979,496;6018,387;-2,03;Africa;;37,66;;
Mali;2013;60,86602;71,49079;88,53614;;;;Mali_2013;10150,619;16449,854;6327,199;-1,72;Africa;;38,46;;
Mali;2014;62,72079;73,1991;89,45391;;;;Mali_2014;10314,127;16934,214;6648,719;-1,71;Africa;;39,26;;
Mali;2015;64,5862;74,89703;90,36907;;;;Mali_2015;10482,312;17438,778;6985,593;-1,69;Africa;;40,06;;
Mali;2016;66,46227;76,58435;91,28163;;;;Mali_2016;10655,945;17965,443;7338,892;-1,62;Africa;70,7214;40,85;;0,533
Mali;2017;68,34898;78,26083;92,19158;;;;Mali_2017;10833,712;18512,43;7708,268;-1,91;Africa;;41,64;;
Malta;2000;100,0;100,0;100,0;;100,0;;Malta_2000;30,274;393,645;366,394;1,59;Europe;;93,08;0,0;
Malta;2001;100,0;100,0;100,0;;100,0;;Malta_2001;29,376;396,328;369,779;;Europe;;93,3;0,0;
Malta;2002;100,0;100,0;100,0;;100,0;;Malta_2002;28,474;398,718;372,829;1,6;Europe;;93,51;0,0;
Malta;2003;100,0;100,0;100,0;;100,0;;Malta_2003;27,58;400,859;375,631;1,55;Europe;;93,71;0,0;
Malta;2004;100,0;100,0;100,0;;100,0;;Malta_2004;26,703;402,817;378,304;1,32;Europe;;93,91;0,0;
Malta;2005;100,0;100,0;100,0;;100,0;;Malta_2005;25,851;404,653;380,936;1,38;Europe;;94,14;0,0;
Malta;2006;100,0;100,0;100,0;;100,0;;Malta_2006;25,398;406,328;383,165;1,23;Europe;;94,3;0,0;
Malta;2007;100,0;100,0;100,0;;100,0;;Malta_2007;25,207;407,852;385,117;1,27;Europe;;94,43;0,0;
Malta;2008;100,0;100,0;100,0;;100,0;;Malta_2008;25,019;409,491;387,109;1,27;Europe;;94,53;0,0;
Malta;2009;100,0;100,0;100,0;;100,0;;Malta_2009;24,84;411,552;389,205;1,25;Europe;;94,57;0,0;
Malta;2010;100,0;100,0;100,0;;100,0;;Malta_2010;24,669;414,253;391,441;1,25;Europe;;94,49;0,0;
Malta;2011;100,0;100,0;100,0;;100,0;;Malta_2011;24,51;417,714;393,857;1,06;Europe;;94,29;0,0;
Malta;2012;100,0;100,0;100,0;;100,0;;Malta_2012;24,36;421,809;396,429;1,07;Europe;;93,98;0,0;
Malta;2013;100,0;100,0;100,0;;100,0;;Malta_2013;24,213;426,151;399,033;1,04;Europe;;93,64;0,0;
Malta;2014;100,0;100,0;100,0;;100,0;;Malta_2014;24,058;430,197;401,512;1,13;Europe;;93,33;0,0;
Malta;2015;100,0;100,0;100,0;;100,0;;Malta_2015;23,888;433,559;403,728;1,06;Europe;;93,12;0,0;
Malta;2016;100,0;100,0;100,0;;100,0;;Malta_2016;23,701;436,097;405,661;1,08;Europe;0,03337;93,02;0,0;0,9999
Malta;2017;100,0;100,0;100,0;;100,0;;Malta_2017;23,498;437,933;407,337;1,25;Europe;;93,01;0,0;
Marshall Islands;2001;99,26;76,94551;66,96743;;;;Marshall Islands_2001;16,124;51,422;36,059;;Western Pacific;;70,12;;
Marshall Islands;2002;99,26;76,77856;66,96743;;;;Marshall Islands_2002;15,847;52,37;36,311;;Western Pacific;;69,34;;
Marshall Islands;2003;99,26;76,61322;66,96743;;;;Marshall Islands_2003;15,567;53,456;36,549;1,17;Western Pacific;;68,37;;
Marshall Islands;2004;99,26;76,44949;66,96743;;;;Marshall Islands_2004;15,29;54,476;36,784;1,13;Western Pacific;;67,52;;
Marshall Islands;2005;99,26;76,28771;66,96743;;;;Marshall Islands_2005;15,024;55,258;37,031;1,07;Western Pacific;;67,01;;
Marshall Islands;2006;99,3;77,29887;68,58719;;;;Marshall Islands_2006;14,772;55,767;37,306;1,04;Western Pacific;;66,9;;
Marshall Islands;2007;99,04198;78,24762;70,21138;;;;Marshall Islands_2007;14,533;56,051;37,604;1,08;Western Pacific;;67,09;;
Marshall Islands;2008;98,57502;79,16193;71,84001;;;;Marshall Islands_2008;14,301;56,174;37,917;1,01;Western Pacific;;67,5;;
Marshall Islands;2009;98,10766;80,1015;73,47308;;;;Marshall Islands_2009;14,078;56,25;38,242;1,38;Western Pacific;;67,99;;
Marshall Islands;2010;97,63988;81,06553;75,11058;;;;Marshall Islands_2010;13,857;56,366;38,568;1,15;Western Pacific;;68,42;;
Marshall Islands;2011;97,1717;82,05375;76,75253;;;;Marshall Islands_2011;13,641;56,531;38,901;1,06;Western Pacific;;68,81;;
Marshall Islands;2012;96,70311;83,06684;78,39891;;;;Marshall Islands_2012;13,43;56,717;39,233;1,03;Western Pacific;;69,17;;
Marshall Islands;2013;96,23412;84,10457;80,04973;;;;Marshall Islands_2013;13,227;56,938;39,566;1,05;Western Pacific;;69,49;;
Marshall Islands;2014;95,76471;85,16592;81,70499;;;;Marshall Islands_2014;13,021;57,179;39,877;0,99;Western Pacific;;69,74;;
Marshall Islands;2015;95,29489;86,25048;83,36468;;;;Marshall Islands_2015;12,819;57,439;40,175;0,92;Western Pacific;;69,94;;
Marshall Islands;2016;94,82467;87,35748;85,02882;;;;Marshall Islands_2016;12,615;57,735;40,451;0,21;Western Pacific;;70,06;;
Marshall Islands;2017;94,35404;88,48643;86,69739;;;;Marshall Islands_2017;12,413;58,058;40,714;0,87;Western Pacific;;70,13;;
Mauritania;2000;25,01969;40,99553;66,96094;;;;Mauritania_2000;1677,325;2630,219;1032,034;0,34;Africa;;39,24;;
Mauritania;2001;26,15722;42,01621;67,22565;;;;Mauritania_2001;1713,052;2702,4;1077,677;;Africa;;39,88;;
Mauritania;2002;27,50834;43,708;68,54092;;;;Mauritania_2002;1738,864;2778,099;1134,364;0,38;Africa;;40,83;;
Mauritania;2003;28,87725;45,41598;69,86441;;;;Mauritania_2003;1763,883;2857,148;1193,234;0,06;Africa;;41,76;;
Mauritania;2004;30,26398;47,1399;71,19615;;;;Mauritania_2004;1788,286;2939,247;1254,537;-0,17;Africa;;42,68;;
Mauritania;2005;31,6685;48,87827;72,53613;;;;Mauritania_2005;1812,352;3024,194;1318,368;-0,23;Africa;;43,59;;
Mauritania;2006;33,09082;50,63122;73,88435;;;;Mauritania_2006;1835,828;3111,906;1384,825;0,24;Africa;;44,5;;
Mauritania;2007;34,53095;52,39851;75,24081;;;;Mauritania_2007;1858,724;3202,517;1453,941;-0,28;Africa;;45,4;;
Mauritania;2008;35,98888;54,18026;76,60551;;;;Mauritania_2008;1881,382;3296,238;1526,159;-0,64;Africa;;46,3;;
Mauritania;2009;37,46461;55,97377;77,97846;;;;Mauritania_2009;1904,408;3393,409;1601,88;-0,88;Africa;;47,21;;
Mauritania;2010;38,95814;57,78039;79,35964;;;;Mauritania_2010;1927,922;3494,195;1681,621;-1,08;Africa;;48,13;;
Mauritania;2011;40,46947;59,59946;80,74907;;;;Mauritania_2011;1952,048;3598,648;1765,624;-1,17;Africa;;49,06;;
Mauritania;2012;41,99862;61,43031;82,14674;;;;Mauritania_2012;1976,397;3706,555;1853,842;-1,13;Africa;;50,02;;
Mauritania;2013;43,54556;63,27145;83,55265;;;;Mauritania_2013;2000,466;3817,494;1945,704;-1,01;Africa;;50,97;;
Mauritania;2014;45,1103;65,11945;84,9668;;;;Mauritania_2014;2023,713;3930,896;2040,207;-0,59;Africa;;51,9;;
Mauritania;2015;46,69284;66,9733;86,38919;;;;Mauritania_2015;2045,642;4046,301;2136,699;-0,64;Africa;;52,81;;
Mauritania;2016;48,29319;68,83202;87,81982;;;;Mauritania_2016;2066,106;4163,533;2234,912;-0,75;Africa;38,56949;53,68;;0,6533
Mauritania;2017;49,91134;70,69619;89,2587;;;;Mauritania_2017;2085,278;4282,57;2334,906;-0,63;Africa;;54,52;;
Mauritius;2000;98,92841;99,27978;99,75186;;;;Mauritius_2000;679,44;1185,145;505,705;0,76;Africa;;42,67;;
Mauritius;2001;98,99759;99,32417;99,76497;;;;Mauritius_2001;685,803;1193,917;508,114;;Africa;;42,56;;
Mauritius;2002;99,06676;99,3687;99,77808;;;;Mauritius_2002;691,683;1201,812;510,129;1,12;Africa;;42,45;;
Mauritius;2003;99,13593;99,41334;99,79119;;;;Mauritius_2003;697,168;1208,994;511,826;1,01;Africa;;42,33;;
Mauritius;2004;99,20511;99,45811;99,80431;;;;Mauritius_2004;702,381;1215,677;513,296;0,97;Africa;;42,22;;
Mauritius;2005;99,27428;99,50301;99,81742;;;;Mauritius_2005;707,398;1222,003;514,605;1,03;Africa;;42,11;;
Mauritius;2006;99,34346;99,54803;99,83053;;;;Mauritius_2006;712,296;1228,089;515,802;0,78;Africa;;42,0;;
Mauritius;2007;99,41264;99,59318;99,84364;;;;Mauritius_2007;717,043;1233,889;516,868;0,88;Africa;;41,89;;
Mauritius;2008;99,48181;99,63845;99,85676;;;;Mauritius_2008;721,553;1239,262;517,74;0,89;Africa;;41,78;;
Mauritius;2009;99,55098;99,68385;99,86987;;;;Mauritius_2009;725,69;1243,991;518,334;0,71;Africa;;41,67;;
Mauritius;2010;99,62016;99,72937;99,88298;;;;Mauritius_2010;729,371;1247,955;518,584;0,64;Africa;;41,55;;
Mauritius;2011;99,68933;99,77502;99,89609;;;;Mauritius_2011;732,554;1251,08;518,469;0,95;Africa;;41,44;;
Mauritius;2012;99,75851;99,82079;99,9092;;;;Mauritius_2012;735,323;1253,488;518,048;0,97;Africa;;41,33;;
Mauritius;2013;99,82768;99,86669;99,92232;;;;Mauritius_2013;737,839;1255,452;517,451;0,94;Africa;;41,22;;
Mauritius;2014;99,82768;99,86658;99,92232;;;;Mauritius_2014;740,367;1257,355;516,852;0,67;Africa;;41,11;;
Mauritius;2015;99,82768;99,86649;99,92232;;;;Mauritius_2015;743,079;1259,456;516,377;1,0;Africa;;41,0;;
Mauritius;2016;99,82768;99,86639;99,92232;;;;Mauritius_2016;745,793;1261,865;516,339;1,01;Africa;0,58845;40,92;;0,9965
Mauritius;2017;99,82768;99,86633;99,92232;;;;Mauritius_2017;748,44;1264,499;516,698;0,97;Africa;;40,86;;
Mexico;2000;73,13296;89,03966;94,4208;;38,90113;;Mexico_2000;25712,262;98899,845;76007,411;-0,2;Americas;;76,85;50,14;
Mexico;2001;74,7056;89,76392;94,77133;;39,1558;;Mexico_2001;25720,596;100298,153;77346,472;;Americas;;77,12;50,61;
Mexico;2002;76,29185;90,48326;95,1221;;39,40786;;Mexico_2002;25708,164;101684,758;78647,444;-0,06;Americas;;77,34;51,08;
Mexico;2003;77,89172;91,19765;95,47309;;39,65736;;Mexico_2003;25689,517;103081,02;79950,936;-0,12;Americas;;77,56;51,54;
Mexico;2004;79,50519;91,90723;95,82431;;39,90437;;Mexico_2004;25682,103;104514,932;81313,48;-0,21;Americas;;77,8;52,0;
Mexico;2005;81,13229;92,61166;96,17575;;40,14882;;Mexico_2005;25698,905;106005,203;82773,323;-0,45;Americas;;78,08;52,46;
Mexico;2006;82,77299;93,31108;96,52743;;40,39079;;Mexico_2006;25744,268;107560,153;84348,11;-0,64;Americas;;78,42;52,92;
Mexico;2007;84,42731;94,0054;96,87933;;40,63027;;Mexico_2007;25812,028;109170,502;86024,318;-0,73;Americas;;78,8;53,38;
Mexico;2008;86,0308;94,67805;97,22871;;40,8674;;Mexico_2008;25890,431;110815,271;87771,378;-0,8;Americas;;79,21;53,81;
Mexico;2009;87,20667;95,22182;97,54613;;41,10212;;Mexico_2009;25966,026;112463,887;89539,202;-0,69;Americas;;79,62;54,12;
Mexico;2010;88,38254;95,76019;97,86356;;41,3345;;Mexico_2010;26026,826;114092,963;91292,115;-0,73;Americas;;80,02;54,43;
Mexico;2011;89,5584;96,29357;98,18097;;41,56474;;Mexico_2011;26068,11;115695,473;93021,907;-0,67;Americas;;80,4;54,73;
Mexico;2012;90,73428;96,82172;98,49839;;41,79271;;Mexico_2012;26092,527;117274,155;94735,78;-0,66;Americas;;80,78;55,03;
Mexico;2013;91,91014;97,34483;98,8158;;42,01851;;Mexico_2013;26100,98;118827,161;96434,989;-0,71;Americas;;81,16;55,33;
Mexico;2014;93,08601;97,86288;99,13322;;42,24212;;Mexico_2014;26095,704;120355,128;98125,896;-0,85;Americas;;81,53;55,62;
Mexico;2015;94,26188;98,37579;99,45065;;42,46352;;Mexico_2015;26078,248;121858,258;99812,701;-0,8;Americas;;81,91;55,91;
Mexico;2016;95,43774;98,88368;99,76806;;42,68274;;Mexico_2016;26048,191;123333,376;101492,232;-0,63;Americas;1,05554;82,29;56,2;0,9892
Mexico;2017;96,61362;99,31822;100,0;;42,87031;;Mexico_2017;26004,525;124777,324;103158,751;-0,72;Americas;;82,67;56,45;
Micronesia (Federated States of);2000;;87,66875;;;;;Micronesia (Federated States of)_2000;83,442;107,402;23,99;;Western Pacific;;22,34;;
Micronesia (Federated States of);2001;;87,06194;;;;;Micronesia (Federated States of)_2001;83,235;107,173;23,93;;Western Pacific;;22,33;;
Micronesia (Federated States of);2002;;86,45512;;;;;Micronesia (Federated States of)_2002;83,094;107,03;23,889;;Western Pacific;;22,32;;
Micronesia (Federated States of);2003;;85,8483;;;;;Micronesia (Federated States of)_2003;82,964;106,901;23,852;0,63;Western Pacific;;22,31;;
Micronesia (Federated States of);2004;;85,24149;;;;;Micronesia (Federated States of)_2004;82,778;106,625;23,799;1,0;Western Pacific;;22,32;;
Micronesia (Federated States of);2005;;84,63467;;;;;Micronesia (Federated States of)_2005;82,482;106,129;23,714;1,13;Western Pacific;;22,34;;
Micronesia (Federated States of);2006;;84,02785;;;;;Micronesia (Federated States of)_2006;82,091;105,371;23,593;1,13;Western Pacific;;22,39;;
Micronesia (Federated States of);2007;;83,42103;;;;;Micronesia (Federated States of)_2007;81,627;104,444;23,451;1,15;Western Pacific;;22,45;;
Micronesia (Federated States of);2008;;82,81421;;;;;Micronesia (Federated States of)_2008;81,168;103,543;23,31;1,17;Western Pacific;;22,51;;
Micronesia (Federated States of);2009;;82,20739;;;;;Micronesia (Federated States of)_2009;80,772;102,975;23,188;1,29;Western Pacific;;22,52;;
Micronesia (Federated States of);2010;;81,60057;;;;;Micronesia (Federated States of)_2010;80,511;102,911;23,105;1,21;Western Pacific;;22,45;;
Micronesia (Federated States of);2011;;80,99375;;;;;Micronesia (Federated States of)_2011;80,39;103,45;23,078;1,1;Western Pacific;;22,31;;
Micronesia (Federated States of);2012;;80,38693;;;;;Micronesia (Federated States of)_2012;80,397;104,506;23,106;1,15;Western Pacific;;22,11;;
Micronesia (Federated States of);2013;;79,78011;;;;;Micronesia (Federated States of)_2013;80,519;105,926;23,183;1,1;Western Pacific;;21,89;;
Micronesia (Federated States of);2014;;79,17329;;;;;Micronesia (Federated States of)_2014;80,716;107,446;23,299;0,98;Western Pacific;;21,68;;
Micronesia (Federated States of);2015;;78,56648;;;;;Micronesia (Federated States of)_2015;80,981;108,895;23,452;1,04;Western Pacific;;21,54;;
Micronesia (Federated States of);2016;;78,56648;;;;;Micronesia (Federated States of)_2016;81,299;110,215;23,638;1,06;Western Pacific;3,56993;21,45;;0,8752
Micronesia (Federated States of);2017;;78,56648;;;;;Micronesia (Federated States of)_2017;81,683;111,459;23,861;1,18;Western Pacific;;21,41;;
Monaco;2000;;100,0;100,0;;100,0;100,0;Monaco_2000;0,0;32,147;32,082;;Europe;;99,8;0,0;
Monaco;2001;;100,0;100,0;;100,0;100,0;Monaco_2001;0,0;32,47;32,36;;Europe;;99,66;0,0;
Monaco;2002;;100,0;100,0;;100,0;100,0;Monaco_2002;0,0;32,806;32,629;;Europe;;99,46;0,0;
Monaco;2003;;100,0;100,0;;100,0;100,0;Monaco_2003;0,0;33,153;32,933;;Europe;;99,34;0,0;
Monaco;2004;;100,0;100,0;;100,0;100,0;Monaco_2004;0,0;33,5;33,314;;Europe;;99,44;0,0;
Monaco;2005;;100,0;100,0;;100,0;100,0;Monaco_2005;0,0;33,843;33,793;;Europe;;99,85;0,0;
Monaco;2006;;100,0;100,0;;100,0;100,0;Monaco_2006;0,0;34,19;34,408;;Europe;;100,0;0,0;
Monaco;2007;;100,0;100,0;;100,0;100,0;Monaco_2007;0,0;34,525;35,111;;Europe;;100,0;0,0;
Monaco;2008;;100,0;100,0;;100,0;100,0;Monaco_2008;0,0;34,872;35,853;;Europe;;100,0;0,0;
Monaco;2009;;100,0;100,0;;100,0;100,0;Monaco_2009;0,0;35,226;36,534;;Europe;;100,0;0,0;
Monaco;2010;;100,0;100,0;;100,0;100,0;Monaco_2010;0,0;35,612;37,094;;Europe;;100,0;0,0;
Monaco;2011;;100,0;100,0;;100,0;100,0;Monaco_2011;0,0;36,024;37,497;;Europe;;100,0;0,0;
Monaco;2012;;100,0;100,0;;100,0;100,0;Monaco_2012;0,0;36,46;37,783;;Europe;;100,0;0,0;
Monaco;2013;;100,0;100,0;;100,0;100,0;Monaco_2013;0,0;36,901;37,971;;Europe;;100,0;0,0;
Monaco;2014;;100,0;100,0;;100,0;100,0;Monaco_2014;0,0;37,322;38,132;;Europe;;100,0;0,0;
Monaco;2015;;100,0;100,0;;100,0;100,0;Monaco_2015;0,0;37,718;38,307;;Europe;;100,0;0,0;
Monaco;2016;;100,0;100,0;;100,0;100,0;Monaco_2016;0,0;38,07;38,499;;Europe;;100,0;0,0;
Monaco;2017;;100,0;100,0;;100,0;100,0;Monaco_2017;0,0;38,392;38,695;;Europe;;100,0;0,0;
Mongolia;2000;28,82148;61,81681;86,57327;;22,30304;;Mongolia_2000;1027,711;2397,418;1369,725;0,82;Western Pacific;;57,13;39,51;
Mongolia;2001;30,22339;63,36263;87,14214;;22,57371;;Mongolia_2001;1010,938;2419,588;1408,838;;Western Pacific;;58,23;40,79;
Mongolia;2002;31,65395;64,8989;87,71247;;22,83139;;Mongolia_2002;994,464;2443,271;1449,195;1,17;Western Pacific;;59,31;42,07;
Mongolia;2003;33,11315;66,42435;88,28425;;23,07528;;Mongolia_2003;978,385;2468,762;1490,901;0,96;Western Pacific;;60,39;43,35;
Mongolia;2004;34,60101;67,93781;88,85748;;23,30461;;Mongolia_2004;962,707;2496,391;1534,125;0,77;Western Pacific;;61,45;44,63;
Mongolia;2005;36,11752;69,43597;89,43216;;23,51735;;Mongolia_2005;947,564;2526,424;1578,882;0,88;Western Pacific;;62,49;45,92;
Mongolia;2006;37,66267;70,92046;90,00829;;23,71454;;Mongolia_2006;932,771;2558,856;1625,241;0,65;Western Pacific;;63,51;47,21;
Mongolia;2007;39,23648;72,3897;90,58587;;23,89521;;Mongolia_2007;918,387;2593,82;1673,283;0,67;Western Pacific;;64,51;48,49;
Mongolia;2008;40,83894;73,84321;91,16489;;24,05909;;Mongolia_2008;904,588;2631,898;1723,543;0,54;Western Pacific;;65,49;49,78;
Mongolia;2009;42,47005;75,27756;91,74538;;24,20415;;Mongolia_2009;891,731;2673,796;1776,558;0,61;Western Pacific;;66,44;51,07;
Mongolia;2010;44,1298;76,69541;92,3273;;24,33202;;Mongolia_2010;879,794;2719,896;1832,856;0,6;Western Pacific;;67,39;52,36;
Mongolia;2011;45,81821;77,82366;92,91068;;24,28315;;Mongolia_2011;884,714;2770,361;1876,802;0,61;Western Pacific;;67,75;53,54;
Mongolia;2012;47,53527;78,80202;93,49551;;24,14368;;Mongolia_2012;899,714;2824,698;1914,512;0,47;Western Pacific;;67,78;54,66;
Mongolia;2013;49,28097;79,78899;94,08179;;24,00721;;Mongolia_2013;915,345;2881,791;1953,762;0,49;Western Pacific;;67,8;55,78;
Mongolia;2014;51,05533;80,78407;94,66952;;23,87346;;Mongolia_2014;930,872;2940,108;1993,024;0,79;Western Pacific;;67,79;56,91;
Mongolia;2015;52,85834;81,7881;95,2587;;23,74289;;Mongolia_2015;945,754;2998,439;2031,123;0,72;Western Pacific;;67,74;58,05;
Mongolia;2016;54,68999;82,80058;95,84933;;23,61521;;Mongolia_2016;959,785;3056,364;2067,613;0,8;Western Pacific;1,28871;67,65;59,19;0,9077
Mongolia;2017;55,87467;83,31312;96,01107;;23,72208;;Mongolia_2017;973,037;3113,786;2102,61;0,79;Western Pacific;;67,53;59,59;
Montenegro;2006;94,24122;95,77116;96,67732;;83,4659;94,98647;Montenegro_2006;229,817;617,86;388,015;0,04;Europe;;62,8;12,31;
Montenegro;2007;94,44506;95,82231;96,62636;;84,98574;94,89124;Montenegro_2007;228,348;619,555;391,136;0,11;Europe;;63,13;10,84;
Montenegro;2008;94,64805;95,87126;96,57513;;86,48738;94,79566;Montenegro_2008;226,898;621,32;394,307;0,77;Europe;;63,46;9,38;
Montenegro;2009;94,85017;95,91797;96,52363;;87,97002;94,69975;Montenegro_2009;225,423;622,939;397,429;0,82;Europe;;63,8;7,95;
Montenegro;2010;95,05142;95,96249;96,47186;;89,12033;94,60347;Montenegro_2010;223,866;624,275;400,419;0,58;Europe;;64,14;6,84;
Montenegro;2011;95,25182;95,97439;96,37257;;89,80383;94,46053;Montenegro_2011;222,219;625,27;403,247;0,57;Europe;;64,49;6,17;
Montenegro;2012;95,45135;96,02908;96,34286;;90,52998;94,38571;Montenegro_2012;220,462;625,925;405,924;0,6;Europe;;64,85;5,5;
Montenegro;2013;95,65003;96,00826;96,2;;91,18702;94,2;Montenegro_2013;218,623;626,345;408,471;0,5;Europe;;65,22;4,82;
Montenegro;2014;96,78074;96,30699;96,05714;;91,84336;94,01428;Montenegro_2014;216,73;626,645;410,944;0,22;Europe;;65,58;4,46;
Montenegro;2015;99,27843;97,06462;95,91428;;92,49895;93,82858;Montenegro_2015;214,802;626,956;413,376;0,14;Europe;;65,93;4,57;
Montenegro;2016;99,27843;97,05335;95,91428;;93,04792;93,82858;Montenegro_2016;212,843;627,264;415,772;0,28;Europe;0,02545;66,28;4,01;0,9852
Montenegro;2017;99,27843;97,04205;95,91428;;93,59692;93,82858;Montenegro_2017;210,847;627,563;418,113;-0,06;Europe;;66,62;3,45;
Morocco;2000;28,33787;62,2984;92,01187;18,96111;54,77501;86,11006;Morocco_2000;13462,682;28793,679;15386,939;-0,07;Eastern Mediterranean;;53,44;7,52;
Morocco;2001;30,2969;63,51545;92,2002;20,27191;55,69656;86,28631;Morocco_2001;13522,209;29126,33;15659,623;;Eastern Mediterranean;;53,76;7,82;
Morocco;2002;32,65393;64,96165;92,4941;21,58271;56,61134;86,46256;Morocco_2002;13578,75;29454,768;15933,618;-0,26;Eastern Mediterranean;;54,1;8,35;
Morocco;2003;35,05931;66,41605;92,78844;22,89352;57,51805;86,63881;Morocco_2003;13633,701;29782,884;16210,236;-0,41;Eastern Mediterranean;;54,43;8,9;
Morocco;2004;37,51304;67,8788;93,08321;24,20432;58,41733;86,81506;Morocco_2004;13688,174;30115,214;16491,111;-0,31;Eastern Mediterranean;;54,76;9,46;
Morocco;2005;40,01511;69,45778;93,37841;25,51512;59,43399;86,9913;Morocco_2005;13681,416;30455,561;16839,654;-0,56;Eastern Mediterranean;;55,29;10,02;
Morocco;2006;42,56552;71,05648;93,67404;26,82593;60,46397;87,16755;Morocco_2006;13660,936;30804,683;17208,41;-0,46;Eastern Mediterranean;;55,86;10,59;
Morocco;2007;45,16428;72,65025;93,9701;28,13673;61,48038;87,3438;Morocco_2007;13640,554;31163,673;17585,327;-0,5;Eastern Mediterranean;;56,43;11,17;
Morocco;2008;47,81139;74,23789;94,26659;29,44753;62,48266;87,52004;Morocco_2008;13622,608;31536,811;17974,247;-0,57;Eastern Mediterranean;;56,99;11,76;
Morocco;2009;50,50684;75,81828;94,56351;30,75833;63,47033;87,69629;Morocco_2009;13610,904;31929,087;18378,993;-0,4;Eastern Mediterranean;;57,56;12,35;
Morocco;2010;53,25063;77,39205;94,86086;32,06914;64,44515;87,87254;Morocco_2010;13606,337;32343,389;18803,302;-0,38;Eastern Mediterranean;;58,14;12,95;
Morocco;2011;56,04277;78,95724;95,15864;33,37994;65,40549;88,04878;Morocco_2011;13609,908;32781,853;19248,915;-0,39;Eastern Mediterranean;;58,72;13,55;
Morocco;2012;58,88325;80,51361;95,45686;34,69074;66,35199;88,22503;Morocco_2012;13619,442;33241,9;19714,347;-0,47;Eastern Mediterranean;;59,31;14,16;
Morocco;2013;61,77208;82,06017;95,75549;36,00154;67,28419;88,40128;Morocco_2013;13631,417;33715,703;20193,352;-0,49;Eastern Mediterranean;;59,89;14,78;
Morocco;2014;64,70925;83,59669;96,05457;37,31235;68,20269;88,57753;Morocco_2014;13639,438;34192,357;20678,644;-0,45;Eastern Mediterranean;;60,48;15,39;
Morocco;2015;67,69477;85,12221;96,35407;38,62315;69,10708;88,75378;Morocco_2015;13639,728;34663,603;21163,594;-0,34;Eastern Mediterranean;;61,05;16,02;
Morocco;2016;70,72864;86,63644;96,654;39,93395;69,99794;88,93002;Morocco_2016;13630,788;35126,283;21645,998;-0,31;Eastern Mediterranean;1,90323;61,62;16,64;0,9238
Morocco;2017;70,72864;86,77851;96,654;39,93395;70,26644;88,93002;Morocco_2017;13613,878;35581,255;22125,702;-0,37;Eastern Mediterranean;;62,18;16,51;
Mozambique;2000;4,08262;19,89657;58,42983;;;;Mozambique_2000;12810,292;17711,927;5257,395;-0,13;Africa;;29,68;;
Mozambique;2001;6,07505;21,40296;58,42983;;;;Mozambique_2001;13146,513;18221,888;5442,245;;Africa;;29,87;;
Mozambique;2002;8,09406;23,39232;60,02827;;;;Mozambique_2002;13501,744;18764,155;5637,914;0,19;Africa;;30,05;;
Mozambique;2003;10,12621;25,39025;61,62956;;;;Mozambique_2003;13873,191;19331,1;5843,407;0,25;Africa;;30,23;;
Mozambique;2004;12,17149;27,39721;63,23369;;;;Mozambique_2004;14255,83;19910,552;6056,875;0,0;Africa;;30,42;;
Mozambique;2005;14,22989;29,41262;64,84067;;;;Mozambique_2005;14646,262;20493,925;6276,808;0,12;Africa;;30,63;;
Mozambique;2006;16,30143;31,43742;66,45049;;;;Mozambique_2006;15044,085;21080,11;6503,378;0,52;Africa;;30,85;;
Mozambique;2007;18,3861;33,47004;68,06316;;;;Mozambique_2007;15451,006;21673,316;6737,381;0,36;Africa;;31,09;;
Mozambique;2008;20,4839;35,65163;69,67867;;;;Mozambique_2008;15802,686;22276,596;7044,072;0,38;Africa;;31,62;;
Mozambique;2009;22,59483;37,85226;71,29704;;;;Mozambique_2009;16154,357;22894,71;7369,706;0,63;Africa;;32,19;;
Mozambique;2010;24,71889;40,06075;72,91825;;;;Mozambique_2010;16511,748;23531,574;7709,657;0,39;Africa;;32,76;;
Mozambique;2011;26,85609;42,2759;74,5423;;;;Mozambique_2011;16874,793;24187,494;8064,212;0,33;Africa;;33,34;;
Mozambique;2012;29,00641;44,49751;76,1692;;;;Mozambique_2012;17242,761;24862,664;8433,845;0,39;Africa;;33,92;;
Mozambique;2013;31,16987;46,72533;77,79895;;;;Mozambique_2013;17615,928;25560,755;8818,444;-0,23;Africa;;34,5;;
Mozambique;2014;33,34645;48,95916;79,43155;;;;Mozambique_2014;17993,425;26286,191;9218,957;-0,34;Africa;;35,07;;
Mozambique;2015;35,53617;51,19878;81,06699;;;;Mozambique_2015;18375,089;27042,002;9635,602;-0,51;Africa;;35,63;;
Mozambique;2016;37,73902;53,44394;82,70528;;;;Mozambique_2016;18760,441;27829,938;10069,035;-1,09;Africa;27,62905;36,18;;0,6305
Mozambique;2017;39,955;55,69398;84,34641;;;;Mozambique_2017;19149,788;28649,018;10519,046;-0,93;Africa;;36,72;;
Myanmar;2000;38,05727;46,26788;68,43878;;;;Myanmar_2000;33637,935;46719,701;12457,527;-1,67;South-East Asia;;26,66;;
Myanmar;2001;40,21646;48,30663;69,95097;;;;Myanmar_2001;33941,554;47225,12;12686,44;;South-East Asia;;26,86;;
Myanmar;2002;42,42727;50,38422;71,47679;;;;Myanmar_2002;34228,006;47702,171;12912,214;-1,41;South-East Asia;;27,07;;
Myanmar;2003;44,6897;52,50074;73,01622;;;;Myanmar_2003;34492,26;48148,902;13132,634;-1,15;South-East Asia;;27,28;;
Myanmar;2004;47,00377;54,65594;74,56927;;;;Myanmar_2004;34728,333;48564,484;13345,374;-0,99;South-East Asia;;27,48;;
Myanmar;2005;49,36945;56,84962;76,13593;;;;Myanmar_2005;34933,87;48949,924;13548,744;-0,9;South-East Asia;;27,68;;
Myanmar;2006;51,78677;59,08124;77,71622;;;;Myanmar_2006;35105,021;49301,05;13741,453;-0,85;South-East Asia;;27,87;;
Myanmar;2007;54,25571;61,35087;79,31013;;;;Myanmar_2007;35246,67;49621,475;13924,916;-1,06;South-East Asia;;28,06;;
Myanmar;2008;56,77628;63,65826;80,91765;;;;Myanmar_2008;35374,487;49929,642;14105,265;-1,09;South-East Asia;;28,25;;
Myanmar;2009;59,34848;66,00294;82,53879;;;;Myanmar_2009;35510,138;50250,367;14290,552;-1,29;South-East Asia;;28,44;;
Myanmar;2010;61,9723;68,38513;84,17355;;;;Myanmar_2010;35668,447;50600,818;14487,449;-1,29;South-East Asia;;28,63;;
Myanmar;2011;64,64775;70,80415;85,82193;;;;Myanmar_2011;35854,775;50990,617;14698,256;-1,11;South-East Asia;;28,83;;
Myanmar;2012;67,37482;73,25996;87,48392;;;;Myanmar_2012;36064,794;51413,704;14921,72;-0,94;South-East Asia;;29,02;;
Myanmar;2013;70,15353;75,75214;89,15955;;;;Myanmar_2013;36292,944;51852,468;15155,252;-1,14;South-East Asia;;29,23;;
Myanmar;2014;72,98386;78,28081;90,84878;;;;Myanmar_2014;36528,875;52280,824;15395,307;-1,09;South-East Asia;;29,45;;
Myanmar;2015;74,81596;79,91476;91,8928;;;;Myanmar_2015;36757,132;52680,726;15646,537;-1,17;South-East Asia;;29,7;;
Myanmar;2016;75,86094;80,84426;92,42675;;;;Myanmar_2016;36976,382;53045,201;15908,841;-0,8;South-East Asia;12,61942;29,99;;0,8418
Myanmar;2017;76,90591;81,77405;92,9607;;;;Myanmar_2017;37187,526;53382,523;16183,083;-1,08;South-East Asia;;30,32;;
Namibia;2000;66,46703;76,66938;97,98203;;;;Namibia_2000;1284,412;1794,571;614,845;-0,25;Africa;;34,26;;
Namibia;2001;66,62943;76,91348;97,88984;;;;Namibia_2001;1297,49;1823,672;636,106;;Africa;;34,88;;
Namibia;2002;66,79175;77,26118;97,79759;;;;Namibia_2002;1299,607;1851,523;662,54;0,15;Africa;;35,78;;
Namibia;2003;66,95396;77,62745;97,70531;;;;Namibia_2003;1297,022;1879,117;689,513;0,48;Africa;;36,69;;
Namibia;2004;67,11609;77,9931;97,61297;;;;Namibia_2004;1292,615;1907,745;716,613;0,66;Africa;;37,56;;
Namibia;2005;67,27812;78,35654;97,52058;;;;Namibia_2005;1287,768;1938,32;744,428;0,63;Africa;;38,41;;
Namibia;2006;67,44006;78,71858;97,42815;;;;Namibia_2006;1282,581;1971,317;773,153;0,78;Africa;;39,22;;
Namibia;2007;67,60191;79,07854;97,33566;;;;Namibia_2007;1277,117;2006,514;802,798;1,02;Africa;;40,01;;
Namibia;2008;67,76365;79,43665;97,24313;;;;Namibia_2008;1272,323;2043,394;834,052;1,2;Africa;;40,82;;
Namibia;2009;67,9253;79,79105;97,15056;;;;Namibia_2009;1269,37;2081,044;867,67;0,93;Africa;;41,69;;
Namibia;2010;68,08686;80,14346;97,05793;;;;Namibia_2010;1268,79;2118,874;904,38;0,85;Africa;;42,68;;
Namibia;2011;68,24833;80,49236;96,96526;;;;Namibia_2011;1270,945;2156,698;944,676;0,91;Africa;;43,8;;
Namibia;2012;68,4097;80,84596;96,87254;;;;Namibia_2012;1274,757;2194,783;989,177;0,98;Africa;;45,07;;
Namibia;2013;68,57098;81,1961;96,77976;;;;Namibia_2013;1279,729;2233,508;1036,791;0,96;Africa;;46,42;;
Namibia;2014;68,73215;81,54272;96,68695;;;;Namibia_2014;1284,455;2273,423;1086,537;0,61;Africa;;47,79;;
Namibia;2015;68,89324;81,88493;96,59408;;;;Namibia_2015;1287,973;2314,904;1137,588;0,73;Africa;;49,14;;
Namibia;2016;69,05423;82,21806;96,50117;;;;Namibia_2016;1290,418;2358,044;1189,295;0,71;Africa;18,31716;50,44;;0,8205
Namibia;2017;69,21513;82,5411;96,40821;;;;Namibia_2017;1292,108;2402,633;1241,686;0,63;Africa;;51,68;;
Nauru;2000;;95,76962;95,76962;;;;Nauru_2000;0,0;10,337;10,037;;Western Pacific;;97,1;;
Nauru;2001;;96,01731;96,01731;;;;Nauru_2001;0,0;10,215;10,052;;Western Pacific;;98,4;;
Nauru;2002;;96,265;96,265;;;;Nauru_2002;0,0;10,102;10,08;;Western Pacific;;99,78;;
Nauru;2003;;96,51269;96,51269;;;;Nauru_2003;0,0;9,994;10,106;1,17;Western Pacific;;100,0;;
Nauru;2004;;96,76038;96,76038;;;;Nauru_2004;0,0;9,902;10,126;1,13;Western Pacific;;100,0;;
Nauru;2005;;97,00806;97,00806;;;;Nauru_2005;0,0;9,849;10,114;1,07;Western Pacific;;100,0;;
Nauru;2006;;97,25574;97,25574;;;;Nauru_2006;0,0;9,828;10,071;1,04;Western Pacific;;100,0;;
Nauru;2007;;97,50343;97,50343;;;;Nauru_2007;0,0;9,842;10,002;1,08;Western Pacific;;100,0;;
Nauru;2008;;97,75112;97,75112;;;;Nauru_2008;0,0;9,891;9,947;1,01;Western Pacific;;100,0;;
Nauru;2009;;97,99881;97,99881;;;;Nauru_2009;0,0;9,939;9,945;1,38;Western Pacific;;100,0;;
Nauru;2010;;98,2465;98,2465;;;;Nauru_2010;0,0;10,005;10,025;1,45;Western Pacific;;100,0;;
Nauru;2011;;98,49419;98,49419;;;;Nauru_2011;0,0;10,07;10,208;1,06;Western Pacific;;100,0;;
Nauru;2012;;98,74187;98,74187;;;;Nauru_2012;0,0;10,14;10,478;1,03;Western Pacific;;100,0;;
Nauru;2013;;98,98956;98,98956;;;;Nauru_2013;0,0;10,209;10,79;1,05;Western Pacific;;100,0;;
Nauru;2014;;99,23724;99,23724;;;;Nauru_2014;0,0;10,289;11,07;0,6;Western Pacific;;100,0;;
Nauru;2015;;99,48493;99,48493;;;;Nauru_2015;0,0;10,383;11,26;0,54;Western Pacific;;100,0;;
Nauru;2016;;99,48493;99,48493;;;;Nauru_2016;0,0;10,475;11,347;0,58;Western Pacific;;100,0;;
Nauru;2017;;99,48493;99,48493;;;;Nauru_2017;0,0;10,573;11,359;0,52;Western Pacific;;100,0;;
Nepal;2000;77,97713;79,98707;92,97999;22,22516;23,9283;34,93801;Nepal_2000;20560,41;23941,11;3180,501;-1,17;South-East Asia;;13,28;56,06;
Nepal;2001;78,61756;80,58893;92,75226;22,42336;24,16208;34,88999;Nepal_2001;20791,897;24347,106;3369,88;;South-East Asia;;13,84;56,43;
Nepal;2002;79,25702;81,14635;92,5248;22,62156;24,36175;34,84197;Nepal_2002;21068,143;24725,627;3498,199;-1,72;South-East Asia;;14,15;56,78;
Nepal;2003;79,8955;81,69852;92,29763;22,81976;24,56056;34,79395;Nepal_2003;21323,411;25080,872;3627,212;-1,89;South-East Asia;;14,46;57,14;
Nepal;2004;80,53301;82,24532;92,07072;23,01796;24,7585;34,74593;Nepal_2004;21553,302;25419,344;3756,147;-2,15;South-East Asia;;14,78;57,49;
Nepal;2005;81,16955;82,78663;91,84409;23,21616;24,95553;34,69791;Nepal_2005;21756,151;25744,5;3884,136;-2,1;South-East Asia;;15,09;57,83;
Nepal;2006;81,80511;83,32235;91,61774;23,41435;25,15159;34,64989;Nepal_2006;21929,706;26066,693;4010,912;-1,89;South-East Asia;;15,39;58,17;
Nepal;2007;82,43971;83,85242;91,39166;23,61255;25,34678;34,60187;Nepal_2007;22078,011;26382,581;4136,836;-1,88;South-East Asia;;15,68;58,51;
Nepal;2008;83,07333;84,37664;91,16586;23,81075;25,54093;34,55385;Nepal_2008;22211,953;26666,576;4263,906;-1,83;South-East Asia;;15,99;58,84;
Nepal;2009;83,70599;84,89488;90,94033;24,00895;25,73401;34,50583;Nepal_2009;22346,548;26883,535;4394,555;-1,62;South-East Asia;;16,35;59,16;
Nepal;2010;84,33767;85,40704;90,71508;24,20715;25,92598;34,45781;Nepal_2010;22491,798;27013,212;4531,339;-1,58;South-East Asia;;16,77;59,48;
Nepal;2011;84,96838;85,91303;90,4901;24,40535;26,11691;34,40979;Nepal_2011;22651,895;27041,22;4675,252;-1,42;South-East Asia;;17,29;59,8;
Nepal;2012;85,59812;86,41293;90,2654;24,60355;26,30714;34,36177;Nepal_2012;22822,896;26989,163;4827,029;-1,38;South-East Asia;;17,89;60,11;
Nepal;2013;86,22689;86,90636;90,04097;24,80175;26,49631;34,31375;Nepal_2013;22999,677;26916,793;4985,633;-1,13;South-East Asia;;18,52;60,41;
Nepal;2014;86,85468;87,39326;89,81682;24,99995;26,68465;34,26573;Nepal_2014;23173,611;26905,978;5149,63;-0,72;South-East Asia;;19,14;60,71;
Nepal;2015;87,48151;87,87333;89,59294;25,19815;26,87191;34,21771;Nepal_2015;23338,483;27015,031;5317,799;-1,0;South-East Asia;;19,68;61,0;
Nepal;2016;88,10736;88,34641;89,36934;25,39635;27,0582;34,16969;Nepal_2016;23492,872;27263,433;5489,899;-0,85;South-East Asia;19,82954;20,14;61,29;0,8436
Nepal;2017;88,73224;88,81225;89,14601;25,59455;27,24335;34,12167;Nepal_2017;23638,57;27632,681;5666,428;-0,69;South-East Asia;;20,51;61,57;
Netherlands;2000;100,0;100,0;100,0;;100,0;;Netherlands_2000;3695,706;15926,188;12230,482;1,76;Europe;;76,79;0,0;
Netherlands;2001;100,0;100,0;100,0;;100,0;;Netherlands_2001;3551,153;16018,114;12466,961;;Europe;;77,83;0,0;
Netherlands;2002;100,0;100,0;100,0;;99,99737;;Netherlands_2002;3364,924;16110,355;12745,431;1,31;Europe;;79,11;0,0;
Netherlands;2003;100,0;100,0;100,0;;99,99406;;Netherlands_2003;3184,995;16200,951;13015,956;1,16;Europe;;80,34;0,01;
Netherlands;2004;100,0;100,0;100,0;;99,99075;;Netherlands_2004;3010,783;16287,182;13276,399;1,02;Europe;;81,51;0,01;
Netherlands;2005;100,0;100,0;100,0;;99,98743;;Netherlands_2005;2842,946;16367,158;13524,212;0,99;Europe;;82,63;0,01;
Netherlands;2006;100,0;100,0;100,0;;99,98412;;Netherlands_2006;2690,294;16440,097;13749,928;0,9;Europe;;83,64;0,02;
Netherlands;2007;100,0;100,0;100,0;;99,9808;;Netherlands_2007;2552,168;16506,655;13954,888;0,78;Europe;;84,54;0,02;
Netherlands;2008;100,0;100,0;100,0;;99,9775;;Netherlands_2008;2418,707;16568,104;14150,027;0,87;Europe;;85,41;0,02;
Netherlands;2009;100,0;100,0;100,0;;99,97419;;Netherlands_2009;2279,916;16626,373;14347,01;0,94;Europe;;86,29;0,03;
Netherlands;2010;100,0;100,0;100,0;;99,97088;;Netherlands_2010;2146,443;16682,917;14536,474;0,94;Europe;;87,13;0,03;
Netherlands;2011;100,0;100,0;100,0;;99,96757;;Netherlands_2011;2028,656;16738,193;14708,346;1,11;Europe;;87,87;0,03;
Netherlands;2012;100,0;100,0;100,0;;99,96426;;Netherlands_2012;1915,976;16791,84;14873,119;1,19;Europe;;88,57;0,04;
Netherlands;2013;100,0;100,0;100,0;;99,96095;;Netherlands_2013;1820,817;16843,502;15018,882;1,14;Europe;;89,17;0,04;
Netherlands;2014;100,0;100,0;100,0;;99,95763;;Netherlands_2014;1741,23;16892,523;15148,126;1,05;Europe;;89,67;0,04;
Netherlands;2015;100,0;100,0;100,0;;99,95432;;Netherlands_2015;1664,62;16938,499;15273,879;0,93;Europe;;90,17;0,05;
Netherlands;2016;100,0;100,0;100,0;;99,95101;;Netherlands_2016;1590,832;16981,295;15396,498;0,91;Europe;0,24093;90,67;0,05;0,9988
Netherlands;2017;100,0;100,0;100,0;;99,95101;;Netherlands_2017;1520,119;17021,347;15515,819;0,92;Europe;;91,16;0,05;
New Zealand;2000;100,0;100,0;100,0;;78,11697;;New Zealand_2000;539,447;3858,999;3319,552;1,36;Western Pacific;;86,02;21,88;
New Zealand;2001;100,0;100,0;100,0;;78,11697;;New Zealand_2001;543,196;3907,933;3364,737;;Western Pacific;;86,1;21,88;
New Zealand;2002;100,0;100,0;100,0;;78,11697;;New Zealand_2002;548,484;3963,206;3414,722;1,32;Western Pacific;;86,16;21,88;
New Zealand;2003;100,0;100,0;100,0;;78,11697;;New Zealand_2003;554,208;4022,069;3467,861;1,19;Western Pacific;;86,22;21,88;
New Zealand;2004;100,0;100,0;100,0;;78,11697;;New Zealand_2004;559,799;4080,438;3520,639;1,5;Western Pacific;;86,28;21,88;
New Zealand;2005;100,0;100,0;100,0;;78,11697;;New Zealand_2005;564,865;4135,355;3570,49;1,25;Western Pacific;;86,34;21,88;
New Zealand;2006;100,0;100,0;100,0;;80,22667;;New Zealand_2006;569,292;4185,888;3616,625;1,26;Western Pacific;;86,4;19,77;
New Zealand;2007;100,0;100,0;100,0;;82,33636;;New Zealand_2007;578,237;4233,046;3654,914;1,24;Western Pacific;;86,34;17,66;
New Zealand;2008;100,0;100,0;100,0;;84,44606;;New Zealand_2008;586,969;4278,155;3691,356;1,16;Western Pacific;;86,28;15,55;
New Zealand;2009;100,0;100,0;100,0;;86,55576;;New Zealand_2009;595,754;4323,337;3727,728;1,07;Western Pacific;;86,22;13,44;
New Zealand;2010;100,0;100,0;100,0;;88,66545;;New Zealand_2010;604,805;4370,062;3765,257;1,24;Western Pacific;;86,16;11,33;
New Zealand;2011;100,0;100,0;100,0;;90,77515;;New Zealand_2011;614,145;4418,678;3804,22;1,38;Western Pacific;;86,09;9,22;
New Zealand;2012;100,0;100,0;100,0;;92,88485;;New Zealand_2012;618,306;4468,457;3849,437;1,36;Western Pacific;;86,15;7,12;
New Zealand;2013;100,0;100,0;100,0;;94,99454;;New Zealand_2013;622,479;4518,515;3895,048;1,45;Western Pacific;;86,2;5,01;
New Zealand;2014;100,0;100,0;100,0;;97,10424;;New Zealand_2014;626,516;4567,527;3940,184;1,47;Western Pacific;;86,27;2,9;
New Zealand;2015;100,0;100,0;100,0;;99,21394;;New Zealand_2015;630,32;4614,532;3984,212;1,53;Western Pacific;;86,34;0,79;
New Zealand;2016;100,0;100,0;100,0;;100,0;;New Zealand_2016;633,866;4659,265;4026,967;1,52;Western Pacific;0,14577;86,43;0,0;0,9993
New Zealand;2017;100,0;100,0;100,0;;100,0;;New Zealand_2017;636,894;4702,034;4068,924;1,59;Western Pacific;;86,54;0,0;
Nicaragua;2000;63,36669;81,21711;95,7132;26,16187;48,25971;66,20507;Nicaragua_2000;2252,737;5069,302;2774,059;-0,06;Americas;;54,72;32,96;
Nicaragua;2001;63,10551;81,21328;95,82941;27,84222;49,11199;66,2804;Nicaragua_2001;2278,271;5145,366;2822,479;;Americas;;54,85;32,1;
Nicaragua;2002;62,84487;81,2105;95,94564;29,51639;49,95633;66,35573;Nicaragua_2002;2302,257;5219,328;2869,477;-0,09;Americas;;54,98;31,25;
Nicaragua;2003;62,58475;81,20909;96,06189;30,20335;50,35791;66,43105;Nicaragua_2003;2325,221;5292,118;2915,658;-0,37;Americas;;55,09;30,85;
Nicaragua;2004;62,32516;81,20904;96,17815;30,14909;50,42992;66,50639;Nicaragua_2004;2347,83;5364,935;2961,873;-0,34;Americas;;55,21;30,78;
Nicaragua;2005;62,0661;81,21172;96,29444;30,09483;50,50377;66,58172;Nicaragua_2005;2370,424;5438,69;3008,904;-0,34;Americas;;55,32;30,71;
Nicaragua;2006;61,80758;81,23103;96,41074;30,04057;50,59413;66,65704;Nicaragua_2006;2390,923;5513,763;3059,288;-0,27;Americas;;55,48;30,64;
Nicaragua;2007;61,54958;81,25169;96,52705;29,98631;50,68464;66,73238;Nicaragua_2007;2411,595;5590,055;3110,511;-0,12;Americas;;55,64;30,57;
Nicaragua;2008;61,29211;81,27441;96,64338;29,93205;50,77602;66,80771;Nicaragua_2008;2432,201;5667,432;3162,305;-0,22;Americas;;55,8;30,5;
Nicaragua;2009;61,03517;81,2985;96,75973;29,8778;50,86754;66,88303;Nicaragua_2009;2452,422;5745,526;3214,159;-0,31;Americas;;55,94;30,43;
Nicaragua;2010;60,77876;81,32428;96,8761;29,82354;50,95957;66,95837;Nicaragua_2010;2471,956;5824,065;3265,767;-0,5;Americas;;56,07;30,36;
Nicaragua;2011;60,52288;81,35176;96,99248;29,76928;51,0521;67,03369;Nicaragua_2011;2490,775;5903,039;3317,045;-0,27;Americas;;56,19;30,3;
Nicaragua;2012;60,26753;81,38094;97,10888;29,71502;51,14515;67,10902;Nicaragua_2012;2508,971;5982,526;3368,137;-0,35;Americas;;56,3;30,24;
Nicaragua;2013;60,01271;81,4118;97,22529;29,66076;51,2387;67,18436;Nicaragua_2013;2526,665;6062,457;3419,082;-0,25;Americas;;56,4;30,17;
Nicaragua;2014;59,75842;81,44398;97,34172;29,6065;51,33239;67,25968;Nicaragua_2014;2543,925;6142,731;3470,072;-0,04;Americas;;56,49;30,11;
Nicaragua;2015;59,50466;81,47354;97,45074;29,55224;51,42658;67,33501;Nicaragua_2015;2560,844;6223,24;3521,191;-0,09;Americas;;56,58;30,05;
Nicaragua;2016;59,25143;81,50474;97,55976;29,49799;51,52127;67,41034;Nicaragua_2016;2577,435;6303,974;3572,493;-0,09;Americas;2,24431;56,67;29,98;0,8964
Nicaragua;2017;59,10744;81,52477;97,55976;29,49799;51,60051;67,41034;Nicaragua_2017;2592,801;6384,846;3624,78;-0,05;Americas;;56,77;29,92;
Niger;2000;24,4117;35,66065;93,90975;;;;Niger_2000;9515,369;11331,557;1837,604;0,12;Africa;;16,22;;
Niger;2001;25,66976;36,67326;93,34193;;;;Niger_2001;9857,911;11751,365;1914,065;;Africa;;16,29;;
Niger;2002;26,91183;37,61779;92,77438;;;;Niger_2002;10221,895;12189,983;1984,107;-0,13;Africa;;16,28;;
Niger;2003;28,13791;38,54979;92,20708;;;;Niger_2003;10600,022;12647,984;2056,848;0,04;Africa;;16,26;;
Niger;2004;29,348;39,46859;91,64005;;;;Niger_2004;10994,331;13125,916;2132,681;-0,51;Africa;;16,25;;
Niger;2005;30,54209;40,37357;91,07328;;;;Niger_2005;11406,515;13624,467;2211,934;-0,49;Africa;;16,24;;
Niger;2006;31,72019;41,26596;90,50677;;;;Niger_2006;11837,319;14143,971;2294,745;-0,23;Africa;;16,22;;
Niger;2007;32,8823;42,14513;89,94052;;;;Niger_2007;12287,148;14685,399;2381,19;-0,46;Africa;;16,21;;
Niger;2008;34,02841;43,01053;89,37453;;;;Niger_2008;12757,057;15250,908;2471,468;-0,67;Africa;;16,21;;
Niger;2009;35,15853;43,86329;88,80881;;;;Niger_2009;13248,124;15843,133;2565,789;-1,15;Africa;;16,19;;
Niger;2010;36,27266;44,70282;88,24335;;;;Niger_2010;13761,257;16464,025;2664,321;-1,16;Africa;;16,18;;
Niger;2011;37,37079;45,52863;87,67815;;;;Niger_2011;14297,394;17114,766;2767,242;-0,88;Africa;;16,17;;
Niger;2012;38,45293;46,34174;87,1132;;;;Niger_2012;14856,997;17795,21;2874,637;-1,15;Africa;;16,15;;
Niger;2013;39,51908;47,14161;86,54852;;;;Niger_2013;15439,9;18504,281;2986,472;-1,32;Africa;;16,14;;
Niger;2014;40,56923;47,93507;85,98411;;;;Niger_2014;16042,54;19240,179;3105,679;-1,18;Africa;;16,14;;
Niger;2015;41,60339;48,72227;85,41995;;;;Niger_2015;16664,382;20001,663;3232,583;-1,07;Africa;;16,16;;
Niger;2016;42,62156;49,50156;84,85606;;;;Niger_2016;17305,349;20788,798;3367,638;-1,1;Africa;70,81496;16,2;;0,3971
Niger;2017;43,62373;50,27306;84,29243;;;;Niger_2017;17965,903;21602,382;3511,445;-1,27;Africa;;16,25;;
Nigeria;2000;34,87521;48,151;72,98023;11,0769;15,38151;23,43227;Nigeria_2000;79724,569;122283,85;42627,44;-1,46;Africa;;34,86;32,77;
Nigeria;2001;36,04023;49,29532;73,20161;11,44693;15,74734;23,50335;Nigeria_2001;80711,492;125394,046;44751,942;;Africa;;35,69;33,55;
Nigeria;2002;37,24405;50,68635;74,06419;11,7465;16,06464;23,57443;Nigeria_2002;81692,471;128596,076;46974,239;-1,63;Africa;;36,53;34,62;
Nigeria;2003;38,4503;52,0779;74,93065;12,04165;16,37639;23,64551;Nigeria_2003;82673,013;131900,631;49299,52;-1,63;Africa;;37,38;35,7;
Nigeria;2004;39,65898;53,46956;75,80097;12,33239;16,68252;23,71659;Nigeria_2004;83656,546;135320,422;51737,07;-1,75;Africa;;38,23;36,79;
Nigeria;2005;40,87009;54,86056;76,67516;12,61871;16,98287;23,78767;Nigeria_2005;84650,56;138865,016;54288,918;-1,67;Africa;;39,09;37,88;
Nigeria;2006;42,08363;56,25124;77,55321;12,90062;17,27763;23,85875;Nigeria_2006;85649,313;142538,308;56964,781;-2,03;Africa;;39,96;38,97;
Nigeria;2007;43,29959;57,64157;78,43513;13,17812;17,56686;23,92983;Nigeria_2007;86650,758;146339,977;59766,266;-2,01;Africa;;40,84;40,07;
Nigeria;2008;44,51799;59,03151;79,32092;13,45121;17,85065;24,00091;Nigeria_2008;87649,227;150269,623;62698,163;-1,86;Africa;;41,72;41,18;
Nigeria;2009;45,73882;60,41964;80,21056;13,71988;18,12864;24,07199;Nigeria_2009;88645,241;154324,933;65756,94;-2,0;Africa;;42,61;42,29;
Nigeria;2010;46,96207;61,80702;81,10409;13,98414;18,40124;24,14307;Nigeria_2010;89628,433;158503,197;68949,828;-2,21;Africa;;43,5;43,41;
Nigeria;2011;48,18776;63,18955;82,00147;14,24399;18,66735;24,21415;Nigeria_2011;90614,743;162805,077;72262,333;-1,96;Africa;;44,39;44,52;
Nigeria;2012;49,41588;64,56734;82,90273;14,49942;18,92711;24,28523;Nigeria_2012;91602,273;167228,794;75695,011;-2,04;Africa;;45,26;45,64;
Nigeria;2013;50,64642;65,9398;83,80784;14,75044;19,18048;24,35631;Nigeria_2013;92584,883;171765,816;79244,42;-2,09;Africa;;46,14;46,76;
Nigeria;2014;51,8794;67,30708;84,71683;14,99705;19,42761;24,42739;Nigeria_2014;93555,299;176404,934;82905,203;-2,13;Africa;;47,0;47,88;
Nigeria;2015;53,1148;68,66927;85,62968;15,23925;19,66867;24,49847;Nigeria_2015;94508,65;181137,448;86673,094;-1,93;Africa;;47,85;49,0;
Nigeria;2016;54,35264;70,02553;86,5464;15,47703;19,90354;24,56955;Nigeria_2016;95443,463;185960,241;90546,177;-1,88;Africa;68,62818;48,69;50,12;0,5105
Nigeria;2017;55,59291;71,37663;87,46699;15,7104;20,13256;24,64063;Nigeria_2017;96361,295;190873,244;94525,016;-2,0;Africa;;49,52;51,24;
Niue;2000;;99,22893;;;98,23664;;Niue_2000;1,271;1,899;0,628;;Western Pacific;;33,07;0,99;
Niue;2001;;99,22893;;;98,23664;;Niue_2001;1,234;1,854;0,62;;Western Pacific;;33,44;0,99;
Niue;2002;;99,22893;;;98,23664;;Niue_2002;1,183;1,791;0,606;;Western Pacific;;33,84;0,99;
Niue;2003;;99,22893;;;98,23664;;Niue_2003;1,153;1,755;0,602;;Western Pacific;;34,3;0,99;
Niue;2004;;99,22893;;;98,23664;;Niue_2004;1,119;1,715;0,596;;Western Pacific;;34,75;0,99;
Niue;2005;;99,11446;;;98,12332;;Niue_2005;1,09;1,683;0,593;;Western Pacific;;35,23;0,99;
Niue;2006;;99,0;;;98,01;;Niue_2006;1,069;1,661;0,593;;Western Pacific;;35,7;0,99;
Niue;2007;;98,88554;;;97,89668;;Niue_2007;1,051;1,643;0,6;;Western Pacific;;36,52;0,99;
Niue;2008;;98,77107;;;97,78336;;Niue_2008;1,03;1,635;0,609;;Western Pacific;;37,25;0,99;
Niue;2009;;98,6566;;;97,67004;;Niue_2009;1,016;1,628;0,62;1,14;Western Pacific;;38,08;0,99;
Niue;2010;;98,54214;;;97,55672;;Niue_2010;1,0;1,618;0,63;1,32;Western Pacific;;38,94;0,99;
Niue;2011;;98,42767;;;97,4434;;Niue_2011;0,987;1,62;0,643;;Western Pacific;;39,69;0,98;
Niue;2012;;98,31321;;;97,33008;;Niue_2012;0,97;1,61;0,653;;Western Pacific;;40,56;0,98;
Niue;2013;;98,19875;;;97,21675;;Niue_2013;0,957;1,612;0,666;;Western Pacific;;41,32;0,98;
Niue;2014;;98,19875;;;97,21675;;Niue_2014;0,94;1,609;0,676;;Western Pacific;;42,01;0,98;
Niue;2015;;98,19875;;;97,21675;;Niue_2015;0,936;1,619;0,693;;Western Pacific;;42,8;0,98;
Niue;2016;;98,19875;;;97,21675;;Niue_2016;0,921;1,614;0,703;;Western Pacific;;43,56;0,98;
Niue;2017;;98,19875;;;97,21675;;Niue_2017;0,905;1,609;0,713;;Western Pacific;;44,31;0,98;
Norway;2000;100,0;100,0;100,0;;100,0;;Norway_2000;1078,958;4499,367;3420,409;1,53;Europe;;76,02;0,0;
Norway;2001;100,0;100,0;100,0;;100,0;;Norway_2001;1068,456;4523,145;3454,689;;Europe;;76,38;0,0;
Norway;2002;100,0;100,0;100,0;;100,0;;Norway_2002;1057,72;4546,019;3488,299;1,61;Europe;;76,73;0,0;
Norway;2003;100,0;100,0;100,0;;100,0;;Norway_2003;1047,27;4570,106;3522,836;1,21;Europe;;77,08;0,0;
Norway;2004;100,0;100,0;100,0;;100,0;;Norway_2004;1039,256;4598,214;3558,958;1,2;Europe;;77,4;0,0;
Norway;2005;100,0;100,0;100,0;;100,0;;Norway_2005;1034,154;4632,364;3598,21;1,3;Europe;;77,68;0,0;
Norway;2006;100,0;100,0;100,0;;100,0;;Norway_2006;1030,404;4672,994;3642,666;1,25;Europe;;77,95;0,0;
Norway;2007;100,0;100,0;100,0;;99,95199;;Norway_2007;1027,294;4719,402;3692,354;1,15;Europe;;78,24;0,05;
Norway;2008;100,0;100,0;100,0;;99,77321;;Norway_2008;1024,599;4771,019;3746,81;1,29;Europe;;78,53;0,23;
Norway;2009;100,0;100,0;100,0;;99,59443;;Norway_2009;1022,628;4826,848;3804,552;1,28;Europe;;78,82;0,41;
Norway;2010;100,0;100,0;100,0;;99,41565;;Norway_2010;1021,067;4885,878;3864,811;1,33;Europe;;79,1;0,58;
Norway;2011;100,0;100,0;100,0;;99,23687;;Norway_2011;1016,484;4948,33;3931,111;1,34;Europe;;79,44;0,76;
Norway;2012;100,0;100,0;100,0;;99,05809;;Norway_2012;1008,706;5013,709;4003,301;1,33;Europe;;79,85;0,94;
Norway;2013;100,0;100,0;100,0;;98,87931;;Norway_2013;1000,906;5079,455;4076,195;1,35;Europe;;80,25;1,12;
Norway;2014;100,0;100,0;100,0;;98,70053;;Norway_2014;992,506;5142,265;4147,805;1,12;Europe;;80,66;1,3;
Norway;2015;100,0;100,0;100,0;;98,52175;;Norway_2015;983,228;5199,836;4216,608;1,16;Europe;;81,09;1,48;
Norway;2016;100,0;100,0;100,0;;98,34296;;Norway_2016;972,918;5250,949;4281,776;1,2;Europe;0,21161;81,54;1,66;0,999
Norway;2017;100,0;100,00001;100,0;;98,34297;;Norway_2017;961,814;5296,326;4343,569;1,17;Europe;;82,01;1,66;
Oman;2001;56,17762;76,3392;84,35632;;74,8314;;Oman_2001;652,896;2294,962;1641,891;;Eastern Mediterranean;;71,54;1,51;
Oman;2002;56,17762;76,33356;84,35632;;74,82558;;Oman_2002;664,6;2334,858;1669,685;0,93;Eastern Mediterranean;;71,51;1,51;
Oman;2003;56,17762;76,32793;84,35632;;74,81976;;Oman_2003;679,589;2386,166;1705,666;1,06;Eastern Mediterranean;;71,48;1,51;
Oman;2004;56,17762;76,41753;84,35632;;74,91228;;Oman_2004;688,77;2445,517;1755,981;1,12;Eastern Mediterranean;;71,8;1,51;
Oman;2005;56,17762;76,57899;84,35632;;75,07899;;Oman_2005;693,105;2511,251;1818,164;0,95;Eastern Mediterranean;;72,4;1,5;
Oman;2006;58,42595;78,13136;85,43187;;76,60155;;Oman_2006;698,251;2580,758;1884,74;0,84;Eastern Mediterranean;;73,03;1,53;
Oman;2007;60,67427;79,66862;86,50743;;78,10972;;Oman_2007;704,911;2657,158;1957,851;0,94;Eastern Mediterranean;;73,68;1,56;
Oman;2008;62,92259;81,19102;87,58298;;79,60374;;Oman_2008;715,134;2750,963;2043,88;0,92;Eastern Mediterranean;;74,3;1,59;
Oman;2009;65,17091;82,69832;88,65855;;81,08335;;Oman_2009;731,574;2876,186;2151,368;0,83;Eastern Mediterranean;;74,8;1,61;
Oman;2010;67,41924;84,19131;89,7341;;82,54932;;Oman_2010;755,463;3041,434;2285,997;0,59;Eastern Mediterranean;;75,16;1,64;
Oman;2011;69,66756;85,77425;90,80966;;84,1125;;Oman_2011;771,005;3251,108;2466,263;0,43;Eastern Mediterranean;;75,86;1,66;
Oman;2012;71,91588;87,4049;91,88522;;85,7299;;Oman_2012;777,34;3498,029;2687,304;0,46;Eastern Mediterranean;;76,82;1,67;
Oman;2013;74,1642;88,99132;92,96078;;87,30409;;Oman_2013;783,774;3764,806;2927,707;0,46;Eastern Mediterranean;;77,77;1,69;
Oman;2014;76,41253;90,53712;94,03634;;88,83868;;Oman_2014;786,43;4027,26;3174,495;0,73;Eastern Mediterranean;;78,83;1,7;
Oman;2015;77,9;91,5668;94,7;;89,8684;;Oman_2015;783,245;4267,348;3416,565;0,78;Eastern Mediterranean;;80,06;1,7;
Oman;2016;77,9;91,75999;94,7;;90,07999;;Oman_2016;774,333;4479,219;3650,429;0,76;Eastern Mediterranean;0,04553;81,5;1,68;0,9586
Oman;2017;77,9;91,93808;94,7;;90,27504;;Oman_2017;762,22;4665,928;3874,042;0,75;Eastern Mediterranean;;83,03;1,66;
Pakistan;2000;81,49213;85,99668;95,14976;31,59423;37,86203;50,59792;Pakistan_2000;92835,896;142343,578;45687,389;-1,1;Eastern Mediterranean;;32,1;48,13;
Pakistan;2001;81,64903;86,05538;94,92918;31,65506;37,90138;50,48063;Pakistan_2001;94617,502;145978,402;46983,935;;Eastern Mediterranean;;32,19;48,15;
Pakistan;2002;82,1537;86,40558;94,89149;31,71589;37,94041;50,36333;Pakistan_2002;96368,659;149549,7;48285,484;-1,64;Eastern Mediterranean;;32,29;48,47;
Pakistan;2003;82,6597;86,7542;94,85297;31,77673;37,97872;50,24603;Pakistan_2003;98104,46;153093,373;49598,941;-1,55;Eastern Mediterranean;;32,4;48,78;
Pakistan;2004;83,16703;87,10136;94,81358;31,83756;38,0165;50,12873;Pakistan_2004;99845,05;156664,697;50935,25;-1,58;Eastern Mediterranean;;32,51;49,08;
Pakistan;2005;83,6757;87,4469;94,77335;31,89839;37,82212;49,33035;Pakistan_2005;101607,86;160304,008;52301,807;-1,75;Eastern Mediterranean;;32,63;49,62;
Pakistan;2006;84,1857;87,79094;94,73226;31,95922;37,62554;48,53516;Pakistan_2006;103392,912;164022,627;53701,081;-2,03;Eastern Mediterranean;;32,74;50,17;
Pakistan;2007;84,69703;88,13342;94,69032;32,02005;37,42676;47,74316;Pakistan_2007;105200,045;167808,105;55132,929;-2,43;Eastern Mediterranean;;32,85;50,71;
Pakistan;2008;85,2097;88,47424;94,64754;32,08089;37,22562;46,95436;Pakistan_2008;107040,193;171648,986;56604,41;-2,57;Eastern Mediterranean;;32,98;51,25;
Pakistan;2009;85,7237;88,81339;94,6039;32,14172;37,02214;46,16875;Pakistan_2009;108927,738;175525,609;58121,842;-2,64;Eastern Mediterranean;;33,11;51,79;
Pakistan;2010;86,23904;89,15092;94,5594;32,20255;36,81648;45,38634;Pakistan_2010;110868,669;179424,641;59691,513;-2,68;Eastern Mediterranean;;33,27;52,33;
Pakistan;2011;86,75571;89,4868;94,51405;32,26338;36,60863;44,60712;Pakistan_2011;112867,839;183340,174;61316,426;-2,81;Eastern Mediterranean;;33,44;52,88;
Pakistan;2012;87,27371;89,82101;94,46786;32,32421;36,39857;43,8311;Pakistan_2012;114917,348;187280,129;62994,185;-2,68;Eastern Mediterranean;;33,64;53,42;
Pakistan;2013;87,79305;90,15339;94,42081;32,38505;36,1861;43,05827;Pakistan_2013;116999,097;191260,806;64713,498;-2,6;Eastern Mediterranean;;33,84;53,97;
Pakistan;2014;88,31372;90,48406;94,3729;32,44588;35,97146;42,28864;Pakistan_2014;119084,632;195305,013;66461,625;-2,4;Eastern Mediterranean;;34,03;54,51;
Pakistan;2015;88,83573;90,81299;94,32415;32,50671;35,75463;41,5222;Pakistan_2015;121153,73;199426,964;68226,783;-2,48;Eastern Mediterranean;;34,21;55,06;
Pakistan;2016;89,35907;91,14014;94,27454;32,56754;35,53562;40,75896;Pakistan_2016;123198,205;203631,353;70005,271;-2,48;Eastern Mediterranean;19,58922;34,38;55,6;0,8588
Pakistan;2017;89,88374;91,46545;94,22408;32,62838;35,31435;39,99891;Pakistan_2017;125220,255;207906,209;71795,7;-2,41;Eastern Mediterranean;;34,53;56,15;
Palau;2000;78,04351;90,67849;96,00674;;;;Palau_2000;5,688;19,105;13,487;;Western Pacific;;70,59;;
Palau;2001;78,04351;90,63448;96,00674;;;;Palau_2001;5,803;19,386;13,601;;Western Pacific;;70,16;;
Palau;2002;78,04351;90,59029;96,00674;;;;Palau_2002;5,902;19,637;13,672;;Western Pacific;;69,62;;
Palau;2003;78,04351;90,54591;96,00674;;;;Palau_2003;5,989;19,809;13,711;1,17;Western Pacific;;69,22;;
Palau;2004;79,76682;91,45247;96,36977;;;;Palau_2004;5,865;19,867;13,939;1,13;Western Pacific;;70,16;;
Palau;2005;81,49014;92,33559;96,73279;;;;Palau_2005;5,743;19,781;14,163;1,07;Western Pacific;;71,6;;
Palau;2006;83,21346;93,19627;97,09581;;;;Palau_2006;5,621;19,54;14,391;1,04;Western Pacific;;73,65;;
Palau;2007;84,93678;94,03468;97,45884;;;;Palau_2007;5,501;19,158;14,615;1,08;Western Pacific;;76,29;;
Palau;2008;86,6601;94,8516;97,82186;;;;Palau_2008;5,383;18,704;14,845;1,01;Western Pacific;;79,37;;
Palau;2009;88,38342;95,64719;98,18488;;;;Palau_2009;5,267;18,285;15,075;1,38;Western Pacific;;82,44;;
Palau;2010;90,10673;96,42216;98,5479;;;;Palau_2010;5,155;17,955;15,315;1,45;Western Pacific;;85,3;;
Palau;2011;91,83005;97,1769;98,91093;;;;Palau_2011;5,044;17,745;15,555;1,06;Western Pacific;;87,66;;
Palau;2012;93,55337;97,91211;99,27396;;;;Palau_2012;4,942;17,64;15,816;1,03;Western Pacific;;89,66;;
Palau;2013;95,27668;98,6281;99,63698;;;;Palau_2013;4,841;17,606;16,079;1,05;Western Pacific;;91,33;;
Palau;2014;97,0;99,32551;100,0;;;;Palau_2014;4,743;17,626;16,351;0,99;Western Pacific;;92,77;;
Palau;2015;98,72332;99,72116;100,0;;;;Palau_2015;4,65;17,665;16,638;0,92;Western Pacific;;94,19;;
Palau;2016;100,0;100,00001;100,0;;;;Palau_2016;4,564;17,725;16,939;0,95;Western Pacific;;95,57;;
Palau;2017;100,0;100,0;100,0;;;;Palau_2017;4,484;17,808;17,245;0,87;Western Pacific;;96,84;;
Panama;2000;74,51039;88,22871;96,56627;;;;Panama_2000;1145,519;3030,328;1884,828;0,25;Americas;;62,2;;
Panama;2001;75,70317;88,88029;96,78757;;;;Panama_2001;1158,733;3089,648;1930,951;;Americas;;62,5;;
Panama;2002;76,84623;89,50716;97,00887;;;;Panama_2002;1171,701;3149,188;1977,564;0,34;Americas;;62,8;;
Panama;2003;77,91996;90,10296;97,23016;;;;Panama_2003;1184,467;3209,048;2024,707;0,07;Americas;;63,09;;
Panama;2004;78,99007;90,65277;97,38926;;;;Panama_2004;1197,063;3269,356;2072,478;0,08;Americas;;63,39;;
Panama;2005;80,05658;91,10811;97,41083;;;;Panama_2005;1209,565;3330,217;2120,9;-0,16;Americas;;63,69;;
Panama;2006;81,11947;91,55524;97,43149;;;;Panama_2006;1221,915;3391,666;2169,99;-0,07;Americas;;63,98;;
Panama;2007;82,17875;91,99408;97,45125;;;;Panama_2007;1234,105;3453,675;2219,702;-0,06;Americas;;64,27;;
Panama;2008;83,23441;92,42497;97,47011;;;;Panama_2008;1246,153;3516,204;2270,115;-0,1;Americas;;64,56;;
Panama;2009;84,28646;92,84783;97,48806;;;;Panama_2009;1258,135;3579,215;2321,25;0,06;Americas;;64,85;;
Panama;2010;85,3349;93,26257;97,5051;;;;Panama_2010;1270,027;3642,687;2373,195;-0,12;Americas;;65,15;;
Panama;2011;86,37972;93,6704;97,52125;;;;Panama_2011;1281,524;3706,483;2426,258;-0,03;Americas;;65,46;;
Panama;2012;87,42094;94,07099;97,53648;;;;Panama_2012;1292,567;3770,626;2480,371;-0,18;Americas;;65,78;;
Panama;2013;88,45853;94,46416;97,55082;;;;Panama_2013;1303,066;3835,435;2535,396;-0,14;Americas;;66,1;;
Panama;2014;89,49252;94,88219;97,61304;;;;Panama_2014;1312,887;3901,314;2591,099;0,21;Americas;;66,42;;
Panama;2015;90,52289;95,49435;97,97679;;;;Panama_2015;1321,936;3968,487;2647,313;0,39;Americas;;66,71;;
Panama;2016;91,69141;95,97945;98,08889;;;;Panama_2016;1330,168;4037,078;2703,951;0,41;Americas;1,89632;66,98;;0,9705
Panama;2017;92,85992;96,38242;98,08889;;;;Panama_2017;1337,579;4106,769;2761,008;0,39;Americas;;67,23;;
Papua New Guinea;2000;26,53674;34,00038;83,06234;;;;Papua New Guinea_2000;4836,481;5847,586;735,741;-0,21;Western Pacific;;12,58;;
Papua New Guinea;2001;26,53674;33,98795;83,06234;;;;Papua New Guinea_2001;4962,641;5974,629;753,511;;Western Pacific;;12,61;;
Papua New Guinea;2002;26,53674;33,97777;83,06234;;;;Papua New Guinea_2002;5090,608;6098,621;771,708;-0,55;Western Pacific;;12,65;;
Papua New Guinea;2003;26,53674;33,96759;83,06234;;;;Papua New Guinea_2003;5220,577;6223,377;790,147;-0,56;Western Pacific;;12,7;;
Papua New Guinea;2004;26,53674;33,95686;83,06234;;;;Papua New Guinea_2004;5352,671;6354,245;808,846;-0,55;Western Pacific;;12,73;;
Papua New Guinea;2005;27,15906;34,51468;83,27026;;;;Papua New Guinea_2005;5486,901;6494,903;827,808;-0,93;Western Pacific;;12,75;;
Papua New Guinea;2006;27,78138;35,07264;83,47819;;;;Papua New Guinea_2006;5623,247;6646,895;847,025;-0,87;Western Pacific;;12,74;;
Papua New Guinea;2007;28,4037;35,63076;83,68611;;;;Papua New Guinea_2007;5761,463;6808,514;866,459;-0,75;Western Pacific;;12,73;;
Papua New Guinea;2008;29,02601;36,18903;83,89404;;;;Papua New Guinea_2008;5901,14;6976,201;886,047;-0,61;Western Pacific;;12,7;;
Papua New Guinea;2009;29,64833;36,74745;84,10197;;;;Papua New Guinea_2009;6041,735;7144,776;905,712;-0,79;Western Pacific;;12,68;;
Papua New Guinea;2010;30,27065;37,30602;84,30989;;;;Papua New Guinea_2010;6182,852;7310,507;925,387;-0,81;Western Pacific;;12,66;;
Papua New Guinea;2011;30,89297;37,8642;84,51781;;;;Papua New Guinea_2011;6324,3;7472,199;945,048;-0,75;Western Pacific;;12,65;;
Papua New Guinea;2012;31,51529;38,42307;84,72574;;;;Papua New Guinea_2012;6466,137;7631,001;964,699;-0,59;Western Pacific;;12,64;;
Papua New Guinea;2013;32,13761;38,98948;84,93366;;;;Papua New Guinea_2013;6607,438;7788,38;985,427;-0,52;Western Pacific;;12,65;;
Papua New Guinea;2014;32,75993;39,56326;85,14159;;;;Papua New Guinea_2014;6748,445;7946,73;1007,34;-0,34;Western Pacific;;12,68;;
Papua New Guinea;2015;33,38225;40,14423;85,34951;;;;Papua New Guinea_2015;6889,286;8107,775;1030,539;-0,42;Western Pacific;;12,71;;
Papua New Guinea;2016;34,00457;40,73222;85,55743;;;;Papua New Guinea_2016;7029,89;8271,762;1055,101;-0,5;Western Pacific;16,30974;12,76;;0,623
Papua New Guinea;2017;34,62689;41,32705;85,76537;;;;Papua New Guinea_2017;7170,073;8438,036;1081,089;-0,7;Western Pacific;;12,81;;
Paraguay;2000;52,68544;75,35586;93,6578;26,74168;49,36394;67,627;Paraguay_2000;2368,649;5323,201;2934,051;-0,97;Americas;;55,12;25,99;
Paraguay;2001;55,50098;77,06554;94,03252;28,17077;50,40427;67,89758;Paraguay_2001;2380,757;5428,444;3025,867;;Americas;;55,74;26,66;
Paraguay;2002;58,28795;78,73148;94,40725;29,59987;51,42951;68,16815;Paraguay_2002;2390,764;5531,962;3117,847;-1,22;Americas;;56,36;27,3;
Paraguay;2003;61,07216;80,279;94,78197;31,02896;52,34393;68,43873;Paraguay_2003;2412,728;5632,983;3195,222;-0,75;Americas;;56,72;27,94;
Paraguay;2004;63,85361;81,78773;95,14952;32,45805;53,23183;68,7093;Paraguay_2004;2435,187;5730,549;3268,553;-0,57;Americas;;57,04;28,56;
Paraguay;2005;66,6323;83,27942;95,51701;33,88714;54,11214;68,97988;Paraguay_2005;2455,395;5824,096;3340,099;-0,65;Americas;;57,35;29,17;
Paraguay;2006;69,40823;84,75384;95,88444;35,31623;54,98451;69,25046;Paraguay_2006;2473,144;5913,209;3409,652;-0,77;Americas;;57,66;29,77;
Paraguay;2007;72,1814;86,21108;96,25181;36,74533;55,84898;69,52103;Paraguay_2007;2488,72;5998,427;3477,439;-0,74;Americas;;57,97;30,36;
Paraguay;2008;74,95182;87,65146;96,61913;38,17442;56,70589;69,79161;Paraguay_2008;2502,774;6081,296;3544,343;-0,72;Americas;;58,28;30,95;
Paraguay;2009;77,71947;89,07481;96,98638;39,60351;57,55494;70,06219;Paraguay_2009;2516,303;6163,972;3611,534;-0,88;Americas;;58,59;31,52;
Paraguay;2010;80,48437;90,48124;97,35358;41,0326;58,39617;70,33276;Paraguay_2010;2529,866;6248,02;3680,011;-0,83;Americas;;58,9;32,09;
Paraguay;2011;83,24651;91,87083;97,72073;42,46169;59,22961;70,60334;Paraguay_2011;2543,703;6333,976;3750,08;-0,69;Americas;;59,21;32,64;
Paraguay;2012;86,00588;93,24381;98,08782;43,89079;60,05557;70,87392;Paraguay_2012;2557,635;6421,513;3821,584;-0,87;Americas;;59,51;33,19;
Paraguay;2013;88,7625;94,59701;98,45486;45,31988;60,86552;71,14449;Paraguay_2013;2573,579;6510,276;3892,161;-0,74;Americas;;59,78;33,73;
Paraguay;2014;91,51637;95,93427;98,82183;46,74897;61,66555;71,41507;Paraguay_2014;2590,005;6599,526;3962,579;-0,09;Americas;;60,04;34,27;
Paraguay;2015;94,26746;97,25714;99,18875;48,17806;62,45892;71,68565;Paraguay_2015;2605,873;6688,746;4033,246;0,04;Americas;;60,3;34,8;
Paraguay;2016;97,01581;98,56575;99,55561;49,60715;63,2459;71,95623;Paraguay_2016;2621,149;6777,872;4104,159;0,14;Americas;1,46453;60,55;35,32;0,9856
Paraguay;2017;99,16019;99,6102;99,8943;50,72869;63,89457;72,20647;Paraguay_2017;2635,972;6867,061;4175,325;0,0;Americas;;60,8;35,72;
Peru;2000;51,31621;80,67446;91,50986;14,04684;45,06945;56,51913;Peru_2000;6986,192;26459,944;18928,687;-0,99;Americas;;71,54;35,61;
Peru;2001;52,74749;81,39324;91,74889;14,44118;45,44669;56,65542;Peru_2001;6972,982;26799,285;19288,381;;Americas;;71,97;35,95;
Peru;2002;54,17826;82,10076;91,98801;14,83552;45,82017;56,79171;Peru_2002;6956,188;27100,968;19645,279;-0,97;Americas;;72,49;36,28;
Peru;2003;55,60852;82,79754;92,22722;15,22987;46,19032;56,928;Peru_2003;6936,737;27372,226;20001,001;-1,16;Americas;;73,07;36,61;
Peru;2004;57,03827;83,48332;92,46651;15,62421;46,55674;57,06429;Peru_2004;6915,339;27624,213;20357,855;-1,03;Americas;;73,7;36,93;
Peru;2005;58,46751;84,15794;92,70589;16,01855;46,91908;57,20058;Peru_2005;6893,135;27866,145;20717,275;-0,98;Americas;;74,35;37,24;
Peru;2006;59,89624;84,82222;92,94537;16,4129;47,27817;57,33688;Peru_2006;6869,848;28102,056;21080,096;-0,84;Americas;;75,01;37,54;
Peru;2007;61,32446;85,47565;93,18493;16,80724;47,63323;57,47317;Peru_2007;6845,868;28333,052;21446,856;-0,77;Americas;;75,7;37,84;
Peru;2008;62,75216;86,07915;93,42458;17,20158;47,93258;57,60946;Peru_2008;6859,12;28562,317;21782,86;-0,89;Americas;;76,26;38,15;
Peru;2009;64,17936;86,65898;93,66431;17,59592;48,20655;57,74575;Peru_2009;6890,339;28792,655;22111,168;-1,18;Americas;;76,79;38,45;
Peru;2010;65,60605;87,23428;93,90414;17,99026;48,47955;57,88204;Peru_2010;6923,397;29027,674;22450,249;-1,0;Americas;;77,34;38,75;
Peru;2011;67,03223;87,80449;94,14405;18,38461;48,75078;58,01833;Peru_2011;6958,683;29264,318;22801,306;-0,76;Americas;;77,92;39,05;
Peru;2012;68,45789;88,37022;94,38405;18,77895;49,02104;58,15462;Peru_2012;6995,686;29506,788;23163,28;-0,91;Americas;;78,5;39,35;
Peru;2013;69,88306;88,93097;94,62414;19,17329;49,28956;58,29092;Peru_2013;7033,463;29773,987;23532,253;-0,81;Americas;;79,04;39,64;
Peru;2014;71,3077;89,48705;94,86432;19,56763;49,55673;58,42721;Peru_2014;7070,179;30090,359;23903,175;-0,55;Americas;;79,44;39,93;
Peru;2015;72,73184;90,03873;95,10458;19,96198;49,82296;58,5635;Peru_2015;7104,742;30470,734;24271,929;-0,4;Americas;;79,66;40,22;
Peru;2016;74,15546;90,58557;95,34494;20,35632;50,08746;58,69979;Peru_2016;7136,697;30926,032;24637,142;-0,2;Americas;1,27684;79,66;40,5;0,9466
Peru;2017;75,57858;91,12787;95,58538;20,75066;50,35065;58,83608;Peru_2017;7166,47;31444,298;24999,015;-0,26;Americas;;79,5;40,78;
Philippines;2000;79,31756;85,60159;92,93853;21,42172;36,01599;53,05556;Philippines_2000;42010,504;77991,755;35981,065;-1,39;Western Pacific;;46,13;49,59;
Philippines;2001;79,84174;85,94399;93,0931;21,56328;36,10611;53,1438;Philippines_2001;42979,692;79672,873;36685,623;;Western Pacific;;46,05;49,84;
Philippines;2002;80,46446;86,3998;93,3772;23,81116;38,2178;55,15379;Philippines_2002;43958,821;81365,258;37393,239;-0,86;Western Pacific;;45,96;48,18;
Philippines;2003;81,08847;86,85708;93,66173;26,08651;40,34769;57,17015;Philippines_2003;44937,089;83051,971;38094,865;-1,56;Western Pacific;;45,87;46,51;
Philippines;2004;81,71377;87,31583;93,94668;28,38934;42,49583;59,19289;Philippines_2004;45900,211;84710,542;38778,282;-1,71;Western Pacific;;45,78;44,82;
Philippines;2005;82,34035;87,77605;94,23206;30,71965;44,22925;60,27467;Philippines_2005;46838,332;86326,25;39435,905;-1,18;Western Pacific;;45,68;43,55;
Philippines;2006;82,96822;88,23775;94,51788;31,48269;44,66439;60,3741;Philippines_2006;47746,31;87888,675;40063,109;-1,64;Western Pacific;;45,58;43,57;
Philippines;2007;83,59737;88,70092;94,80412;31,68281;44,7941;60,47352;Philippines_2007;48629,037;89405,482;40664,453;-1,6;Western Pacific;;45,48;43,91;
Philippines;2008;84,22781;89,16557;95,09079;31,88293;44,92397;60,57294;Philippines_2008;49500,348;90901,965;41251,516;-1,78;Western Pacific;;45,38;44,24;
Philippines;2009;84,85953;89,63181;95,37789;32,08305;45,05431;60,67237;Philippines_2009;50379,709;92414,158;41841,17;-1,73;Western Pacific;;45,28;44,58;
Philippines;2010;85,49254;90,10411;95,66542;32,28317;45,19763;60,77179;Philippines_2010;51238,69;93966,78;42487,934;-1,65;Western Pacific;;45,22;44,91;
Philippines;2011;86,12683;90,60007;95,95338;32,48329;45,40604;60,87121;Philippines_2011;51905,589;95570,05;43372,351;-1,39;Western Pacific;;45,38;45,19;
Philippines;2012;86,76241;91,09562;96,24177;32,68341;45,61407;60,97064;Philippines_2012;52586,504;97212,643;44280,138;-1,19;Western Pacific;;45,55;45,48;
Philippines;2013;87,39928;91,59082;96,53059;32,88353;45,82199;61,07006;Philippines_2013;53275,654;98871,555;45205,378;-1,08;Western Pacific;;45,72;45,77;
Philippines;2014;88,03743;92,0855;96,81983;33,08365;46,02925;61,16948;Philippines_2014;53961,963;100513,142;46140,286;-0,71;Western Pacific;;45,9;46,06;
Philippines;2015;88,67686;92,57983;97,10951;33,28377;46,23641;61,26891;Philippines_2015;54638,16;102113,212;47078,199;-0,86;Western Pacific;;46,1;46,34;
Philippines;2016;89,31759;93,07372;97,39962;33,48389;46,44318;61,36833;Philippines_2016;55302,333;103663,816;48017,889;-1,38;Western Pacific;4,19289;46,32;46,63;0,9447
Philippines;2017;89,95959;93,56837;97,69016;33,68401;46,65402;61,46775;Philippines_2017;55939,801;105172,925;48978,289;-1,18;Western Pacific;;46,57;46,91;
Poland;2005;94,00161;97,05984;98,97823;;94,03376;;Poland_2005;14787,876;38368,949;23574,79;0,36;Europe;;61,44;3,03;
Poland;2006;94,00161;97,05431;98,97823;;94,23042;;Poland_2006;14822,414;38354,45;23518,622;0,35;Europe;;61,32;2,82;
Poland;2007;94,00161;97,04874;98,97823;;94,42784;;Poland_2007;14860,895;38353,338;23468,69;0,68;Europe;;61,19;2,62;
Poland;2008;94,00161;97,04311;98,97823;;94,62604;;Poland_2008;14902,394;38356,786;23423,295;0,91;Europe;;61,07;2,42;
Poland;2009;94,00161;97,03754;98,97823;;94,82521;;Poland_2009;14945,01;38351,916;23379,86;0,94;Europe;;60,96;2,21;
Poland;2010;94,69355;97,36887;99,0871;;95,34973;;Poland_2010;14987,475;38329,781;23335,927;1,02;Europe;;60,88;2,02;
Poland;2011;95,38548;97,7015;99,19597;;95,87903;;Poland_2011;15029,607;38286,831;23291,34;1,07;Europe;;60,83;1,82;
Poland;2012;96,07742;98,03498;99,30484;;96,41226;;Poland_2012;15076,293;38227,044;23241,111;1,05;Europe;;60,8;1,62;
Poland;2013;96,76936;98,36996;99,41371;;96,95062;;Poland_2013;15121,151;38158,041;23188,3;0,97;Europe;;60,77;1,42;
Poland;2014;97,46129;98,70638;99,52258;;97,49403;;Poland_2014;15162,767;38091,089;23130,293;0,84;Europe;;60,72;1,21;
Poland;2015;98,15323;99,04427;99,63145;;98,04259;;Poland_2015;15199,849;38034,079;23065,377;0,87;Europe;;60,64;1,0;
Poland;2016;98,84516;99,38385;99,74033;;98,59683;;Poland_2016;15221,747;37989,22;23002,663;0,51;Europe;0,09072;60,55;0,79;0,9965
Poland;2017;99,53709;99,72469;99,84919;;99,15607;;Poland_2017;15228,329;37953,18;22942,383;0,52;Europe;;60,45;0,57;
Portugal;2000;98,49647;98,54304;98,58208;;93,44076;;Portugal_2000;4721,99;10297,112;5633,127;1,4;Europe;;54,71;5,1;
Portugal;2001;98,58521;98,64534;98,69446;;93,57578;;Portugal_2001;4675,151;10341,454;5724,161;;Europe;;55,35;5,07;
Portugal;2002;98,67393;98,74792;98,80684;;93,70979;;Portugal_2002;4630,074;10385,987;5813,594;1,44;Europe;;55,98;5,04;
Portugal;2003;98,76267;98,85079;98,91922;;93,8441;;Portugal_2003;4584,232;10429,612;5902,881;1,29;Europe;;56,6;5,01;
Portugal;2004;98,85141;98,95396;99,03161;;93,9787;;Portugal_2004;4536,981;10470,921;5991,287;0,97;Europe;;57,22;4,98;
Portugal;2005;98,94015;99,0574;99,14399;;94,11334;;Portugal_2005;4488,055;10508,495;6077,668;1,02;Europe;;57,84;4,94;
Portugal;2006;99,02888;99,16114;99,25637;;94,24834;;Portugal_2006;4437,475;10542,83;6162,476;0,95;Europe;;58,45;4,91;
Portugal;2007;99,11762;99,26516;99,36875;;94,3835;;Portugal_2007;4385,066;10573,143;6245,054;0,82;Europe;;59,07;4,88;
Portugal;2008;99,20636;99,36946;99,48113;;94,51888;;Portugal_2008;4329,158;10595,314;6322,941;0,99;Europe;;59,68;4,85;
Portugal;2009;99,2951;99,47404;99,59351;;94,6543;;Portugal_2009;4268,076;10604,056;6392,54;0,79;Europe;;60,28;4,82;
Portugal;2010;99,38383;99,5789;99,70589;;94,78994;;Portugal_2010;4200,496;10596,058;6451,825;0,72;Europe;;60,89;4,79;
Portugal;2011;99,47256;99,68403;99,81828;;94,92574;;Portugal_2011;4126,097;10569,38;6499,233;0,74;Europe;;61,49;4,76;
Portugal;2012;99,5613;99,78943;99,93066;;95,06161;;Portugal_2012;4046,172;10526,308;6535,649;0,78;Europe;;62,09;4,73;
Portugal;2013;99,65004;99,86825;100,0;;95,17123;;Portugal_2013;3963,418;10473,021;6564,256;0,75;Europe;;62,68;4,7;
Portugal;2014;99,73878;99,90318;100,0;;95,2378;;Portugal_2014;3881,018;10418,218;6590,15;0,81;Europe;;63,26;4,67;
Portugal;2015;99,73878;99,90469;100,0;;95,27341;;Portugal_2015;3801,276;10368,351;6617,197;0,92;Europe;;63,82;4,63;
Portugal;2016;99,73878;99,90618;100,0;;95,30865;;Portugal_2016;3724,867;10325,538;6646,76;0,97;Europe;0,15292;64,37;4,6;0,9988
Portugal;2017;99,73878;99,90766;100,0;;95,3119;;Portugal_2017;3651,305;10288,527;6678,201;1,12;Europe;;64,91;4,6;
Qatar;2000;;100,0;;;96,6;;Qatar_2000;21,85;592,468;570,417;1,16;Eastern Mediterranean;;96,28;3,4;
Qatar;2001;;100,0;;;96,6;;Qatar_2001;21,554;615,012;595,332;;Eastern Mediterranean;;96,8;3,4;
Qatar;2002;;100,0;;;96,6;;Qatar_2002;21,361;640,868;624,298;0,83;Eastern Mediterranean;;97,41;3,4;
Qatar;2003;;100,0;;;96,6;;Qatar_2003;21,57;681,788;667,016;1,19;Eastern Mediterranean;;97,83;3,4;
Qatar;2004;;100,0;;;96,6;;Qatar_2004;22,085;753,334;736,77;1,12;Eastern Mediterranean;;97,8;3,4;
Qatar;2005;;100,0;;;96,6;;Qatar_2005;22,523;865,416;842,34;1,03;Eastern Mediterranean;;97,33;3,4;
Qatar;2006;;100,0;;;96,6;;Qatar_2006;23,534;1022,711;986,848;0,93;Eastern Mediterranean;;96,49;3,4;
Qatar;2007;;100,0;;;96,6;;Qatar_2007;24,776;1218,434;1164,857;0,95;Eastern Mediterranean;;95,6;3,4;
Qatar;2008;;100,0;;;96,6;;Qatar_2008;25,861;1436,665;1363,481;1,11;Eastern Mediterranean;;94,91;3,4;
Qatar;2009;;100,0;;;96,6;;Qatar_2009;26,467;1654,95;1564,313;1,22;Eastern Mediterranean;;94,52;3,4;
Qatar;2010;;100,0;;;96,6;;Qatar_2010;26,68;1856,327;1752,996;1,15;Eastern Mediterranean;;94,43;3,4;
Qatar;2011;;99,9383;;;96,5404;;Qatar_2011;27,283;2035,871;1924,771;1,17;Eastern Mediterranean;;94,54;3,4;
Qatar;2012;;99,8766;;;96,4808;;Qatar_2012;27,484;2196,073;2082,084;1,22;Eastern Mediterranean;;94,81;3,4;
Qatar;2013;;99,8149;;;96,4212;;Qatar_2013;27,334;2336,574;2223,139;1,21;Eastern Mediterranean;;95,15;3,39;
Qatar;2014;;99,7532;;;96,3616;;Qatar_2014;26,882;2459,198;2347,537;0,98;Eastern Mediterranean;;95,46;3,39;
Qatar;2015;;99,6915;;;96,30199;;Qatar_2015;26,186;2565,71;2455,353;1,0;Eastern Mediterranean;;95,7;3,39;
Qatar;2016;;99,6298;;;96,24239;;Qatar_2016;25,324;2654,374;2544,48;0,9;Eastern Mediterranean;0,00811;95,86;3,39;0,9981
Qatar;2017;;99,5681;;;96,18279;;Qatar_2017;24,338;2724,728;2614,873;0,66;Eastern Mediterranean;;95,97;3,39;
Republic of Korea;2002;;98,55287;;;96,82212;;Republic of Korea_2002;9457,554;47999,547;38547,232;0,24;Western Pacific;;80,31;1,73;
Republic of Korea;2003;;98,55287;;;96,82212;;Republic of Korea_2003;9338,132;48260,897;38926,894;0,25;Western Pacific;;80,66;1,73;
Republic of Korea;2004;;98,55287;;;96,82212;;Republic of Korea_2004;9213,825;48493,441;39284,258;0,43;Western Pacific;;81,01;1,73;
Republic of Korea;2005;;98,55287;;;96,82212;;Republic of Korea_2005;9086,487;48701,073;39622,01;0,48;Western Pacific;;81,36;1,73;
Republic of Korea;2006;;98,55287;;;96,82212;;Republic of Korea_2006;9031,912;48880,451;39863,933;0,42;Western Pacific;;81,55;1,73;
Republic of Korea;2007;;98,66512;;;97,04539;;Republic of Korea_2007;9012,35;49034,81;40050,079;0,57;Western Pacific;;81,68;1,62;
Republic of Korea;2008;;98,77738;;;97,26893;;Republic of Korea_2008;8990,762;49182,456;40228,223;0,42;Western Pacific;;81,79;1,51;
Republic of Korea;2009;;98,88963;;;97,49271;;Republic of Korea_2009;8969,877;49347,461;40409,331;0,41;Western Pacific;;81,89;1,4;
Republic of Korea;2010;;99,00188;;;97,71676;;Republic of Korea_2010;8951,241;49545,636;40601,614;0,33;Western Pacific;;81,95;1,29;
Republic of Korea;2011;;99,11414;;;97,94106;;Republic of Korea_2011;8992,55;49786,159;40752,109;0,41;Western Pacific;;81,85;1,17;
Republic of Korea;2012;;99,22639;;;98,01016;;Republic of Korea_2012;9065,944;50060,639;40886,3;0,27;Western Pacific;;81,67;1,22;
Republic of Korea;2013;;99,33865;;;98,00467;;Republic of Korea_2013;9141,362;50345,717;41027,88;0,28;Western Pacific;;81,49;1,33;
Republic of Korea;2014;;99,4509;;;97,99892;;Republic of Korea_2014;9217,129;50607,907;41168,431;0,11;Western Pacific;;81,35;1,45;
Republic of Korea;2015;;99,56315;;;97,9929;;Republic of Korea_2015;9291,811;50823,093;41301,851;0,16;Western Pacific;;81,27;1,57;
Republic of Korea;2016;;99,6754;;;98,10338;;Republic of Korea_2016;9365,142;50983,457;41426,777;0,16;Western Pacific;1,80559;81,26;1,57;0,9895
Republic of Korea;2017;;99,78766;;;98,21386;;Republic of Korea_2017;9429,948;51096,415;41552,264;0,32;Western Pacific;;81,32;1,57;
Republic of Moldova;2000;73,70327;83,2464;95,10569;;40,41632;;Republic of Moldova_2000;2327,849;4202,658;1873,24;-0,43;Europe;;44,57;42,83;
Republic of Moldova;2001;74,26108;83,52057;95,21536;;42,32299;;Republic of Moldova_2001;2335,976;4187,093;1849,529;;Europe;;44,17;41,2;
Republic of Moldova;2002;74,81917;83,79846;95,32499;;44,27113;;Republic of Moldova_2002;2347,732;4178,23;1828,884;-0,16;Europe;;43,77;39,53;
Republic of Moldova;2003;75,37753;84,08009;95,43458;;46,26121;;Republic of Moldova_2003;2361,602;4173,274;1810,044;-0,13;Europe;;43,37;37,82;
Republic of Moldova;2004;75,93616;84,36562;95,54412;;48,29424;;Republic of Moldova_2004;2375,227;4167,959;1791,11;-0,22;Europe;;42,97;36,07;
Republic of Moldova;2005;76,49506;84,69014;95,65363;;50,46074;;Republic of Moldova_2005;2379,259;4159,293;1778,44;-0,4;Europe;;42,76;34,23;
Republic of Moldova;2006;77,05425;85,05116;95,76308;;52,74878;;Republic of Moldova_2006;2373,123;4146,265;1771,607;-0,37;Europe;;42,73;32,3;
Republic of Moldova;2007;77,61371;85,41258;95,8725;;55,06377;;Republic of Moldova_2007;2365,195;4130,136;1763,454;-0,02;Europe;;42,7;30,35;
Republic of Moldova;2008;78,17345;85,77444;95,98187;;57,40574;;Republic of Moldova_2008;2356,613;4112,891;1754,827;-0,27;Europe;;42,67;28,37;
Republic of Moldova;2009;78,73346;86,13671;96,09121;;59,77472;;Republic of Moldova_2009;2349,053;4097,518;1746,987;-0,59;Europe;;42,64;26,36;
Republic of Moldova;2010;79,29374;86,4994;96,20049;;62,17075;;Republic of Moldova_2010;2343,69;4086,081;1740,791;-0,38;Europe;;42,6;24,33;
Republic of Moldova;2011;79,8543;86,86251;96,30975;;64,59387;;Republic of Moldova_2011;2340,872;4079,164;1736,496;-0,05;Europe;;42,57;22,27;
Republic of Moldova;2012;80,41514;87,22604;96,41895;;67,04411;;Republic of Moldova_2012;2340,031;4075,808;1733,672;0,05;Europe;;42,54;20,18;
Republic of Moldova;2013;80,97625;87,58999;96,52811;;69,52153;;Republic of Moldova_2013;2340,291;4074,591;1731,673;0,0;Europe;;42,5;18,07;
Republic of Moldova;2014;81,53764;87,95435;96,63723;;72,02614;;Republic of Moldova_2014;2340,388;4073,407;1729,551;-0,16;Europe;;42,46;15,93;
Republic of Moldova;2015;82,07841;88,31776;96,76268;;72,303;;Republic of Moldova_2015;2338,327;4070,7;1727,653;-0,33;Europe;;42,44;16,01;
Republic of Moldova;2016;82,61919;88,68506;96,88814;;72,58717;;Republic of Moldova_2016;2333,836;4066,009;1725,772;-0,3;Europe;0,09594;42,44;16,1;0,943
Republic of Moldova;2017;83,15997;89,05566;97,0136;;72,87791;;Republic of Moldova_2017;2327,145;4059,684;1724,067;-0,32;Europe;;42,47;16,18;
Romania;2000;100,0;100,0;100,0;;81,65202;;Romania_2000;10399,242;22137,419;11728,886;-0,38;Europe;;52,98;18,35;
Romania;2001;100,0;100,0;100,0;;81,609;;Romania_2001;10365,175;21989,35;11618,96;;Europe;;52,84;18,39;
Romania;2002;100,0;100,0;100,0;;81,58862;;Romania_2002;10319,721;21853,273;11534,955;0,46;Europe;;52,78;18,41;
Romania;2003;100,0;100,0;100,0;;81,62598;;Romania_2003;10231,821;21720,407;11497,098;0,32;Europe;;52,93;18,37;
Romania;2004;100,0;100,0;100,0;;81,66306;;Romania_2004;10138,587;21577,885;11452,577;0,06;Europe;;53,08;18,34;
Romania;2005;100,0;100,0;100,0;;81,70013;;Romania_2005;10035,316;21417,291;11395,702;0,08;Europe;;53,21;18,3;
Romania;2006;100,0;100,0;100,0;;81,73721;;Romania_2006;9919,852;21234,305;11324,07;0,15;Europe;;53,33;18,26;
Romania;2007;100,0;100,0;100,0;;81,77429;;Romania_2007;9795,242;21034,189;11240,869;0,2;Europe;;53,44;18,23;
Romania;2008;100,0;100,0;100,0;;81,81137;;Romania_2008;9667,799;20829,517;11153,285;0,18;Europe;;53,55;18,19;
Romania;2009;100,0;100,0;100,0;;81,84845;;Romania_2009;9546,514;20637,991;11071,441;0,36;Europe;;53,65;18,15;
Romania;2010;100,0;100,0;100,0;;81,88552;;Romania_2010;9437,516;20471,864;11002,831;0,27;Europe;;53,75;18,11;
Romania;2011;100,0;100,0;100,0;;81,9226;;Romania_2011;9342,912;20336,718;10950,055;0,19;Europe;;53,84;18,08;
Romania;2012;100,0;100,0;100,0;;81,92657;;Romania_2012;9283,979;20227,469;10887,276;0,08;Europe;;53,82;18,07;
Romania;2013;100,0;100,0;100,0;;81,91609;;Romania_2013;9243,988;20132,776;10824,213;0,18;Europe;;53,76;18,08;
Romania;2014;100,0;100,0;100,0;;81,90562;;Romania_2014;9207,431;20035,93;10765,305;0,05;Europe;;53,73;18,09;
Romania;2015;100,0;100,0;100,0;;81,90194;;Romania_2015;9165,608;19925,175;10711,013;0,19;Europe;;53,76;18,1;
Romania;2016;100,0;100,0;100,0;;81,90562;;Romania_2016;9117,772;19796,285;10660,311;0,28;Europe;0,36236;53,85;18,09;0,9982
Romania;2017;100,0;100,0;100,0;;81,91581;;Romania_2017;9065,003;19653,969;10614,303;0,06;Europe;;54,01;18,08;
Russian Federation;2000;84,87902;95,02948;98,71741;;74,56915;;Russian Federation_2000;39014,773;146404,903;107381,741;-1,4;Europe;;73,35;20,46;
Russian Federation;2001;84,87902;95,02892;98,71741;;74,56792;;Russian Federation_2001;38866,125;145830,721;106948,739;;Europe;;73,34;20,46;
Russian Federation;2002;85,36278;95,15351;98,71239;;74,64227;;Russian Federation_2002;38707,217;145215,7;106487,665;-0,72;Europe;;73,33;20,51;
Russian Federation;2003;85,84653;95,28291;98,70736;;74,72782;;Russian Federation_2003;38498,936;144610,882;106085,759;-1,19;Europe;;73,36;20,56;
Russian Federation;2004;86,33028;95,4136;98,70233;;74,81706;;Russian Federation_2004;38290,132;144080,643;105754,475;-1,51;Europe;;73,4;20,6;
Russian Federation;2005;86,81403;95,54385;98,6973;;74,90604;;Russian Federation_2005;38112,227;143672,116;105505,958;-1,27;Europe;;73,44;20,64;
Russian Federation;2006;87,29779;95,67365;98,69228;;74,99474;;Russian Federation_2006;37969,435;143403,256;105353,498;-0,91;Europe;;73,47;20,68;
Russian Federation;2007;87,78154;95,80302;98,68726;;75,08318;;Russian Federation_2007;37859,367;143266,212;105290,775;-0,86;Europe;;73,49;20,72;
Russian Federation;2008;88,2653;95,93195;98,68223;;75,17134;;Russian Federation_2008;37777,378;143248,764;105305,809;-0,75;Europe;;73,51;20,76;
Russian Federation;2009;88,74905;96,06034;98,6772;;75,25894;;Russian Federation_2009;37715,868;143326,913;105376,897;-0,97;Europe;;73,52;20,8;
Russian Federation;2010;89,2328;96,18839;98,67218;;75,34657;;Russian Federation_2010;37667,89;143479,274;105485,979;-0,93;Europe;;73,52;20,84;
Russian Federation;2011;89,71655;96,31601;98,66715;;75,43392;;Russian Federation_2011;37632,802;143703,025;105631,186;-1,0;Europe;;73,51;20,88;
Russian Federation;2012;90,20031;96,44437;98,66212;;75,52486;;Russian Federation_2012;37589,599;143993,892;105830,998;-0,82;Europe;;73,5;20,92;
Russian Federation;2013;90,68406;96,57319;98,6571;;75,61897;;Russian Federation_2013;37531,491;144325,449;106065,739;-0,74;Europe;;73,49;20,95;
Russian Federation;2014;91,16782;96,70242;98,65208;;75,71668;;Russian Federation_2014;37449,924;144664,841;106311,454;-0,94;Europe;;73,49;20,99;
Russian Federation;2015;91,65157;96,83172;98,64705;;75,81733;;Russian Federation_2015;37338,513;144985,057;106549,491;-1,03;Europe;;73,49;21,01;
Russian Federation;2016;92,13532;96,96095;98,64202;;75,92105;;Russian Federation_2016;37194,234;145275,383;106770,279;-0,95;Europe;0,10474;73,5;21,04;0,9843
Russian Federation;2017;92,61908;97,08991;98,63699;;76,02773;;Russian Federation_2017;37017,128;145530,082;106972,626;-0,64;Europe;;73,51;21,06;
Rwanda;2000;40,99945;45,43856;70,74022;;;24,37536;Rwanda_2000;6827,783;7933,681;1197,92;-1,69;Africa;;15,1;;
Rwanda;2001;41,65583;46,36307;71,39392;;;25,41623;Rwanda_2001;7010,937;8231,156;1318,469;;Africa;;16,02;;
Rwanda;2002;42,31579;47,30437;72,05047;;;26,46725;Rwanda_2002;7104,058;8427,06;1432,147;-1,65;Africa;;16,99;;
Rwanda;2003;42,97932;48,00498;72,70988;;;27,5284;Rwanda_2003;7213,04;8557,161;1467,306;-1,11;Africa;;17,15;;
Rwanda;2004;43,64644;48,67247;73,37215;;;28,59969;Rwanda_2004;7327,409;8680,524;1491,029;-1,19;Africa;;17,18;;
Rwanda;2005;44,31714;49,34341;74,03727;;;29,68111;Rwanda_2005;7471,017;8840,215;1520,718;-1,0;Africa;;17,2;;
Rwanda;2006;44,99142;50,01811;74,70525;;;30,77268;Rwanda_2006;7649,129;9043,337;1557,451;-0,68;Africa;;17,22;;
Rwanda;2007;45,66928;50,69597;75,37608;;;31,87439;Rwanda_2007;7848,805;9273,757;1598,597;-0,36;Africa;;17,24;;
Rwanda;2008;46,35073;51,37729;76,04977;;;32,98623;Rwanda_2008;8065,028;9524,534;1643,141;-0,32;Africa;;17,25;;
Rwanda;2009;47,03575;52,06236;76,72631;;;34,10821;Rwanda_2009;8288,298;9782,77;1689,148;-0,51;Africa;;17,27;;
Rwanda;2010;47,72435;52,7506;77,40572;;;35,24033;Rwanda_2010;8511,644;10039,338;1735,198;-0,27;Africa;;17,28;;
Rwanda;2011;48,41654;53,44229;78,08797;;;36,38259;Rwanda_2011;8734,828;10293,331;1781,243;-0,18;Africa;;17,3;;
Rwanda;2012;49,1123;54,13773;78,77309;;;37,53498;Rwanda_2012;8960,938;10549,673;1827,915;-0,23;Africa;;17,33;;
Rwanda;2013;49,81165;54,83634;79,46106;;;38,69752;Rwanda_2013;9189,947;10811,538;1875,204;-0,11;Africa;;17,34;;
Rwanda;2014;50,51458;55,54314;80,15189;;;39,87019;Rwanda_2014;9420,354;11083,63;1925,003;-0,31;Africa;;17,37;;
Rwanda;2015;51,22109;56,25843;80,84557;;;41,05301;Rwanda_2015;9652,086;11369,071;1977,467;0,01;Africa;;17,39;;
Rwanda;2016;51,93118;56,98162;81,54211;;;42,24595;Rwanda_2016;9884,801;11668,827;2032,707;-0,05;Africa;19,34948;17,42;;0,6892
Rwanda;2017;52,64485;57,71328;82,24151;;;43,44904;Rwanda_2017;10117,663;11980,961;2090,744;0,09;Africa;;17,45;;
Saint Kitts and Nevis;2000;;98,21339;;;;;Saint Kitts and Nevis_2000;30,501;44,074;14,873;;Americas;;33,75;;
Saint Kitts and Nevis;2001;;98,2972;;;;;Saint Kitts and Nevis_2001;30,998;44,599;14,992;;Americas;;33,62;;
Saint Kitts and Nevis;2002;;98,381;;;;;Saint Kitts and Nevis_2002;31,504;45,165;15,137;;Americas;;33,51;;
Saint Kitts and Nevis;2003;;98,4648;;;;;Saint Kitts and Nevis_2003;32,02;45,746;15,286;1,17;Americas;;33,41;;
Saint Kitts and Nevis;2004;;98,5486;;;;;Saint Kitts and Nevis_2004;32,539;46,324;15,432;1,36;Americas;;33,31;;
Saint Kitts and Nevis;2005;;98,6324;;;;;Saint Kitts and Nevis_2005;33,042;46,857;15,569;1,29;Americas;;33,23;;
Saint Kitts and Nevis;2006;;98,7162;;;;;Saint Kitts and Nevis_2006;33,519;47,339;15,691;1,21;Americas;;33,15;;
Saint Kitts and Nevis;2007;;98,8;;;;;Saint Kitts and Nevis_2007;33,98;47,778;15,803;0,8;Americas;;33,08;;
Saint Kitts and Nevis;2008;;98,8838;;;;;Saint Kitts and Nevis_2008;34,426;48,185;15,906;0,92;Americas;;33,01;;
Saint Kitts and Nevis;2009;;98,96761;;;;;Saint Kitts and Nevis_2009;34,876;48,599;16,01;1,09;Americas;;32,94;;
Saint Kitts and Nevis;2010;;98,96761;;;;;Saint Kitts and Nevis_2010;35,331;49,016;16,114;1,04;Americas;;32,87;;
Saint Kitts and Nevis;2011;;98,96761;;;;;Saint Kitts and Nevis_2011;35,789;49,447;16,217;0,96;Americas;;32,8;;
Saint Kitts and Nevis;2012;;98,96761;;;;;Saint Kitts and Nevis_2012;36,255;49,887;16,336;0,98;Americas;;32,75;;
Saint Kitts and Nevis;2013;;98,96761;;;;;Saint Kitts and Nevis_2013;36,706;50,331;16,463;0,96;Americas;;32,71;;
Saint Lucia;2000;86,79198;88,48084;92,87268;;;;Saint Lucia_2000;113,358;156,729;43,591;1,22;Americas;;27,81;;
Saint Lucia;2001;86,79198;88,46254;92,87268;;;;Saint Lucia_2001;114,93;158,179;43,534;;Americas;;27,52;;
Saint Lucia;2002;86,79198;88,39297;92,87268;;;;Saint Lucia_2002;117,699;159,392;42,064;0,36;Americas;;26,39;;
Saint Lucia;2003;87,75063;89,17725;93,40823;;;;Saint Lucia_2003;120,382;160,53;40,591;1,17;Americas;;25,29;;
Saint Lucia;2004;88,70926;89,97251;93,94379;;;;Saint Lucia_2004;123,095;161,816;39,156;1,22;Americas;;24,2;;
Saint Lucia;2005;89,66789;90,77862;94,47934;;;;Saint Lucia_2005;125,92;163,417;37,794;1,0;Americas;;23,13;;
Saint Lucia;2006;90,62653;91,59496;95,01489;;;;Saint Lucia_2006;128,905;165,381;36,502;0,86;Americas;;22,07;;
Saint Lucia;2007;91,58517;92,42121;95,55045;;;;Saint Lucia_2007;132,017;167,639;35,271;0,62;Americas;;21,04;;
Saint Lucia;2008;92,5438;93,25688;96,08601;;;;Saint Lucia_2008;135,155;170,011;34,065;0,64;Americas;;20,04;;
Saint Lucia;2009;93,50243;94,10172;96,62156;;;;Saint Lucia_2009;138,164;172,221;32,858;0,69;Americas;;19,08;;
Saint Lucia;2010;94,46107;94,95849;97,15711;;;;Saint Lucia_2010;140,739;174,085;31,841;0,79;Americas;;18,29;;
Saint Lucia;2011;95,41971;95,83907;97,69267;;;;Saint Lucia_2011;141,76;175,544;32,072;0,85;Americas;;18,27;;
Saint Lucia;2012;96,37834;96,64426;97,8196;;;;Saint Lucia_2012;142,578;176,646;32,257;0,89;Americas;;18,26;;
Saint Lucia;2013;97,33698;97,42608;97,8196;;;;Saint Lucia_2013;143,232;177,513;32,428;0,85;Americas;;18,27;;
Saint Lucia;2014;98,2403;98,16255;97,8196;;;;Saint Lucia_2014;143,814;178,296;32,607;0,82;Americas;;18,29;;
Saint Lucia;2015;98,2403;98,16241;97,8196;;;;Saint Lucia_2015;144,397;179,126;32,809;0,85;Americas;;18,32;;
Saint Lucia;2016;98,2403;98,16222;97,8196;;;;Saint Lucia_2016;144,979;180,024;33,036;1,02;Americas;0,62866;18,35;;0,9877
Saint Lucia;2017;98,2403;98,162;97,8196;;;;Saint Lucia_2017;145,557;180,954;33,287;0,99;Americas;;18,4;;
Saint Vincent and the Grenadines;2000;;93,15183;;;;;Saint Vincent and the Grenadines_2000;59,144;107,784;48,754;1,22;Americas;;45,23;;
Saint Vincent and the Grenadines;2001;;93,29421;;;;;Saint Vincent and the Grenadines_2001;58,802;107,896;49,186;;Americas;;45,59;;
Saint Vincent and the Grenadines;2002;;93,4366;;;;;Saint Vincent and the Grenadines_2002;58,492;108,097;49,654;0,36;Americas;;45,93;;
Saint Vincent and the Grenadines;2003;;93,57899;;;;;Saint Vincent and the Grenadines_2003;58,202;108,326;50,148;0,76;Americas;;46,29;;
Saint Vincent and the Grenadines;2004;;93,72137;;;;;Saint Vincent and the Grenadines_2004;57,91;108,512;50,649;1,03;Americas;;46,68;;
Saint Vincent and the Grenadines;2005;;93,86375;;;;;Saint Vincent and the Grenadines_2005;57,599;108,614;51,145;1,15;Americas;;47,09;;
Saint Vincent and the Grenadines;2006;;94,00614;;;;;Saint Vincent and the Grenadines_2006;57,272;108,603;51,635;1,06;Americas;;47,54;;
Saint Vincent and the Grenadines;2007;;94,14852;;;;;Saint Vincent and the Grenadines_2007;56,929;108,518;52,118;0,79;Americas;;48,03;;
Saint Vincent and the Grenadines;2008;;94,29091;;;;;Saint Vincent and the Grenadines_2008;56,569;108,393;52,596;0,8;Americas;;48,52;;
Saint Vincent and the Grenadines;2009;;94,4333;;;;;Saint Vincent and the Grenadines_2009;56,19;108,287;53,063;0,73;Americas;;49,0;;
Saint Vincent and the Grenadines;2010;;94,57568;;;;;Saint Vincent and the Grenadines_2010;55,793;108,255;53,522;0,79;Americas;;49,44;;
Saint Vincent and the Grenadines;2011;;94,71806;;;;;Saint Vincent and the Grenadines_2011;55,375;108,316;53,966;0,85;Americas;;49,82;;
Saint Vincent and the Grenadines;2012;;94,86045;;;;;Saint Vincent and the Grenadines_2012;54,933;108,435;54,395;0,93;Americas;;50,16;;
Saint Vincent and the Grenadines;2013;;95,00284;;;;;Saint Vincent and the Grenadines_2013;54,491;108,622;54,829;0,85;Americas;;50,48;;
Saint Vincent and the Grenadines;2014;;95,14522;;;;;Saint Vincent and the Grenadines_2014;54,068;108,861;55,289;0,82;Americas;;50,79;;
Saint Vincent and the Grenadines;2015;;95,14522;;;;;Saint Vincent and the Grenadines_2015;53,672;109,148;55,783;1,0;Americas;;51,11;;
Saint Vincent and the Grenadines;2016;;95,14522;;;;;Saint Vincent and the Grenadines_2016;53,316;109,459;56,327;1,02;Americas;1,33276;51,46;;0,9692
Saint Vincent and the Grenadines;2017;;95,14522;;;;;Saint Vincent and the Grenadines_2017;52,988;109,827;56,909;0,89;Americas;;51,82;;
Samoa;2000;92,46691;91,91004;89,93303;;57,06663;;Samoa_2000;136,236;174,454;38,374;1,28;Western Pacific;;22,0;34,84;
Samoa;2001;92,46691;91,90773;89,93303;;57,06392;;Samoa_2001;136,822;175,392;38,744;;Western Pacific;;22,09;34,84;
Samoa;2002;92,46691;91,91096;89,93303;;57,0677;;Samoa_2002;137,838;176,407;38,744;1,1;Western Pacific;;21,96;34,84;
Samoa;2003;92,46691;91,91711;89,93303;;57,07492;;Samoa_2003;139,113;177,484;38,549;1,27;Western Pacific;;21,72;34,84;
Samoa;2004;92,46691;91,92322;89,93303;;57,08208;;Samoa_2004;140,42;178,59;38,361;1,16;Western Pacific;;21,48;34,84;
Samoa;2005;92,56977;92,17085;90,68965;;57,2375;;Samoa_2005;141,752;179,727;38,177;1,13;Western Pacific;;21,24;34,93;
Samoa;2006;92,67263;92,41533;91,44627;;57,39098;;Samoa_2006;143,099;180,876;37,995;1,1;Western Pacific;;21,01;35,02;
Samoa;2007;92,77549;92,65668;92,2029;;57,54247;;Samoa_2007;144,461;182,046;37,825;1,0;Western Pacific;;20,78;35,11;
Samoa;2008;93,20688;93,17934;93,0727;;57,69206;;Samoa_2008;145,859;183,263;37,667;1,1;Western Pacific;;20,55;35,49;
Samoa;2009;93,639;93,72028;94,03943;;57,83984;;Samoa_2009;147,306;184,556;37,52;0,96;Western Pacific;;20,33;35,88;
Samoa;2010;94,07185;94,26012;95,00954;;57,98583;;Samoa_2010;148,819;185,949;37,386;0,77;Western Pacific;;20,11;36,27;
Samoa;2011;94,50542;94,79884;95,98302;;58,13006;;Samoa_2011;150,399;187,469;37,266;0,99;Western Pacific;;19,88;36,67;
Samoa;2012;94,93973;95,33617;96,95989;;58,27252;;Samoa_2012;152,067;189,089;37,127;1,0;Western Pacific;;19,63;37,06;
Samoa;2013;95,37476;95,87206;97,94013;;58,41309;;Samoa_2013;153,778;190,718;36,979;0,99;Western Pacific;;19,39;37,46;
Samoa;2014;95,81052;96,40667;98,92375;;58,5518;;Samoa_2014;155,469;192,221;36,821;1,12;Western Pacific;;19,16;37,85;
Samoa;2015;96,24701;96,89848;99,69143;;58,68864;;Samoa_2015;157,111;193,513;36,648;1,18;Western Pacific;;18,94;38,21;
Samoa;2016;96,68422;97,30364;100,0;;58,77221;;Samoa_2016;158,673;194,535;36,452;1,2;Western Pacific;1,48876;18,74;38,53;0,9792
Samoa;2017;96,79035;97,3826;100,0;;58,82111;;Samoa_2017;160,194;195,352;36,246;1,18;Western Pacific;;18,55;38,56;
San Marino;2000;;100,0;;;100,0;;San Marino_2000;1,799;27,462;25,619;;Europe;;93,29;0,0;
San Marino;2001;;100,0;;;100,0;;San Marino_2001;1,735;27,812;26,027;;Europe;;93,58;0,0;
San Marino;2002;;100,0;;;100,0;;San Marino_2002;1,708;28,175;26,413;;Europe;;93,75;0,0;
San Marino;2003;;100,0;;;100,0;;San Marino_2003;1,717;28,562;26,777;;Europe;;93,75;0,0;
San Marino;2004;;100,0;;;100,0;;San Marino_2004;1,687;28,94;27,179;;Europe;;93,91;0,0;
San Marino;2005;;100,0;;;100,0;;San Marino_2005;1,622;29,324;27,618;;Europe;;94,18;0,0;
San Marino;2006;;100,0;;;100,0;;San Marino_2006;1,559;29,7;28,055;;Europe;;94,46;0,0;
San Marino;2007;;100,0;;;100,0;;San Marino_2007;1,497;30,063;28,48;;Europe;;94,73;0,0;
San Marino;2008;;100,0;;;100,0;;San Marino_2008;1,437;30,434;28,914;;Europe;;95,01;0,0;
San Marino;2009;;100,0;;;100,0;;San Marino_2009;1,38;30,816;29,343;;Europe;;95,22;0,0;
San Marino;2010;;100,0;;;100,0;;San Marino_2010;1,325;31,229;29,785;;Europe;;95,38;0,0;
San Marino;2011;;100,0;;;100,0;;San Marino_2011;1,272;31,661;30,232;;Europe;;95,49;0,0;
San Marino;2012;;100,0;;;100,0;;San Marino_2012;1,222;32,105;30,692;;Europe;;95,6;0,0;
San Marino;2013;;100,0;;;100,0;;San Marino_2013;1,173;32,553;31,13;;Europe;;95,63;0,0;
San Marino;2014;;100,0;;;100,0;;San Marino_2014;1,124;32,948;31,533;;Europe;;95,71;0,0;
San Marino;2015;;100,0;;;100,0;;San Marino_2015;1,075;33,272;31,885;;Europe;;95,83;0,0;
San Marino;2016;;100,0;;;100,0;;San Marino_2016;1,026;33,504;32,177;;Europe;;96,04;0,0;
San Marino;2017;;100,0;;;100,0;;San Marino_2017;0,978;33,671;32,422;;Europe;;96,29;0,0;
Sao Tome and Principe;2000;58,18951;64,89487;70,74074;;;;Sao Tome and Principe_2000;64,557;142,262;74,049;1,15;Africa;;52,05;;
Sao Tome and Principe;2001;59,30348;66,07932;71,76435;;;;Sao Tome and Principe_2001;64,613;144,755;77,009;;Africa;;53,2;;
Sao Tome and Principe;2002;60,42527;67,29685;72,79424;;;;Sao Tome and Principe_2002;64,397;147,447;80,492;0,55;Africa;;54,59;;
Sao Tome and Principe;2003;61,5549;68,52322;73,83041;;;;Sao Tome and Principe_2003;64,146;150,415;84,226;0,26;Africa;;56,0;;
Sao Tome and Principe;2004;62,69236;69,75364;74,87286;;;;Sao Tome and Principe_2004;63,87;153,737;88,099;0,57;Africa;;57,31;;
Sao Tome and Principe;2005;63,83765;70,98711;75,92159;;;;Sao Tome and Principe_2005;63,552;157,472;92,078;0,58;Africa;;58,47;;
Sao Tome and Principe;2006;64,99078;72,22397;76,97659;;;;Sao Tome and Principe_2006;63,176;161,681;96,152;0,35;Africa;;59,47;;
Sao Tome and Principe;2007;66,15173;73,46408;78,03786;;;;Sao Tome and Principe_2007;62,761;166,3;100,34;0,39;Africa;;60,34;;
Sao Tome and Principe;2008;67,32051;74,7073;79,10543;;;;Sao Tome and Principe_2008;62,291;171,12;104,622;0,18;Africa;;61,14;;
Sao Tome and Principe;2009;68,49712;75,95302;80,17927;;;;Sao Tome and Principe_2009;61,795;175,876;109,018;0,15;Africa;;61,99;;
Sao Tome and Principe;2010;69,68157;77,20159;81,25938;;;;Sao Tome and Principe_2010;61,256;180,371;113,52;0,12;Africa;;62,94;;
Sao Tome and Principe;2011;70,87385;78,45267;82,34578;;;;Sao Tome and Principe_2011;60,678;184,524;118,122;0,01;Africa;;64,01;;
Sao Tome and Principe;2012;72,07395;79,70635;83,43846;;;;Sao Tome and Principe_2012;60,061;188,404;122,828;0,01;Africa;;65,19;;
Sao Tome and Principe;2013;73,28189;80,95905;84,53741;;;;Sao Tome and Principe_2013;59,465;192,087;127,58;0,11;Africa;;66,42;;
Sao Tome and Principe;2014;74,49766;82,21143;85,64264;;;;Sao Tome and Principe_2014;58,885;195,727;132,381;0,18;Africa;;67,64;;
Sao Tome and Principe;2015;75,72126;83,46349;86,75415;;;;Sao Tome and Principe_2015;58,325;199,432;137,228;0,14;Africa;;68,81;;
Sao Tome and Principe;2016;76,95269;84,20084;87,14815;;;;Sao Tome and Principe_2016;57,79;203,227;142,12;0,22;Africa;11,3611;69,93;;0,8648
Sao Tome and Principe;2017;76,95269;84,29016;87,14815;;;;Sao Tome and Principe_2017;57,276;207,089;147,051;0,19;Africa;;71,01;;
Saudi Arabia;2000;;97,38966;;;;;Saudi Arabia_2000;4184,486;20663,843;16579,826;0,23;Eastern Mediterranean;;80,24;;
Saudi Arabia;2001;;97,38966;;;;;Saudi Arabia_2001;4244,343;21202,642;17059,249;;Eastern Mediterranean;;80,46;;
Saudi Arabia;2002;;97,38966;;;;;Saudi Arabia_2002;4314,583;21805,313;17591,725;0,0;Eastern Mediterranean;;80,68;;
Saudi Arabia;2003;;97,56637;;;;;Saudi Arabia_2003;4391,752;22456,649;18164,673;0,14;Eastern Mediterranean;;80,89;;
Saudi Arabia;2004;;97,74308;;;;;Saudi Arabia_2004;4470,674;23132,682;18758,216;-0,66;Eastern Mediterranean;;81,09;;
Saudi Arabia;2005;;97,91979;;;;;Saudi Arabia_2005;4546,99;23816,183;19358,664;-0,24;Eastern Mediterranean;;81,28;;
Saudi Arabia;2006;;98,0965;;;;;Saudi Arabia_2006;4619,627;24498,31;19958,674;-0,52;Eastern Mediterranean;;81,47;;
Saudi Arabia;2007;;98,27321;;;;;Saudi Arabia_2007;4690,056;25184,597;20562,513;-0,47;Eastern Mediterranean;;81,65;;
Saudi Arabia;2008;;98,44992;;;;;Saudi Arabia_2008;4760,487;25888,541;21180,283;-0,34;Eastern Mediterranean;;81,81;;
Saudi Arabia;2009;;98,62663;;;;;Saudi Arabia_2009;4834,475;26630,303;21827,017;-0,49;Eastern Mediterranean;;81,96;;
Saudi Arabia;2010;;98,80334;;;;;Saudi Arabia_2010;4913,575;27421,461;22512,101;-0,23;Eastern Mediterranean;;82,1;;
Saudi Arabia;2011;;98,98006;;;;;Saudi Arabia_2011;4997,624;28267,589;23240,396;-0,46;Eastern Mediterranean;;82,22;;
Saudi Arabia;2012;;99,15677;;;;;Saudi Arabia_2012;5084,189;29154,9;24002,168;-0,48;Eastern Mediterranean;;82,33;;
Saudi Arabia;2013;;99,33348;;;;;Saudi Arabia_2013;5168,517;30052,059;24775,959;-0,43;Eastern Mediterranean;;82,44;;
Saudi Arabia;2014;;99,51019;;;;;Saudi Arabia_2014;5244,48;30916,597;25532,242;-0,29;Eastern Mediterranean;;82,58;;
Saudi Arabia;2015;;99,6869;;;;;Saudi Arabia_2015;5307,901;31717,667;26249,243;-0,63;Eastern Mediterranean;;82,76;;
Saudi Arabia;2016;;99,86361;;;;;Saudi Arabia_2016;5357,473;32443,447;26918,214;-0,46;Eastern Mediterranean;0,09226;82,97;;0,9989
Saudi Arabia;2017;;100,0;;;;;Saudi Arabia_2017;5394,59;33101,179;27543,623;-0,58;Eastern Mediterranean;;83,21;;
Senegal;2000;39,96664;59,9197;89,45341;;;;Senegal_2000;5898,768;9797,734;3985,284;-0,59;Africa;;40,68;;
Senegal;2001;41,61777;61,04181;89,62103;;;;Senegal_2001;6033,724;10036,104;4100,773;;Africa;;40,86;;
Senegal;2002;43,28672;62,16981;89,78876;;;;Senegal_2002;6175,004;10283,699;4221,857;-0,27;Africa;;41,05;;
Senegal;2003;44,9735;63,37071;89,95665;;;;Senegal_2003;6306,742;10541,467;4364,248;-0,25;Africa;;41,4;;
Senegal;2004;46,67811;64,62414;90,12466;;;;Senegal_2004;6430,464;10810,083;4525,48;0,03;Africa;;41,86;;
Senegal;2005;48,40054;65,87548;90,29281;;;;Senegal_2005;6557,896;11090,116;4693,37;-0,2;Africa;;42,32;;
Senegal;2006;50,14079;67,12531;90,4611;;;;Senegal_2006;6688,611;11382,268;4868,152;-0,26;Africa;;42,77;;
Senegal;2007;51,89886;68,37295;90,62952;;;;Senegal_2007;6823,185;11687,08;5050,372;-0,24;Africa;;43,21;;
Senegal;2008;53,67476;69,61811;90,79807;;;;Senegal_2008;6962,724;12004,701;5241,233;-0,15;Africa;;43,66;;
Senegal;2009;55,46848;70,86018;90,96676;;;;Senegal_2009;7108,938;12335,084;5441,979;-0,2;Africa;;44,12;;
Senegal;2010;57,28003;72,09962;91,13559;;;;Senegal_2010;7262,417;12678,148;5653,812;-0,42;Africa;;44,59;;
Senegal;2011;59,1094;73,33579;91,30455;;;;Senegal_2011;7423,569;13033,809;5877,341;-0,28;Africa;;45,09;;
Senegal;2012;60,95659;74,56811;91,47364;;;;Senegal_2012;7591,27;13401,992;6112,243;-0,11;Africa;;45,61;;
Senegal;2013;62,82161;75,79665;91,64288;;;;Senegal_2013;7763,486;13782,424;6356,834;-0,06;Africa;;46,12;;
Senegal;2014;64,70444;77,02114;91,81224;;;;Senegal_2014;7936,955;14174,739;6609,156;-0,2;Africa;;46,63;;
Senegal;2015;66,60511;78,24334;91,98174;;;;Senegal_2015;8108,284;14578,459;6868,71;-0,12;Africa;;47,12;;
Senegal;2016;68,5236;79,46232;92,15137;;;;Senegal_2016;8276,577;14993,519;7135,037;-0,22;Africa;23,86927;47,59;;0,7792
Senegal;2017;70,45991;80,67786;92,32115;;;;Senegal_2017;8442,004;15419,355;7408,563;-0,05;Africa;;48,05;;
Serbia;2006;95,1311;93,1154;91,40557;66,50085;74,60431;81,47813;Serbia_2006;4210,06;9145,914;4963,229;-0,54;Europe;;54,27;18,51;
Serbia;2007;94,45447;92,35551;90,59098;66,48708;74,62275;81,46217;Serbia_2007;4172,28;9101,185;4962,934;-0,59;Europe;;54,53;17,73;
Serbia;2008;93,7781;91,59534;89,7767;66,47331;74,64104;81,44622;Serbia_2008;4135,754;9060,103;4963,798;-0,54;Europe;;54,79;16,95;
Serbia;2009;93,10201;90,83485;88,96274;66,45955;74,65932;81,43027;Serbia_2009;4099,85;9023,357;4964,906;-0,48;Europe;;55,02;16,18;
Serbia;2010;92,42619;90,07408;88,14909;66,44578;74,67743;81,41432;Serbia_2010;4063,98;8991,254;4965,736;-0,42;Europe;;55,23;15,4;
Serbia;2011;91,75065;89,31296;87,33575;66,43201;74,69569;81,39838;Serbia_2011;4027,867;8963,769;4965,879;-0,28;Europe;;55,4;14,62;
Serbia;2012;91,07537;88,5552;86,52271;66,41824;74,70181;81,38242;Serbia_2012;3998,797;8940,113;4958,187;-0,22;Europe;;55,46;13,85;
Serbia;2013;90,40037;87,79867;85,71;66,40447;74,70374;81,36647;Serbia_2013;3972,253;8918,904;4947,962;-0,08;Europe;;55,48;13,09;
Serbia;2014;89,72564;87,04207;84,89759;66,3907;74,70582;81,35052;Serbia_2014;3946,346;8898,289;4938,366;0,18;Europe;;55,5;12,34;
Serbia;2015;89,05118;86,28549;84,0855;66,37693;74,70774;81,33457;Serbia_2015;3921,443;8876,777;4929,837;0,24;Europe;;55,54;11,58;
Serbia;2016;88,37699;85,52885;83,27371;66,36316;74,7098;81,31862;Serbia_2016;3897,595;8853,963;4922,488;0,14;Europe;0,73678;55,6;10,82;0,924
Serbia;2017;88,37699;85,52212;83,27371;66,36316;74,72955;81,31862;Serbia_2017;3872,979;8829,628;4917,595;0,09;Europe;;55,69;10,79;
Seychelles;2000;;93,20035;;;;;Seychelles_2000;40,224;80,996;40,927;1,28;Africa;;50,53;;
Seychelles;2001;;93,45757;;;;;Seychelles_2001;40,75;82,414;41,817;;Africa;;50,74;;
Seychelles;2002;;93,71478;;;;;Seychelles_2002;41,364;84,077;42,839;0,9;Africa;;50,95;;
Seychelles;2003;;93,97199;;;;;Seychelles_2003;41,99;85,81;43,92;0,65;Africa;;51,18;;
Seychelles;2004;;94,22921;;;;;Seychelles_2004;42,528;87,393;44,956;0,66;Africa;;51,44;;
Seychelles;2005;;94,48642;;;;;Seychelles_2005;42,89;88,648;45,854;0,93;Africa;;51,73;;
Seychelles;2006;;94,74364;;;;;Seychelles_2006;43,064;89,526;46,595;0,91;Africa;;52,05;;
Seychelles;2007;;95,00085;;;;;Seychelles_2007;43,077;90,088;47,204;0,79;Africa;;52,4;;
Seychelles;2008;;95,25806;;;;;Seychelles_2008;42,968;90,449;47,718;0,75;Africa;;52,76;;
Seychelles;2009;;95,51527;;;;;Seychelles_2009;42,814;90,802;48,22;0,6;Africa;;53,1;;
Seychelles;2010;;95,77249;;;;;Seychelles_2010;42,653;91,264;48,752;0,86;Africa;;53,42;;
Seychelles;2011;;96,0297;;;;;Seychelles_2011;42,501;91,883;49,333;0,94;Africa;;53,69;;
Seychelles;2012;;96,22973;;;;;Seychelles_2012;42,34;92,603;49,945;0,74;Africa;;53,93;;
Seychelles;2013;;96,2394;;;;;Seychelles_2013;42,174;93,395;50,591;0,83;Africa;;54,17;;
Seychelles;2014;;96,24902;;;;;Seychelles_2014;41,993;94,215;51,261;0,36;Africa;;54,41;;
Seychelles;2015;;96,24902;;;;;Seychelles_2015;41,809;94,978;51,933;0,69;Africa;;54,68;;
Seychelles;2016;;96,24902;;;;;Seychelles_2016;41,619;95,71;52,609;0,73;Africa;0,1694;54,97;;0,9804
Seychelles;2017;;96,24902;;;;;Seychelles_2017;41,437;96,418;53,3;0,79;Africa;;55,28;;
Sierra Leone;2000;24,41055;39,88378;67,84296;1,5196;4,7389;10,55597;Sierra Leone_2000;2938,242;4584,571;1626,055;-1,87;Africa;;35,47;35,14;
Sierra Leone;2001;24,42673;40,17131;68,32384;1,67194;4,89143;10,64813;Sierra Leone_2001;3039,37;4754,072;1699,777;;Africa;;35,75;35,28;
Sierra Leone;2002;26,01834;41,46738;68,8028;1,94186;5,11888;10,74029;Sierra Leone_2002;3167,216;4965,766;1790,0;-0,69;Africa;;36,05;36,35;
Sierra Leone;2003;27,61204;42,75912;69,27984;2,23141;5,35806;10,83244;Sierra Leone_2003;3309,412;5201,07;1890,137;-1,08;Africa;;36,34;37,4;
Sierra Leone;2004;29,20782;44,04644;69,75494;2,54061;5,60881;10,9246;Sierra Leone_2004;3448,988;5433,991;1990,707;-0,51;Africa;;36,63;38,44;
Sierra Leone;2005;30,80569;45,36005;70,22812;2,86944;5,87735;11,01676;Sierra Leone_2005;3569,351;5645,624;2089,028;-0,48;Africa;;37,0;39,48;
Sierra Leone;2006;32,40564;46,69035;70,69936;3,21791;6,16149;11,10891;Sierra Leone_2006;3666,929;5829,237;2181,763;-0,3;Africa;;37,43;40,53;
Sierra Leone;2007;34,00767;48,01329;71,16869;3,58602;6,45606;11,20107;Sierra Leone_2007;3748,249;5989,633;2267,168;-0,06;Africa;;37,85;41,56;
Sierra Leone;2008;35,61179;49,32876;71,63608;3,97377;6,7608;11,29323;Sierra Leone_2008;3817,768;6133,603;2347,604;-0,24;Africa;;38,27;42,57;
Sierra Leone;2009;37,218;50,6363;72,10154;4,38115;7,0754;11,38539;Sierra Leone_2009;3882,977;6272,734;2427,283;-0,29;Africa;;38,7;43,56;
Sierra Leone;2010;38,82629;51,93583;72,56507;4,80817;7,39962;11,47754;Sierra Leone_2010;3949,115;6415,634;2509,605;-0,24;Africa;;39,12;44,54;
Sierra Leone;2011;40,43667;53,2276;73,02668;5,25483;7,73329;11,5697;Sierra Leone_2011;4016,739;6563,24;2594,953;-0,17;Africa;;39,54;45,49;
Sierra Leone;2012;42,04913;54,51147;73,48636;5,72113;8,07615;11,66186;Sierra Leone_2012;4083,903;6712,584;2682,2;-0,28;Africa;;39,96;46,44;
Sierra Leone;2013;43,66368;55,78675;73,94411;6,20706;8,42784;11,75401;Sierra Leone_2013;4150,771;6863,981;2771,308;-0,17;Africa;;40,37;47,36;
Sierra Leone;2014;45,28031;57,05396;74,39993;6,71263;8,78822;11,84617;Sierra Leone_2014;4216,939;7017,148;2862,223;-0,1;Africa;;40,79;48,27;
Sierra Leone;2015;46,89902;58,31269;74,85382;7,23784;9,157;11,93833;Sierra Leone_2015;4282,234;7171,914;2954,791;-0,1;Africa;;41,2;49,16;
Sierra Leone;2016;48,51982;59,56314;75,30579;7,78269;9,53397;12,03048;Sierra Leone_2016;4346,912;7328,834;3049,278;-0,16;Africa;81,29262;41,61;50,03;0,3956
Sierra Leone;2017;50,14271;60,80699;75,75583;8,34717;9,91913;12,12264;Sierra Leone_2017;4410,71;7488,423;3146,502;-0,04;Africa;;42,02;50,89;
Singapore;2000;;100,0;100,0;;100,0;100,0;Singapore_2000;0,0;4028,871;3913,96;1,14;Western Pacific;;97,15;0,0;
Singapore;2001;;100,0;100,0;;100,0;100,0;Singapore_2001;0,0;4077,145;4018,779;;Western Pacific;;98,57;0,0;
Singapore;2002;;100,0;100,0;;100,0;100,0;Singapore_2002;0,0;4104,419;4131,208;1,26;Western Pacific;;100,0;0,0;
Singapore;2003;;100,0;100,0;;100,0;100,0;Singapore_2003;0,0;4129,225;4249,295;0,88;Western Pacific;;100,0;0,0;
Singapore;2004;;100,0;100,0;;100,0;100,0;Singapore_2004;0,0;4177,213;4370,04;1,09;Western Pacific;;100,0;0,0;
Singapore;2005;;100,0;100,0;;100,0;100,0;Singapore_2005;0,0;4265,687;4491,042;1,16;Western Pacific;;100,0;0,0;
Singapore;2006;;100,0;100,0;;100,0;100,0;Singapore_2006;0,0;4402,331;4611,901;1,25;Western Pacific;;100,0;0,0;
Singapore;2007;;100,0;100,0;;100,0;100,0;Singapore_2007;0,0;4578,63;4732,528;1,17;Western Pacific;;100,0;0,0;
Singapore;2008;;100,0;100,0;;100,0;100,0;Singapore_2008;0,0;4775,804;4851,109;1,35;Western Pacific;;100,0;0,0;
Singapore;2009;;100,0;100,0;;100,0;100,0;Singapore_2009;0,0;4966,614;4965,518;1,18;Western Pacific;;99,98;0,0;
Singapore;2010;;100,0;100,0;;100,0;100,0;Singapore_2010;0,0;5131,172;5074,252;1,17;Western Pacific;;98,89;0,0;
Singapore;2011;;100,0;100,0;;100,0;100,0;Singapore_2011;0,0;5263,636;5176,017;1,19;Western Pacific;;98,34;0,0;
Singapore;2012;;100,0;100,0;;100,0;100,0;Singapore_2012;0,0;5369,476;5270,958;1,37;Western Pacific;;98,17;0,0;
Singapore;2013;;100,0;100,0;;100,0;100,0;Singapore_2013;0,0;5453,737;5360,837;1,38;Western Pacific;;98,3;0,0;
Singapore;2014;;100,0;100,0;;100,0;100,0;Singapore_2014;0,0;5525,626;5448,342;1,19;Western Pacific;;98,6;0,0;
Singapore;2015;;100,0;100,0;;100,0;100,0;Singapore_2015;0,0;5592,152;5535,262;1,31;Western Pacific;;98,98;0,0;
Singapore;2016;;100,0;100,0;;100,0;100,0;Singapore_2016;0,0;5653,634;5622,455;1,5;Western Pacific;0,06611;99,45;0,0;0,9997
Singapore;2017;;100,0;100,0;;100,0;100,0;Singapore_2017;0,0;5708,041;5708,844;1,62;Western Pacific;;100,0;0,0;
Slovakia;2000;96,8;97,9809;98,9;;92,17965;;Slovakia_2000;2363,059;5399,211;3036,152;0,66;Europe;;56,23;5,8;
Slovakia;2001;96,8;97,97942;98,9;;92,17799;;Slovakia_2001;2367,176;5399,992;3032,83;;Europe;;56,16;5,8;
Slovakia;2002;96,8;97,97627;98,9;;92,81332;;Slovakia_2002;2375,345;5400,122;3024,809;0,94;Europe;;56,01;5,16;
Slovakia;2003;96,8;97,97312;98,9;;93,44967;;Slovakia_2003;2383,336;5399,834;3016,55;0,95;Europe;;55,86;4,52;
Slovakia;2004;96,8;97,96997;98,9;;94,08702;;Slovakia_2004;2391,255;5399,38;3008,164;0,59;Europe;;55,71;3,88;
Slovakia;2005;96,8;97,96682;98,9;;94,72538;;Slovakia_2005;2399,162;5398,963;2999,801;0,9;Europe;;55,56;3,24;
Slovakia;2006;96,8;97,96365;98,9;;95,36474;;Slovakia_2006;2407,098;5398,673;2991,443;0,78;Europe;;55,41;2,6;
Slovakia;2007;96,8;97,96048;98,9;;96,0051;;Slovakia_2007;2415,132;5398,692;2983,194;1,04;Europe;;55,26;1,96;
Slovakia;2008;96,8;97,95733;98,9;;96,64649;;Slovakia_2008;2423,516;5399,371;2975,34;1,08;Europe;;55,11;1,31;
Slovakia;2009;97,4605;98,25165;98,9;;97,28888;;Slovakia_2009;2432,484;5401,153;2968,235;0,92;Europe;;54,96;0,96;
Slovakia;2010;98,28725;98,62234;98,9;;97,93309;;Slovakia_2010;2448,958;5404,294;2955,336;1,05;Europe;;54,68;0,69;
Slovakia;2011;99,11401;98,99754;98,9;;98,57904;;Slovakia_2011;2465,827;5408,937;2944,02;0,97;Europe;;54,43;0,42;
Slovakia;2012;99,94076;99,37583;98,9;;99,12453;;Slovakia_2012;2476,704;5414,889;2940,366;1,09;Europe;;54,3;0,25;
Slovakia;2013;100,0;99,52017;99,11372;;99,26785;;Slovakia_2013;2487,967;5421,725;2937,163;1,12;Europe;;54,17;0,25;
Slovakia;2014;100,0;99,78675;99,60509;;99,41117;;Slovakia_2014;2499,107;5428,803;2933,734;1,04;Europe;;54,04;0,38;
Slovakia;2015;100,0;99,78719;99,60509;;99,5545;;Slovakia_2015;2508,148;5435,611;2931,17;0,87;Europe;;53,93;0,23;
Slovakia;2016;100,0;99,78751;99,60509;;99,69782;;Slovakia_2016;2514,92;5442,003;2929,298;0,72;Europe;0,04474;53,83;0,09;0,9987
Slovakia;2017;100,0;99,78773;99,60509;;99,78773;;Slovakia_2017;2519,468;5447,9;2928,194;0,91;Europe;;53,75;0,0;
Slovenia;2000;99,40048;99,61584;99,8248;;79,79192;;Slovenia_2000;979,257;1987,717;1009,242;0,89;Europe;;50,77;19,82;
Slovenia;2001;99,40024;99,60954;99,8124;;79,78687;;Slovenia_2001;978,66;1987,461;1009,689;;Europe;;50,8;19,82;
Slovenia;2002;99,4;99,60343;99,8;;79,78198;;Slovenia_2002;977,096;1987,267;1011,168;1,3;Europe;;50,88;19,82;
Slovenia;2003;99,39976;99,59788;99,78761;;81,07258;;Slovenia_2003;972,957;1987,862;1016,008;1,19;Europe;;51,11;18,53;
Slovenia;2004;99,39952;99,59228;99,77521;;82,36299;;Slovenia_2004;969,669;1990,222;1021,761;1,08;Europe;;51,34;17,23;
Slovenia;2005;99,39928;99,58662;99,76281;;83,65321;;Slovenia_2005;967,539;1994,976;1028,742;1,09;Europe;;51,57;15,93;
Slovenia;2006;99,39903;99,5809;99,75041;;84,94324;;Slovenia_2006;966,665;2002,43;1037,126;1,08;Europe;;51,79;14,64;
Slovenia;2007;99,3988;99,57513;99,73801;;86,23306;;Slovenia_2007;966,833;2012,118;1046,706;1,1;Europe;;52,02;13,34;
Slovenia;2008;99,39855;99,56931;99,72562;;87,52269;;Slovenia_2008;967,551;2023,052;1056,987;1,15;Europe;;52,25;12,05;
Slovenia;2009;99,39832;99,56342;99,71322;;88,81211;;Slovenia_2009;968,18;2033,804;1067,244;0,93;Europe;;52,48;10,75;
Slovenia;2010;99,39807;99,5575;99,70082;;90,10134;;Slovenia_2010;968,215;2043,337;1076,953;0,87;Europe;;52,71;9,46;
Slovenia;2011;99,39783;99,55151;99,68842;;91,39037;;Slovenia_2011;967,513;2051,287;1085,923;0,97;Europe;;52,94;8,16;
Slovenia;2012;99,39759;99,54546;99,67603;;92,67918;;Slovenia_2012;966,153;2057,823;1094,237;0,94;Europe;;53,17;6,87;
Slovenia;2013;99,39735;99,53937;99,66363;;93,96778;;Slovenia_2013;964,206;2063,11;1101,913;0,88;Europe;;53,41;5,57;
Slovenia;2014;99,39711;99,53321;99,65123;;95,25618;;Slovenia_2014;961,764;2067,488;1109,081;0,97;Europe;;53,64;4,28;
Slovenia;2015;99,39711;99,53378;99,65123;;96,55093;;Slovenia_2015;958,942;2071,199;1115,846;0,95;Europe;;53,87;2,98;
Slovenia;2016;99,39711;99,53439;99,65123;;97,84573;;Slovenia_2016;955,396;2074,21;1122,466;0,99;Europe;0,02115;54,12;1,69;0,9976
Slovenia;2017;99,39711;99,53503;99,65123;;98,05297;;Slovenia_2017;951,104;2076,394;1128,872;0,87;Europe;;54,37;1,48;
Solomon Islands;2000;76,47483;78,68497;90,45152;;;;Solomon Islands_2000;347,363;412,66;65,246;-0,74;Western Pacific;;15,81;;
Solomon Islands;2001;76,47483;78,7392;90,45152;;;;Solomon Islands_2001;355,185;423,944;68,668;;Western Pacific;;16,2;;
Solomon Islands;2002;76,47483;78,79454;90,45152;;;;Solomon Islands_2002;363,021;435,432;72,241;-0,44;Western Pacific;;16,59;;
Solomon Islands;2003;76,47483;78,85101;90,45152;;;;Solomon Islands_2003;370,814;447,017;75,955;0,36;Western Pacific;;16,99;;
Solomon Islands;2004;76,47483;78,90859;90,45152;;;;Solomon Islands_2004;378,516;458,539;79,808;0,02;Western Pacific;;17,4;;
Solomon Islands;2005;75,41106;78,1098;90,54529;;;;Solomon Islands_2005;386,096;469,918;83,789;-0,02;Western Pacific;;17,83;;
Solomon Islands;2006;74,14514;77,15286;90,61766;;;;Solomon Islands_2006;393,518;481,078;87,904;0,07;Western Pacific;;18,27;;
Solomon Islands;2007;72,885;76,21346;90,68998;;;;Solomon Islands_2007;400,788;492,132;92,152;0,23;Western Pacific;;18,73;;
Solomon Islands;2008;71,63065;75,29205;90,76226;;;;Solomon Islands_2008;407,93;503,36;96,547;0,21;Western Pacific;;19,18;;
Solomon Islands;2009;70,38207;74,3885;90,8345;;;;Solomon Islands_2009;414,986;515,181;101,093;0,21;Western Pacific;;19,62;;
Solomon Islands;2010;69,13929;73,50322;90,90668;;;;Solomon Islands_2010;421,98;527,861;105,81;0,34;Western Pacific;;20,05;;
Solomon Islands;2011;67,90229;72,63483;90,97883;;;;Solomon Islands_2011;428,948;541,521;110,666;0,31;Western Pacific;;20,44;;
Solomon Islands;2012;66,67107;71,78353;91,05093;;;;Solomon Islands_2012;435,874;556,063;115,657;0,19;Western Pacific;;20,8;;
Solomon Islands;2013;65,44564;70,94907;91,12299;;;;Solomon Islands_2013;442,735;571,336;120,778;0,3;Western Pacific;;21,14;;
Solomon Islands;2014;64,226;70,13113;91,195;;;;Solomon Islands_2014;449,49;587,079;126,014;0,47;Western Pacific;;21,46;;
Solomon Islands;2015;63,01214;69,32992;91,26698;;;;Solomon Islands_2015;456,121;603,118;131,361;0,66;Western Pacific;;21,78;;
Solomon Islands;2016;61,80406;68,5448;91,3389;;;;Solomon Islands_2016;462,611;619,438;136,808;0,51;Western Pacific;6,17562;22,09;;0,8122
Solomon Islands;2017;60,60177;67,77596;91,41077;;;;Solomon Islands_2017;468,983;636,039;142,36;0,2;Western Pacific;;22,38;;
Somalia;2000;4,24901;19,60301;50,43063;;;;Somalia_2000;6015,423;8872,254;2996,056;-1,95;Eastern Mediterranean;;33,77;;
Somalia;2001;6,23249;21,67661;52,1739;;;;Somalia_2001;6167,501;9186,725;3123,322;;Eastern Mediterranean;;34,0;;
Somalia;2002;8,21598;23,74981;53,91717;;;;Somalia_2002;6313,307;9501,342;3250,86;-2,38;Eastern Mediterranean;;34,21;;
Somalia;2003;10,19946;25,99988;55,66044;;;;Somalia_2003;6417,677;9815,412;3418,72;-2,58;Eastern Mediterranean;;34,83;;
Somalia;2004;12,18294;28,25033;57,40371;;;;Somalia_2004;6521,864;10130,243;3594,364;-2,88;Eastern Mediterranean;;35,48;;
Somalia;2005;13,88359;30,37776;59,30829;;;;Somalia_2005;6629,975;10446,863;3779,95;-2,71;Eastern Mediterranean;;36,18;;
Somalia;2006;15,50504;32,46618;61,22239;;;;Somalia_2006;6741,849;10763,905;3976,468;-2,75;Eastern Mediterranean;;36,94;;
Somalia;2007;17,0473;32,90709;63,14599;;;;Somalia_2007;7240,839;11080,121;3797,757;-3,22;Eastern Mediterranean;;34,28;;
Somalia;2008;18,51035;35,28022;65,0791;;;;Somalia_2008;7275,093;11397,188;4094,183;-3,28;Eastern Mediterranean;;35,92;;
Somalia;2009;19,89421;37,63536;67,02172;;;;Somalia_2009;7300,523;11717,692;4407,467;-3,31;Eastern Mediterranean;;37,61;;
Somalia;2010;21,19886;39,97921;68,97385;;;;Somalia_2010;7315,117;12043,883;4738,106;-3,13;Eastern Mediterranean;;39,34;;
Somalia;2011;22,42431;42,3139;70,93549;;;;Somalia_2011;7318,788;12376,301;5085,937;-3,08;Eastern Mediterranean;;41,09;;
Somalia;2012;23,57057;44,07365;72,90663;;;;Somalia_2012;7459,376;12715,503;5304,4;-2,86;Eastern Mediterranean;;41,72;;
Somalia;2013;24,63762;45,80128;74,88729;;;;Somalia_2013;7601,384;13063,701;5530,965;-2,76;Eastern Mediterranean;;42,34;;
Somalia;2014;25,62548;47,49931;76,87746;;;;Somalia_2014;7745,889;13423,568;5767,236;-2,52;Eastern Mediterranean;;42,96;;
Somalia;2015;26,53413;49,16986;78,87713;;;;Somalia_2015;7893,535;13797,201;6014,594;-2,38;Eastern Mediterranean;;43,59;;
Somalia;2016;27,36359;50,81511;80,88631;;;;Somalia_2016;8044,409;14185,636;6273,587;-2,36;Eastern Mediterranean;86,57523;44,22;;0,3257
Somalia;2017;28,11385;52,43619;82,90501;;;;Somalia_2017;8198,119;14589,179;6544,404;-2,26;Eastern Mediterranean;;44,86;;
South Africa;2000;66,19306;84,50127;98,37426;;;90,14125;South Africa_2000;19713,179;44967,708;26015,136;-0,23;Africa;;57,85;;
South Africa;2001;67,04498;85,03582;98,40539;;;90,16978;South Africa_2001;19774,867;45571,274;26610,139;;Africa;;58,39;;
South Africa;2002;67,89691;85,57874;98,43652;;;90,22399;South Africa_2002;19799,101;46150,913;27227,072;-0,25;Africa;;59,0;;
South Africa;2003;68,74883;86,11829;98,46765;;;90,27823;South Africa_2003;19800,023;46719,196;27848,704;-0,31;Africa;;59,61;;
South Africa;2004;69,60075;86,64857;98,49878;;;90,33247;South Africa_2004;19784,966;47291,61;28462,429;-0,13;Africa;;60,18;;
South Africa;2005;70,45268;87,16874;98,52991;;;90,38674;South Africa_2005;19754,866;47880,601;29065,72;-0,16;Africa;;60,7;;
South Africa;2006;71,3046;87,67945;98,56104;;;90,3083;South Africa_2006;19707,664;48489,459;29656,918;0,05;Africa;;61,16;;
South Africa;2007;72,15652;88,18076;98,59216;;;89,5445;South Africa_2007;19647,368;49119,759;30239,813;0,22;Africa;;61,56;;
South Africa;2008;73,00845;88,67295;98,6233;;;88,7802;South Africa_2008;19583,275;49779,471;30828,854;0,05;Africa;;61,93;;
South Africa;2009;73,86037;89,15508;98,65443;;;88,01541;South Africa_2009;19528,59;50477,011;31442,228;-0,11;Africa;;62,29;;
South Africa;2010;74,7123;89,62798;98,68555;;;87,25011;South Africa_2010;19489,852;51216,964;32094,811;-0,03;Africa;;62,66;;
South Africa;2011;75,56422;90,09147;98,71668;;;86,48431;South Africa_2011;19470,335;52003,755;32793,181;0,02;Africa;;63,06;;
South Africa;2012;76,41615;90,54585;98,74782;;;85,71801;South Africa_2012;19465,377;52832,658;33532,836;-0,03;Africa;;63,47;;
South Africa;2013;77,26807;90,99049;98,77895;;;84,95122;South Africa_2013;19467,489;53687,121;34299,907;-0,05;Africa;;63,89;;
South Africa;2014;78,11999;91,4262;98,81007;;;84,18391;South Africa_2014;19463,91;54544,186;35075,661;-0,15;Africa;;64,31;;
South Africa;2015;78,97192;91,85278;98,8412;;;83,41611;South Africa_2015;19446,876;55386,367;35844,349;-0,21;Africa;;64,72;;
South Africa;2016;79,82384;92,27031;98,87233;;;82,64781;South Africa_2016;19414,491;56207,646;36600,982;-0,14;Africa;13,66885;65,12;;0,8937
South Africa;2017;80,67576;92,6787;98,90347;;;81,87901;South Africa_2017;19369,002;57009,756;37348,154;-0,28;Africa;;65,51;;
South Sudan;2012;38,20805;41,09379;54,049;;;;South Sudan_2012;8847,54;10113,649;1970,718;-1,16;Africa;;19,49;;
South Sudan;2013;37,66953;41,06842;56,1267;;;;South Sudan_2013;9119,185;10355,035;2058,305;-1,73;Africa;;19,88;;
South Sudan;2014;37,06778;41,01193;58,24329;;;;South Sudan_2014;9383,162;10554,88;2147,809;-2,65;Africa;;20,35;;
South Sudan;2015;36,40282;40,92653;60,39875;;;;South Sudan_2015;9642,116;10715,658;2240,02;-2,38;Africa;;20,9;;
South Sudan;2016;35,67463;40,8139;62,59309;;;;South Sudan_2016;9895,674;10832,518;2335,056;-2,42;Africa;63,28665;21,56;;0,3909
South Sudan;2017;34,88322;40,67601;64,82632;;;;South Sudan_2017;10142,827;10910,763;2432,887;-2,45;Africa;;22,3;;
Spain;2000;100,0;100,0;100,0;;98,83858;;Spain_2000;9709,605;40824,754;31194,106;0,46;Europe;;76,41;1,16;
Spain;2001;100,0;100,0;100,0;;98,81949;;Spain_2001;9792,19;41319,427;31599,913;;Europe;;76,48;1,18;
Spain;2002;100,0;100,0;100,0;;98,80041;;Spain_2002;9852,597;41919,585;32132,923;0,44;Europe;;76,65;1,2;
Spain;2003;100,0;100,0;100,0;;98,78132;;Spain_2003;9904,876;42596,453;32748,53;-0,04;Europe;;76,88;1,22;
Spain;2004;100,0;100,0;100,0;;98,76224;;Spain_2004;9961,494;43308,345;33390,174;-0,09;Europe;;77,1;1,24;
Spain;2005;100,0;100,0;100,0;;98,74315;;Spain_2005;10014,136;44019,123;34028,496;0,2;Europe;;77,3;1,26;
Spain;2006;100,0;100,0;100,0;;98,72406;;Spain_2006;10062,286;44728,565;34663,246;-0,15;Europe;;77,5;1,28;
Spain;2007;100,0;99,99999;100,0;;98,70497;;Spain_2007;10104,737;45429,076;35289,121;-0,28;Europe;;77,68;1,3;
Spain;2008;100,0;100,0;100,0;;98,68588;;Spain_2008;10130,511;46068,811;35867,295;-0,38;Europe;;77,86;1,31;
Spain;2009;100,0;100,0;100,0;;98,6668;;Spain_2009;10127,186;46583,565;36348,886;-0,47;Europe;;78,03;1,33;
Spain;2010;100,0;100,0;100,0;;98,64772;;Spain_2010;10086,595;46931,015;36702,035;-0,32;Europe;;78,2;1,35;
Spain;2011;100,0;100,0;100,0;;98,62863;;Spain_2011;10004,441;47084,24;36904,697;0,02;Europe;;78,38;1,37;
Spain;2012;100,0;99,98617;99,98247;;98,59591;;Spain_2012;9886,091;47063,06;36971,313;-0,03;Europe;;78,56;1,39;
Spain;2013;100,0;99,95663;99,94521;;98,54771;;Spain_2013;9744,548;46930,555;36953,005;0,01;Europe;;78,74;1,41;
Spain;2014;100,0;99,92694;99,90794;;98,49935;;Spain_2014;9599,224;46777,925;36922,603;0,24;Europe;;78,93;1,43;
Spain;2015;100,0;99,92673;99,90794;;98,48007;;Spain_2015;9464,206;46671,926;36933,458;0,25;Europe;;79,13;1,45;
Spain;2016;100,0;99,92651;99,90794;;98,46078;;Spain_2016;9343,737;46634,14;37003,839;0,41;Europe;0,15183;79,35;1,47;0,9989
Spain;2017;100,0;99,92628;99,90794;;98,44149;;Spain_2017;9233,918;46647,428;37120,403;0,28;Europe;;79,58;1,48;
Sri Lanka;2000;75,98656;79,54816;95,36412;;;86,09052;Sri Lanka_2000;15329,767;18777,601;3452,171;-1,9;South-East Asia;;18,38;;
Sri Lanka;2001;76,72732;80,15523;95,39275;;;86,11636;Sri Lanka_2001;15439,7;18911,73;3473,354;;South-East Asia;;18,37;;
Sri Lanka;2002;77,42108;80,73649;95,48969;;;86,1422;Sri Lanka_2002;15562,028;19062,482;3497,272;-0,78;South-East Asia;;18,35;;
Sri Lanka;2003;78,11394;81,31739;95,58669;;;86,16805;Sri Lanka_2003;15692,371;19224,037;3522,936;-0,83;South-East Asia;;18,33;;
Sri Lanka;2004;78,8059;81,89775;95,68371;;;86,19389;Sri Lanka_2004;15823,764;19387,153;3548,774;-1,01;South-East Asia;;18,3;;
Sri Lanka;2005;79,49696;82,47739;95,78078;;;86,21973;Sri Lanka_2005;15950,938;19544,988;3573,62;-1,15;South-East Asia;;18,28;;
Sri Lanka;2006;80,18713;83,05666;95,87789;;;86,60426;Sri Lanka_2006;16072,91;19695,972;3597,241;-1,42;South-East Asia;;18,26;;
Sri Lanka;2007;80,87639;83,63522;95,97504;;;86,98899;Sri Lanka_2007;16190,874;19842,044;3619,915;-1,75;South-East Asia;;18,24;;
Sri Lanka;2008;81,56476;84,21339;96,07224;;;87,37395;Sri Lanka_2008;16304,311;19983,984;3641,521;-1,8;South-East Asia;;18,22;;
Sri Lanka;2009;82,25223;84,79101;96,16947;;;87,75911;Sri Lanka_2009;16413,045;20123,508;3662,041;-1,34;South-East Asia;;18,2;;
Sri Lanka;2010;82,93879;85,36794;96,26675;;;88,14449;Sri Lanka_2010;16516,926;20261,737;3681,427;-0,94;South-East Asia;;18,17;;
Sri Lanka;2011;83,62446;85,94447;96,36406;;;88,53009;Sri Lanka_2011;16615,442;20398,497;3699,575;-0,72;South-East Asia;;18,14;;
Sri Lanka;2012;84,30923;86,52045;96,46142;;;88,9159;Sri Lanka_2012;16708,167;20532,6;3716,388;-0,72;South-East Asia;;18,1;;
Sri Lanka;2013;84,9931;87,09783;96,55882;;;89,30193;Sri Lanka_2013;16791,684;20663,046;3735,549;-0,61;South-East Asia;;18,08;;
Sri Lanka;2014;85,67607;87,67645;96,65625;;;89,68816;Sri Lanka_2014;16866,37;20788,511;3757,194;-0,33;South-East Asia;;18,07;;
Sri Lanka;2015;86,35815;88,25597;96,75373;;;90,07462;Sri Lanka_2015;16932,569;20908,027;3781,471;0,09;South-East Asia;;18,09;;
Sri Lanka;2016;87,03932;88,83598;96,85126;;;90,46129;Sri Lanka_2016;16990,083;21021,171;3808,409;0,0;South-East Asia;1,19003;18,12;;0,9383
Sri Lanka;2017;87,7196;89,41629;96,94881;;;90,84818;Sri Lanka_2017;17038,849;21128,032;3838,068;-0,07;South-East Asia;;18,17;;
Sudan;2012;47,23267;54,6903;69,59705;;;;Sudan_2012;23988,926;36193,783;12001,266;-2,26;Eastern Mediterranean;;33,16;;
Sudan;2013;48,72426;56,10672;70,75685;;;;Sudan_2013;24502,709;37072,55;12347,209;-2,19;Eastern Mediterranean;;33,31;;
Sudan;2014;50,21585;57,52663;71,91666;;;;Sudan_2014;25024,231;37977,655;12713,682;-2,36;Eastern Mediterranean;;33,48;;
Sudan;2015;51,70744;58,95025;73,07645;;;;Sudan_2015;25548,489;38902,95;13099,314;-2,16;Eastern Mediterranean;;33,67;;
Sudan;2016;53,19903;60,21589;73,76366;;;;Sudan_2016;26074,189;39847,439;13504,639;-2,34;Eastern Mediterranean;17,32224;33,89;;0,7154
Sudan;2017;53,19903;60,26709;73,76366;;;;Sudan_2017;26602,042;40813,397;13931,288;-1,98;Eastern Mediterranean;;34,13;;
Suriname;2000;73,56894;89,56471;97,64301;;;;Suriname_2000;158,514;470,949;313,876;0,21;Americas;;66,65;;
Suriname;2001;74,5196;89,91393;97,66306;;;;Suriname_2001;159,96;476,579;317,78;;Americas;;66,68;;
Suriname;2002;75,46687;90,26084;97,68304;;;;Suriname_2002;161,381;482,235;321,663;0,49;Americas;;66,7;;
Suriname;2003;76,41077;90,60499;97,70296;;;;Suriname_2003;162,79;487,942;325,542;0,48;Americas;;66,72;;
Suriname;2004;77,35128;90,94662;97,7228;;;;Suriname_2004;164,195;493,679;329,435;0,3;Americas;;66,73;;
Suriname;2005;78,28841;91,26084;97,74258;;;;Suriname_2005;166,238;499,464;332,708;0,23;Americas;;66,61;;
Suriname;2006;79,22215;91,57267;97,76231;;;;Suriname_2006;168,365;505,295;335,942;-0,02;Americas;;66,48;;
Suriname;2007;80,15252;91,88438;97,78196;;;;Suriname_2007;170,511;511,181;339,194;-0,02;Americas;;66,35;;
Suriname;2008;81,0795;92,19614;97,80154;;;;Suriname_2008;172,681;517,123;342,467;0,1;Americas;;66,23;;
Suriname;2009;82,0031;92,50813;97,82106;;;;Suriname_2009;174,867;523,111;345,752;0,15;Americas;;66,1;;
Suriname;2010;82,92332;92,81998;97,84052;;;;Suriname_2010;177,066;529,131;349,037;0,08;Americas;;65,96;;
Suriname;2011;83,84015;93,13188;97,8599;;;;Suriname_2011;179,273;535,179;352,316;0,12;Americas;;65,83;;
Suriname;2012;84,7536;93,44381;97,87922;;;;Suriname_2012;181,489;541,245;355,588;0,08;Americas;;65,7;;
Suriname;2013;85,80207;93,83449;97,94663;;;;Suriname_2013;183,704;547,291;358,836;0,13;Americas;;65,57;;
Suriname;2014;86,85054;94,22839;98,01405;;;;Suriname_2014;185,806;553,273;362,122;0,25;Americas;;65,45;;
Suriname;2015;87,35076;94,43904;98,08147;;;;Suriname_2015;187,781;559,143;365,427;0,26;Americas;;65,35;;
Suriname;2016;87,46136;94,5194;98,14888;;;;Suriname_2016;189,623;564,888;368,745;0,16;Americas;2,00714;65,28;;0,9627
Suriname;2017;89,99594;95,42474;98,2163;;;;Suriname_2017;191,326;570,496;372,076;0,13;Americas;;65,22;;
Sweden;2000;100,0;100,0;100,0;;99,94;;Sweden_2000;1418,749;8881,64;7462,891;1,39;Europe;;84,03;0,06;
Sweden;2001;100,0;100,0;100,0;;99,94;;Sweden_2001;1417,317;8897,793;7480,476;;Europe;;84,07;0,06;
Sweden;2002;100,0;100,0;100,0;;99,94;;Sweden_2002;1415,408;8920,71;7505,286;1,48;Europe;;84,13;0,06;
Sweden;2003;100,0;100,0;100,0;;99,94;;Sweden_2003;1414,725;8951,436;7536,697;1,34;Europe;;84,2;0,06;
Sweden;2004;100,0;100,0;100,0;;99,94;;Sweden_2004;1415,35;8990,654;7575,289;1,36;Europe;;84,26;0,06;
Sweden;2005;100,0;100,0;100,0;;99,93999;;Sweden_2005;1417,334;9038,623;7621,289;1,3;Europe;;84,32;0,06;
Sweden;2006;100,0;100,0;100,0;;99,94;;Sweden_2006;1416,324;9096,165;7679,94;1,29;Europe;;84,43;0,06;
Sweden;2007;100,0;100,0;100,0;;99,94;;Sweden_2007;1412,213;9162,939;7751,03;1,27;Europe;;84,59;0,06;
Sweden;2008;100,0;100,0;100,0;;99,94;;Sweden_2008;1409,01;9236,428;7827,88;1,13;Europe;;84,75;0,06;
Sweden;2009;100,0;100,0;100,0;;99,94;;Sweden_2009;1406,182;9313,087;7907,296;1,09;Europe;;84,91;0,06;
Sweden;2010;100,0;100,0;100,0;;99,94;;Sweden_2010;1403,234;9390,168;7986,934;1,09;Europe;;85,06;0,06;
Sweden;2011;100,0;100,0;100,0;;99,93999;;Sweden_2011;1391,807;9466,71;8074,085;1,23;Europe;;85,29;0,06;
Sweden;2012;100,0;100,0;100,0;;99,93999;;Sweden_2012;1371,997;9542,812;8168,91;1,17;Europe;;85,6;0,06;
Sweden;2013;100,0;100,0;100,0;;99,93999;;Sweden_2013;1352,261;9618,016;8262,986;1,13;Europe;;85,91;0,06;
Sweden;2014;100,0;100,0;100,0;;99,93999;;Sweden_2014;1332,551;9692,131;8356,825;1,07;Europe;;86,22;0,06;
Sweden;2015;100,0;100,0;100,0;;99,94;;Sweden_2015;1312,954;9764,95;8450,611;0,95;Europe;;86,54;0,06;
Sweden;2016;100,0;100,0;100,0;;99,93999;;Sweden_2016;1293,399;9836,007;8544,134;1,02;Europe;0,21519;86,87;0,06;0,999
Sweden;2017;100,0;100,0;100,0;;99,94;;Sweden_2017;1273,943;9904,896;8636,758;0,98;Europe;;87,2;0,06;
Switzerland;2000;100,0;100,0;100,0;;92,82433;;Switzerland_2000;1907,695;7143,761;5259,555;1,58;Europe;;73,62;7,18;
Switzerland;2001;100,0;100,0;100,0;;92,82433;;Switzerland_2001;1917,728;7179,169;5284,957;;Europe;;73,62;7,18;
Switzerland;2002;100,0;100,0;100,0;;92,82433;;Switzerland_2002;1926,831;7220,377;5317,083;1,54;Europe;;73,64;7,18;
Switzerland;2003;100,0;100,0;100,0;;92,82432;;Switzerland_2003;1937,708;7268,359;5354,185;1,25;Europe;;73,66;7,18;
Switzerland;2004;100,0;100,0;100,0;;93,06351;;Switzerland_2004;1950,516;7323,737;5396,731;1,23;Europe;;73,69;6,94;
Switzerland;2005;100,0;100,0;100,0;;93,3027;;Switzerland_2005;1965,346;7386,816;5444,962;1,2;Europe;;73,71;6,7;
Switzerland;2006;100,0;100,0;100,0;;93,54189;;Switzerland_2006;1982,272;7457,958;5499,135;1,27;Europe;;73,74;6,46;
Switzerland;2007;100,0;100,0;100,0;;93,78107;;Switzerland_2007;2001,241;7536,982;5559,117;1,23;Europe;;73,76;6,22;
Switzerland;2008;100,0;100,0;100,0;;94,02027;;Switzerland_2008;2021,967;7622,821;5624,146;1,22;Europe;;73,78;5,98;
Switzerland;2009;100,0;100,0;100,0;;94,25946;;Switzerland_2009;2044,053;7713,898;5693,108;1,31;Europe;;73,8;5,74;
Switzerland;2010;100,0;100,0;100,0;;94,49865;;Switzerland_2010;2067,084;7808,675;5764,887;1,26;Europe;;73,83;5,5;
Switzerland;2011;100,0;100,0;100,0;;94,73784;;Switzerland_2011;2091,187;7906,992;5839,234;1,3;Europe;;73,85;5,26;
Switzerland;2012;100,0;100,0;100,0;;94,97703;;Switzerland_2012;2116,141;8008,012;5915,529;1,42;Europe;;73,87;5,02;
Switzerland;2013;100,0;100,0;100,0;;95,21622;;Switzerland_2013;2140,993;8108,878;5991,681;1,4;Europe;;73,89;4,78;
Switzerland;2014;100,0;100,0;100,0;;95,45541;;Switzerland_2014;2164,734;8206,002;6064,895;1,4;Europe;;73,91;4,54;
Switzerland;2015;100,0;100,0;100,0;;95,45541;;Switzerland_2015;2186,643;8296,775;6133,126;1,34;Europe;;73,92;4,54;
Switzerland;2016;100,0;100,0;100,0;;95,45541;;Switzerland_2016;2206,365;8379,917;6195,374;1,31;Europe;0,13784;73,93;4,54;0,9993
Switzerland;2017;100,0;100,0;100,0;;95,45541;;Switzerland_2017;2224,037;8455,804;6251,968;1,26;Europe;;73,94;4,54;
Syrian Arab Republic;2000;90,10829;94,86642;99,26787;;;;Syrian Arab Republic_2000;7885,963;16410,848;8524,885;-0,18;Eastern Mediterranean;;51,95;;
Syrian Arab Republic;2001;90,40588;95,03363;99,25198;;;;Syrian Arab Republic_2001;7995,447;16766,561;8771,452;;Eastern Mediterranean;;52,32;;
Syrian Arab Republic;2002;90,70345;95,19862;99,23609;;;;Syrian Arab Republic_2002;8085,687;17084,632;9002,214;0,28;Eastern Mediterranean;;52,69;;
Syrian Arab Republic;2003;91,00103;95,36121;99,2202;;;;Syrian Arab Republic_2003;8176,604;17415,214;9238,662;0,06;Eastern Mediterranean;;53,05;;
Syrian Arab Republic;2004;91,29861;95,5216;99,20431;;;;Syrian Arab Republic_2004;8294,901;17827,825;9511,737;-0,29;Eastern Mediterranean;;53,35;;
Syrian Arab Republic;2005;91,59618;95,67944;99,18842;;;;Syrian Arab Republic_2005;8455,456;18361,176;9839,155;-0,46;Eastern Mediterranean;;53,59;;
Syrian Arab Republic;2006;91,89376;95,83492;99,17253;;;;Syrian Arab Republic_2006;8673,211;19059,258;10241,766;-0,28;Eastern Mediterranean;;53,74;;
Syrian Arab Republic;2007;92,19135;95,9882;99,15664;;;;Syrian Arab Republic_2007;8930,863;19878,254;10701,943;-0,34;Eastern Mediterranean;;53,84;;
Syrian Arab Republic;2008;92,48892;96,13911;99,14075;;;;Syrian Arab Republic_2008;9171,916;20664,038;11153,527;-0,34;Eastern Mediterranean;;53,98;;
Syrian Arab Republic;2009;92,7865;96,28762;99,12486;;;;Syrian Arab Republic_2009;9321,767;21205,873;11503,126;-0,51;Eastern Mediterranean;;54,25;;
Syrian Arab Republic;2010;93,08408;96,43392;99,10897;;;;Syrian Arab Republic_2010;9332,362;21362,529;11686,472;-0,81;Eastern Mediterranean;;54,71;;
Syrian Arab Republic;2011;93,38165;96,49895;99,09309;;;;Syrian Arab Republic_2011;9476,439;21081,815;11387,554;-2,01;Eastern Mediterranean;;54,02;;
Syrian Arab Republic;2012;93,67923;96,57011;99,07719;;;;Syrian Arab Republic_2012;9484,477;20438,856;10936,224;-2,68;Eastern Mediterranean;;53,51;;
Syrian Arab Republic;2013;93,97681;96,64764;99,0613;;;;Syrian Arab Republic_2013;9403,582;19578,461;10405,559;-2,68;Eastern Mediterranean;;53,15;;
Syrian Arab Republic;2014;94,27439;96,73147;99,04542;;;;Syrian Arab Republic_2014;9313,499;18710,711;9889,591;-2,75;Eastern Mediterranean;;52,86;;
Syrian Arab Republic;2015;94,57197;96,89738;99,02953;;;;Syrian Arab Republic_2015;8961,409;17997,408;9773,578;-2,97;Eastern Mediterranean;;54,31;;
Syrian Arab Republic;2016;94,86954;97,05907;99,01363;;;;Syrian Arab Republic_2016;8692,69;17465,575;9737,763;-2,92;Eastern Mediterranean;3,6654;55,75;;0,9672
Syrian Arab Republic;2017;95,16712;97,21651;98,99774;;;;Syrian Arab Republic_2017;8495,489;17095,678;9774,379;-2,62;Eastern Mediterranean;;57,17;;
Tajikistan;2000;43,46983;55,90601;90,39703;;35,24668;;Tajikistan_2000;4568,853;6216,341;1647,352;-1,65;Europe;;26,5;20,66;
Tajikistan;2001;45,27232;57,32143;90,73552;;36,43213;;Tajikistan_2001;4650,26;6318,513;1676,865;;Europe;;26,54;20,89;
Tajikistan;2002;47,08603;58,74521;91,07464;;37,65243;;Tajikistan_2002;4738,751;6426,867;1708,937;-0,98;Europe;;26,59;21,09;
Tajikistan;2003;48,91096;60,17734;91,41439;;38,9076;;Tajikistan_2003;4833,576;6541,547;1743,301;-1,1;Europe;;26,65;21,27;
Tajikistan;2004;50,74711;61,61742;91,75477;;40,19707;;Tajikistan_2004;4933,375;6662,389;1779,466;-1,31;Europe;;26,71;21,42;
Tajikistan;2005;52,59449;63,06628;92,09578;;41,52198;;Tajikistan_2005;5037,117;6789,321;1817,059;-1,39;Europe;;26,76;21,54;
Tajikistan;2006;54,45309;64,52349;92,43741;;42,88173;;Tajikistan_2006;5144,561;6922,587;1855,996;-1,39;Europe;;26,81;21,64;
Tajikistan;2007;56,32291;65,98906;92,77968;;44,27634;;Tajikistan_2007;5256,003;7062,672;1896,382;-0,75;Europe;;26,85;21,71;
Tajikistan;2008;58,20396;67,46297;93,12257;;45,24455;;Tajikistan_2008;5371,491;7209,93;1938,237;-0,83;Europe;;26,88;22,22;
Tajikistan;2009;60,09622;68,94524;93,46609;;45,65298;;Tajikistan_2009;5491,198;7364,753;1981,621;-1,03;Europe;;26,91;23,29;
Tajikistan;2010;61,99971;70,43587;93,81024;;46,02968;;Tajikistan_2010;5615,102;7527,394;2026,528;-1,03;Europe;;26,92;24,41;
Tajikistan;2011;63,91442;71,93454;94,15502;;46,37447;;Tajikistan_2011;5743,046;7697,51;2072,903;-1,02;Europe;;26,93;25,56;
Tajikistan;2012;65,84036;73,44818;94,50043;;46,69177;;Tajikistan_2012;5872,805;7874,835;2122,257;-1,24;Europe;;26,95;26,76;
Tajikistan;2013;67,77752;74,97488;94,84647;;46,98115;;Tajikistan_2013;6003,406;8059,769;2174,403;-1,18;Europe;;26,98;27,99;
Tajikistan;2014;69,7259;76,51419;95,19314;;47,24315;;Tajikistan_2014;6133,662;8252,833;2229,083;-0,69;Europe;;27,01;29,27;
Tajikistan;2015;71,6855;78,06479;95,54044;;47,47783;;Tajikistan_2015;6262,55;8454,028;2286,101;-0,88;Europe;;27,04;30,59;
Tajikistan;2016;73,65633;79,62585;95,88836;;47,68568;;Tajikistan_2016;6389,516;8663,579;2345,435;-0,78;Europe;2,70048;27,07;31,94;0,8848
Tajikistan;2017;75,63838;81,19627;96,23692;;47,86705;;Tajikistan_2017;6514,203;8880,268;2407,14;-0,67;Europe;;27,11;33,33;
Thailand;2000;91,6601;93,62749;97,92845;;;;Thailand_2000;43198,106;62952,642;19759,915;0,46;South-East Asia;;31,39;;
Thailand;2001;92,14872;94,07426;98,06474;;;;Thailand_2001;42861,156;63539,196;20682,166;;South-East Asia;;32,55;;
Thailand;2002;92,63734;94,5142;98,20104;;;;Thailand_2002;42458,762;64069,087;21614,402;0,51;South-East Asia;;33,74;;
Thailand;2003;93,12596;94,94686;98,33733;;;;Thailand_2003;41999,085;64549,866;22555,867;-0,14;South-East Asia;;34,94;;
Thailand;2004;93,61458;95,37205;98,47363;;;;Thailand_2004;41491,898;64995,299;23510,333;-0,72;South-East Asia;;36,17;;
Thailand;2005;94,11828;95,79865;98,60992;;;;Thailand_2005;40948,938;65416,189;24476,532;-0,87;South-East Asia;;37,42;;
Thailand;2006;94,62213;96,21704;98,74622;;;;Thailand_2006;40368,169;65812,536;25455,995;-1,13;South-East Asia;;38,68;;
Thailand;2007;95,12614;96,61889;98,86267;;;;Thailand_2007;39750,794;66182,067;26444,821;-1,11;South-East Asia;;39,96;;
Thailand;2008;95,63031;97,00861;98,97228;;;;Thailand_2008;39101,036;66530,984;27444,724;-1,27;South-East Asia;;41,25;;
Thailand;2009;96,13463;97,38845;99,08182;;;;Thailand_2009;38428,419;66866,839;28453,448;-1,42;South-East Asia;;42,55;;
Thailand;2010;96,63911;97,75838;99,19128;;;;Thailand_2010;37733,694;67195,028;29475,114;-1,44;South-East Asia;;43,87;;
Thailand;2011;97,14375;98,10784;99,30066;;;;Thailand_2011;37345,66;67518,388;30184,47;-1,13;South-East Asia;;44,71;;
Thailand;2012;97,64854;98,44902;99,40997;;;;Thailand_2012;37012,171;67835,962;30831,808;-1,22;South-East Asia;;45,45;;
Thailand;2013;98,15349;98,78436;99,51921;;;;Thailand_2013;36666,051;68144,518;31477,014;-1,31;South-East Asia;;46,19;;
Thailand;2014;98,65859;99,11123;99,62282;;;;Thailand_2014;36300,112;68438,746;32116,66;-0,91;South-East Asia;;46,93;;
Thailand;2015;99,01855;99,29021;99,58817;;;;Thailand_2015;35911,92;68714,511;32745,68;-0,99;South-East Asia;;47,65;;
Thailand;2016;99,03191;99,3738;99,7376;;;;Thailand_2016;35500,674;68971,308;33362,84;-0,99;South-East Asia;3,50653;48,37;;0,9795
Thailand;2017;100,0;99,93071;99,85917;;;;Thailand_2017;35071,057;69209,81;33966,456;-0,75;South-East Asia;;49,08;;
Timor-Leste;2002;43,31006;50,61625;72,55939;;;;Timor-Leste_2002;693,062;922,694;230,763;-0,49;South-East Asia;;25,01;;
Timor-Leste;2003;44,59648;52,13512;74,3429;;;;Timor-Leste_2003;717,348;947,108;243,504;-0,29;South-East Asia;;25,71;;
Timor-Leste;2004;45,8829;53,6585;76,1264;;;;Timor-Leste_2004;740,448;971,893;256,25;-0,16;South-East Asia;;26,37;;
Timor-Leste;2005;47,16933;55,17448;77,9099;;;;Timor-Leste_2005;759,18;995,135;267,304;-0,71;South-East Asia;;26,86;;
Timor-Leste;2006;48,45575;56,69437;79,69341;;;;Timor-Leste_2006;772,061;1016,432;276,56;-1,16;South-East Asia;;27,21;;
Timor-Leste;2007;49,74217;58,2182;81,47691;;;;Timor-Leste_2007;780,526;1036,392;284,447;-1,1;South-East Asia;;27,45;;
Timor-Leste;2008;51,02859;59,74665;83,26041;;;;Timor-Leste_2008;786,501;1055,431;291,609;-0,8;South-East Asia;;27,63;;
Timor-Leste;2009;52,9731;61,78516;85,14681;;;;Timor-Leste_2009;792,93;1074,277;299,091;-0,57;South-East Asia;;27,84;;
Timor-Leste;2010;54,94997;63,8485;87,03754;;;;Timor-Leste_2010;801,874;1093,523;307,717;-0,47;South-East Asia;;28,14;;
Timor-Leste;2011;56,95921;65,93702;88,93258;;;;Timor-Leste_2011;813,805;1113,151;317,718;-0,46;South-East Asia;;28,54;;
Timor-Leste;2012;59,00082;68,04977;90,83194;;;;Timor-Leste_2012;827,913;1132,994;328,847;-0,28;South-East Asia;;29,02;;
Timor-Leste;2013;61,07478;70,18645;92,73562;;;;Timor-Leste_2013;843,513;1153,294;340,853;-0,38;South-East Asia;;29,55;;
Timor-Leste;2014;63,18112;72,34708;94,64361;;;;Timor-Leste_2014;859,479;1174,331;353,335;-0,18;South-East Asia;;30,09;;
Timor-Leste;2015;65,31982;74,53134;96,55592;;;;Timor-Leste_2015;875,011;1196,302;365,966;-0,27;South-East Asia;;30,59;;
Timor-Leste;2016;67,49088;76,65939;98,20617;;;;Timor-Leste_2016;889,974;1219,288;378,697;-0,01;South-East Asia;9,91329;31,06;;0,8343
Timor-Leste;2017;69,69431;78,34386;98,32387;;;;Timor-Leste_2017;904,669;1243,258;391,642;0,07;South-East Asia;;31,5;;
Togo;2000;29,60045;45,88497;79,08694;;;;Togo_2000;3334,778;4924,402;1635,589;-0,29;Africa;;33,21;;
Togo;2001;30,71327;47,04417;79,67269;;;;Togo_2001;3406,691;5062,567;1705,079;;Africa;;33,68;;
Togo;2002;31,82515;48,19999;80,25852;;;;Togo_2002;3476,016;5197,031;1775,456;0,05;Africa;;34,16;;
Togo;2003;32,93608;49,35188;80,84444;;;;Togo_2003;3544,063;5330,639;1847,338;-0,19;Africa;;34,66;;
Togo;2004;34,04606;50,49981;81,43044;;;;Togo_2004;3612,772;5467,766;1921,826;-0,32;Africa;;35,15;;
Togo;2005;35,15509;51,64329;82,01652;;;;Togo_2005;3683,622;5611,64;1999,646;-1,45;Africa;;35,63;;
Togo;2006;36,26318;52,78275;82,60269;;;;Togo_2006;3756,669;5762,88;2081,123;-0,53;Africa;;36,11;;
Togo;2007;37,37032;53,91818;83,18895;;;;Togo_2007;3831,357;5920,359;2166,028;-0,34;Africa;;36,59;;
Togo;2008;38,47652;55,04998;83,77529;;;;Togo_2008;3907,407;6083,42;2254,389;-0,17;Africa;;37,06;;
Togo;2009;39,58177;56,17632;84,36172;;;;Togo_2009;3984,514;6250,835;2345,958;-0,17;Africa;;37,53;;
Togo;2010;40,68607;57,29899;84,94823;;;;Togo_2010;4062,203;6421,679;2440,749;-0,18;Africa;;38,01;;
Togo;2011;41,78942;58,42668;85,53484;;;;Togo_2011;4139,026;6595,943;2540,256;-0,16;Africa;;38,51;;
Togo;2012;42,89183;59,55515;86,12152;;;;Togo_2012;4215,435;6773,809;2644,047;-0,39;Africa;;39,03;;
Togo;2013;43,99329;60,6782;86,70829;;;;Togo_2013;4291,901;6954,722;2751,047;-0,35;Africa;;39,56;;
Togo;2014;45,09381;61,79667;87,29515;;;;Togo_2014;4367,759;7138,0;2861,156;-0,17;Africa;;40,08;;
Togo;2015;46,19337;62,91055;87,88209;;;;Togo_2015;4442,664;7323,158;2974,138;-0,23;Africa;;40,61;;
Togo;2016;47,292;64,02144;88,46912;;;;Togo_2016;4516,059;7509,951;3090,315;-0,17;Africa;41,63327;41,15;;0,6141
Togo;2017;48,38967;65,12884;89,05623;;;;Togo_2017;4588,034;7698,474;3209,66;-0,88;Africa;;41,69;;
Tonga;2000;98,82884;98,492;97,3651;;;;Tonga_2000;75,511;97,973;22,571;;Western Pacific;;23,04;;
Tonga;2001;98,82884;98,49158;97,3651;;;;Tonga_2001;75,89;98,487;22,721;;Western Pacific;;23,07;;
Tonga;2002;98,82884;98,49117;97,3651;;;;Tonga_2002;76,303;99,022;22,881;;Western Pacific;;23,11;;
Tonga;2003;98,82884;98,49075;97,3651;;;;Tonga_2003;76,74;99,589;23,049;0,63;Western Pacific;;23,14;;
Tonga;2004;98,82884;98,49032;97,3651;;;;Tonga_2004;77,185;100,218;23,221;0,82;Western Pacific;;23,17;;
Tonga;2005;98,94068;98,63161;97,60587;;;;Tonga_2005;77,645;100,905;23,396;0,68;Western Pacific;;23,19;;
Tonga;2006;99,05252;98,77295;97,84664;;;;Tonga_2006;78,113;101,706;23,576;0,47;Western Pacific;;23,18;;
Tonga;2007;99,16436;98,91422;98,08741;;;;Tonga_2007;78,582;102,581;23,775;0,28;Western Pacific;;23,18;;
Tonga;2008;99,2762;99,0555;98,32818;;;;Tonga_2008;79,024;103,379;23,981;0,28;Western Pacific;;23,2;;
Tonga;2009;99,38804;99,1969;98,56895;;;;Tonga_2009;79,428;103,89;24,176;0,21;Western Pacific;;23,27;;
Tonga;2010;99,49989;99,33846;98,80972;;;;Tonga_2010;79,78;103,986;24,357;0,69;Western Pacific;;23,42;;
Tonga;2011;99,61172;99,48015;99,05049;;;;Tonga_2011;80,061;103,562;24,516;0,94;Western Pacific;;23,67;;
Tonga;2012;99,72356;99,62225;99,29126;;;;Tonga_2012;80,356;102,737;24,595;0,89;Western Pacific;;23,94;;
Tonga;2013;99,8354;99,76447;99,53203;;;;Tonga_2013;80,701;101,768;24,627;0,94;Western Pacific;;24,2;;
Tonga;2014;99,94724;99,90655;99,7728;;;;Tonga_2014;81,105;101,028;24,677;0,85;Western Pacific;;24,43;;
Tonga;2015;99,94724;99,90665;99,7728;;;;Tonga_2015;81,608;100,781;24,756;0,89;Western Pacific;;24,56;;
Tonga;2016;99,94724;99,90674;99,7728;;;;Tonga_2016;82,246;101,133;24,876;0,92;Western Pacific;1,42545;24,6;;0,9925
Tonga;2017;99,94724;99,90683;99,7728;;;;Tonga_2017;82,993;101,998;25,027;0,79;Western Pacific;;24,54;;
Trinidad and Tobago;2000;;91,82783;;;;;Trinidad and Tobago_2000;559,116;1267,153;708,868;0,15;Americas;;55,94;;
Trinidad and Tobago;2001;;92,27776;;;;;Trinidad and Tobago_2001;563,436;1271,632;708,944;;Americas;;55,75;;
Trinidad and Tobago;2002;;92,72746;;;;;Trinidad and Tobago_2002;568,249;1277,213;709,588;-0,09;Americas;;55,56;;
Trinidad and Tobago;2003;;93,17691;;;;;Trinidad and Tobago_2003;573,423;1283,559;710,629;-0,25;Americas;;55,36;;
Trinidad and Tobago;2004;;93,62612;;;;;Trinidad and Tobago_2004;578,746;1290,123;711,789;-0,07;Americas;;55,17;;
Trinidad and Tobago;2005;;94,07509;;;;;Trinidad and Tobago_2005;584,051;1296,502;712,883;-0,12;Americas;;54,99;;
Trinidad and Tobago;2006;;94,52381;;;;;Trinidad and Tobago_2006;589,3;1302,561;713,844;-0,24;Americas;;54,8;;
Trinidad and Tobago;2007;;94,97229;;;;;Trinidad and Tobago_2007;594,531;1308,451;714,729;-0,19;Americas;;54,62;;
Trinidad and Tobago;2008;;95,42052;;;;;Trinidad and Tobago_2008;599,788;1314,443;715,584;-0,12;Americas;;54,44;;
Trinidad and Tobago;2009;;95,86852;;;;;Trinidad and Tobago_2009;605,125;1320,93;716,493;-0,14;Americas;;54,24;;
Trinidad and Tobago;2010;;96,31626;;;;;Trinidad and Tobago_2010;610,599;1328,147;717,501;-0,05;Americas;;54,02;;
Trinidad and Tobago;2011;;96,76377;;;;;Trinidad and Tobago_2011;616,193;1336,178;718,595;0,14;Americas;;53,78;;
Trinidad and Tobago;2012;;97,21104;;;;;Trinidad and Tobago_2012;621,549;1344,819;720,039;0,1;Americas;;53,54;;
Trinidad and Tobago;2013;;98,18496;;;;;Trinidad and Tobago_2013;626,536;1353,703;721,712;0,09;Americas;;53,31;;
Trinidad and Tobago;2014;;98,18496;;;;;Trinidad and Tobago_2014;631,023;1362,345;723,47;0,25;Americas;;53,1;;
Trinidad and Tobago;2015;;98,18496;;;;;Trinidad and Tobago_2015;634,898;1370,328;725,194;0,29;Americas;;52,92;;
Trinidad and Tobago;2016;;98,18496;;;;;Trinidad and Tobago_2016;638,115;1377,56;726,847;0,29;Americas;0,14189;52,76;;0,9903
Trinidad and Tobago;2017;;98,18496;;;;;Trinidad and Tobago_2017;640,679;1384,059;728,446;0,28;Americas;;52,63;;
Tunisia;2000;70,64274;87,89997;97,84862;;40,92445;;Tunisia_2000;3546,812;9708,35;6152,385;0,32;Eastern Mediterranean;;63,37;46,98;
Tunisia;2001;71,31419;88,33685;97,98795;;45,30992;;Tunisia_2001;3540,69;9793,903;6245,011;;Eastern Mediterranean;;63,76;43,03;
Tunisia;2002;71,98565;88,76899;98,1271;;49,73199;;Tunisia_2002;3531,202;9871,251;6333,124;0,15;Eastern Mediterranean;;64,16;39,04;
Tunisia;2003;72,6571;89,19678;98,26626;;54,19005;;Tunisia_2003;3520,132;9945,277;6419,546;0,32;Eastern Mediterranean;;64,55;35,01;
Tunisia;2004;73,32855;89,61597;98,40542;;58,6819;;Tunisia_2004;3511,132;10022,277;6506,469;0,15;Eastern Mediterranean;;64,92;30,93;
Tunisia;2005;74,00001;90,01215;98,54458;;63,2012;;Tunisia_2005;3511,889;10106,771;6590,593;0,02;Eastern Mediterranean;;65,21;26,81;
Tunisia;2006;74,67146;90,40527;98,68374;;67,75428;;Tunisia_2006;3515,255;10201,214;6680,881;0,21;Eastern Mediterranean;;65,49;22,65;
Tunisia;2007;75,34291;90,79485;98,82289;;72,34045;;Tunisia_2007;3521,038;10304,726;6777,049;0,16;Eastern Mediterranean;;65,77;18,45;
Tunisia;2008;76,01437;91,18118;98,96205;;76,95932;;Tunisia_2008;3528,791;10414,433;6878,545;0,1;Eastern Mediterranean;;66,05;14,22;
Tunisia;2009;77,05086;91,687;99,1012;;81,61039;;Tunisia_2009;3537,891;10525,694;6983,943;0,06;Eastern Mediterranean;;66,35;10,08;
Tunisia;2010;78,90688;92,46056;99,24036;;86,29308;;Tunisia_2010;3547,627;10635,244;7092,304;-0,06;Eastern Mediterranean;;66,69;6,17;
Tunisia;2011;80,78339;93,23127;99,37952;;90,85251;;Tunisia_2011;3557,963;10741,88;7203,504;-0,35;Eastern Mediterranean;;67,06;2,38;
Tunisia;2012;82,68042;93,99876;99,51867;;91,21785;;Tunisia_2012;3568,906;10847,002;7317,762;-0,72;Eastern Mediterranean;;67,46;2,78;
Tunisia;2013;84,59795;94,76262;99,65783;;91,57965;;Tunisia_2013;3580,242;10952,951;7434,316;-0,9;Eastern Mediterranean;;67,88;3,18;
Tunisia;2014;86,536;95,45728;99,69966;;91,87399;;Tunisia_2014;3591,431;11063,201;7552,477;-0,85;Eastern Mediterranean;;68,27;3,58;
Tunisia;2015;87,26192;95,72655;99,69966;;92,13805;;Tunisia_2015;3601,278;11179,949;7672,383;-0,96;Eastern Mediterranean;;68,63;3,59;
Tunisia;2016;87,98785;95,9924;99,69966;;92,39928;;Tunisia_2016;3609,591;11303,945;7793,657;-1,14;Eastern Mediterranean;1,01527;68,95;3,59;0,975
Tunisia;2017;88,71376;96,25471;99,69966;;92,65752;;Tunisia_2017;3616,197;11433,443;7915,93;-1,02;Eastern Mediterranean;;69,23;3,6;
Turkey;2000;89,30463;95,49076;98,85983;;;;Turkey_2000;22297,793;63240,194;40942,328;-0,8;Europe;;64,74;;
Turkey;2001;89,30463;95,53819;98,84481;;;;Turkey_2001;22248,58;64192,243;41942,894;;Europe;;65,34;;
Turkey;2002;90,04758;95,84155;98,82978;;;;Turkey_2002;22165,676;65145,367;42977,378;-0,81;Europe;;65,97;;
Turkey;2003;90,79053;96,13482;98,81475;;;;Turkey_2003;22071,506;66089,402;44014,297;-0,77;Europe;;66,6;;
Turkey;2004;91,53348;96,41821;98,79973;;;;Turkey_2004;21962,05;67010,93;45045,805;-0,83;Europe;;67,22;;
Turkey;2005;92,27643;96,69164;98,7847;;;;Turkey_2005;21837,813;67903,469;46065,593;-0,6;Europe;;67,84;;
Turkey;2006;93,01939;96,95546;98,76967;;;;Turkey_2006;21694,98;68756,81;47068,425;-0,59;Europe;;68,46;;
Turkey;2007;93,76234;97,20967;98,75465;;;;Turkey_2007;21537,953;69581,848;48059,328;-0,82;Europe;;69,07;;
Turkey;2008;94,50529;97,45454;98,73962;;;;Turkey_2008;21377,504;70418,604;49062,528;-0,82;Europe;;69,67;;
Turkey;2009;95,24824;97,69006;98,72459;;;;Turkey_2009;21229,6;71321,399;50109,585;-1,03;Europe;;70,26;;
Turkey;2010;95,99119;97,91648;98,70956;;;;Turkey_2010;21101,166;72326,988;51225,748;-0,92;Europe;;70,83;;
Turkey;2011;96,73414;98,1339;98,69453;;;;Turkey_2011;20993,291;73443,25;52416,164;-0,96;Europe;;71,37;;
Turkey;2012;97,47709;98,34251;98,6795;;;;Turkey_2012;20899,302;74651,05;53670,565;-1,22;Europe;;71,9;;
Turkey;2013;98,22005;98,5424;98,66448;;;;Turkey_2013;20818,043;75925,462;54969,29;-1,25;Europe;;72,4;;
Turkey;2014;98,963;98,73387;98,64945;;;;Turkey_2014;20738,821;77229,256;56291,807;-1,09;Europe;;72,89;;
Turkey;2015;99,63028;98,89722;98,63443;;;;Turkey_2015;20654,742;78529,409;57616,73;-1,49;Europe;;73,37;;
Turkey;2016;99,63028;98,88087;98,6194;;;;Turkey_2016;20566,91;79827,871;58945,516;-2,01;Europe;0,2957;73,84;;0,993
Turkey;2017;99,63028;98,87572;98,6194;;;;Turkey_2017;20473,563;81116,45;60271,457;-1,79;Europe;;74,3;;
Turkmenistan;2000;79,15154;86,98167;96,20581;50,24136;65,94715;84,44909;Turkmenistan_2000;2442,622;4516,133;2073,509;0,01;Europe;;45,91;21,03;
Turkmenistan;2001;80,4494;87,74287;96,25768;52,37652;67,19485;84,49462;Turkmenistan_2001;2458,33;4564,083;2105,75;;Europe;;46,14;20,55;
Turkmenistan;2002;81,74727;88,49863;96,30956;54,554;68,45618;84,54015;Turkmenistan_2002;2472,713;4610,005;2137,289;0,07;Europe;;46,36;20,04;
Turkmenistan;2003;83,04513;89,24879;96,36143;56,77379;69,73052;84,58569;Turkmenistan_2003;2486,786;4655,743;2168,955;0,05;Europe;;46,59;19,52;
Turkmenistan;2004;84,34299;89,99335;96,4133;59,0359;71,01758;84,63122;Turkmenistan_2004;2501,652;4703,401;2201,746;-0,12;Europe;;46,81;18,98;
Turkmenistan;2005;85,51352;90,77705;96,70015;61,34031;72,89149;85,89014;Turkmenistan_2005;2517,482;4754,646;2237,159;0,07;Europe;;47,05;17,89;
Turkmenistan;2006;86,68019;91,55625;96,98725;63,68703;74,78707;87,15037;Turkmenistan_2006;2534,518;4810,109;2275,587;-0,25;Europe;;47,31;16,77;
Turkmenistan;2007;87,843;92,33065;97,2746;66,07607;76,70368;88,4119;Turkmenistan_2007;2552,898;4870,141;2317,239;0,28;Europe;;47,58;15,63;
Turkmenistan;2008;89,00195;93,09957;97,56221;68,50742;78,63979;89,67474;Turkmenistan_2008;2573,093;4935,767;2362,669;0,53;Europe;;47,87;14,46;
Turkmenistan;2009;90,15704;93,86292;97,85007;70,98107;80,59515;90,93888;Turkmenistan_2009;2595,53;5007,954;2412,42;0,48;Europe;;48,17;13,27;
Turkmenistan;2010;91,30827;94,61871;98,13518;73,49704;82,56702;92,20152;Turkmenistan_2010;2620,378;5087,213;2466,832;0,33;Europe;;48,49;12,05;
Turkmenistan;2011;92,45564;95,3599;98,40395;76,05532;84,5481;93,44963;Turkmenistan_2011;2647,803;5174,085;2526,258;0,23;Europe;;48,83;10,81;
Turkmenistan;2012;93,59914;96,09415;98,67287;78,65591;86,54488;94,69856;Turkmenistan_2012;2677,355;5267,9;2590,484;0,43;Europe;;49,17;9,55;
Turkmenistan;2013;94,7388;96,82558;98,95103;81,29882;88,56068;95,95711;Turkmenistan_2013;2707,779;5366,378;2658,498;0,25;Europe;;49,54;8,26;
Turkmenistan;2014;95,87459;97,52812;99,18689;83,98403;90,23609;96,50794;Turkmenistan_2014;2737,414;5466,328;2728,827;0,07;Europe;;49,92;7,29;
Turkmenistan;2015;97,00652;98,2223;99,42275;86,71156;91,7131;96,65162;Turkmenistan_2015;2764,99;5565,287;2800,294;-0,09;Europe;;50,32;6,51;
Turkmenistan;2016;97,72062;98,70372;99,65861;89,10392;93,0056;96,7953;Turkmenistan_2016;2790,057;5662,368;2872,487;-0,19;Europe;3,97765;50,73;5,7;0,9739
Turkmenistan;2017;97,57269;98,81433;100,0;90,72574;93,90399;96,93897;Turkmenistan_2017;2812,629;5757,667;2945,446;-0,13;Europe;;51,16;4,91;
Tuvalu;2001;97,52;97,89143;98,32;;;49,16;Tuvalu_2001;5,096;9,484;4,416;;Western Pacific;;46,56;;
Tuvalu;2002;97,52;97,89473;98,32;;;49,16;Tuvalu_2002;5,122;9,596;4,513;;Western Pacific;;47,03;;
Tuvalu;2003;97,52;97,90125;98,32;;;49,16;Tuvalu_2003;5,112;9,726;4,655;1,17;Western Pacific;;47,86;;
Tuvalu;2004;97,52;97,90942;98,32;;;49,16;Tuvalu_2004;5,078;9,869;4,816;1,27;Western Pacific;;48,8;;
Tuvalu;2005;97,52;97,91759;98,32;;;49,16;Tuvalu_2005;5,044;10,0;4,983;1,38;Western Pacific;;49,83;;
Tuvalu;2006;97,66;98,06577;98,46;;;49,23;Tuvalu_2006;4,995;10,12;5,142;1,35;Western Pacific;;50,81;;
Tuvalu;2007;97,8;98,21394;98,6;;;49,3;Tuvalu_2007;4,943;10,221;5,3;1,34;Western Pacific;;51,85;;
Tuvalu;2008;97,94;98,36212;98,74;;;49,37;Tuvalu_2008;4,884;10,314;5,456;1,34;Western Pacific;;52,9;;
Tuvalu;2009;98,08;98,51025;98,88;;;49,44;Tuvalu_2009;4,826;10,424;5,615;1,4;Western Pacific;;53,87;;
Tuvalu;2010;98,22;98,65837;99,02;;;49,51;Tuvalu_2010;4,76;10,53;5,771;1,42;Western Pacific;;54,81;;
Tuvalu;2011;98,36;98,80646;99,16;;;49,58;Tuvalu_2011;4,697;10,633;5,931;1,3;Western Pacific;;55,78;;
Tuvalu;2012;98,5;98,95452;99,3;;;49,65;Tuvalu_2012;4,632;10,739;6,093;1,29;Western Pacific;;56,74;;
Tuvalu;2013;98,64;99,10251;99,44;;;49,72;Tuvalu_2013;4,564;10,857;6,255;1,28;Western Pacific;;57,61;;
Tuvalu;2014;98,78;99,25029;99,58;;;49,79;Tuvalu_2014;4,496;10,972;6,412;1,3;Western Pacific;;58,44;;
Tuvalu;2015;98,78;99,25784;99,58;;;49,79;Tuvalu_2015;4,43;11,099;6,571;1,39;Western Pacific;;59,2;;
Tuvalu;2016;98,78;99,26516;99,58;;;49,79;Tuvalu_2016;4,367;11,225;6,73;1,41;Western Pacific;;59,96;;
Tuvalu;2017;98,78;99,27224;99,58;;;49,79;Tuvalu_2017;4,306;11,37;6,886;1,24;Western Pacific;;60,56;;
Uganda;2000;19,18054;26,75162;70,38492;1,13331;4,7746;25,75991;Uganda_2000;20484,903;23650,172;3554,371;-1,25;Africa;;15,03;21,98;
Uganda;2001;20,25067;27,91321;70,65884;1,28316;4,91586;25,18094;Uganda_2001;21076,726;24388,968;3778,166;;Africa;;15,49;23,0;
Uganda;2002;21,34931;29,0973;70,93324;1,43872;5,05796;24,6004;Uganda_2002;21699,29;25167,257;4018,758;-1,42;Africa;;15,97;24,04;
Uganda;2003;22,47648;30,30326;71,2081;1,59999;5,20059;24,01829;Uganda_2003;22348,557;25980,552;4276,263;-1,56;Africa;;16,46;25,1;
Uganda;2004;23,63216;31,53097;71,48343;1,76696;5,34364;23,43463;Uganda_2004;23017,847;26821,297;4550,589;-1,31;Africa;;16,97;26,19;
Uganda;2005;24,81636;32,77787;71,75923;1,93963;5,48593;22,84939;Uganda_2005;23702,764;27684,585;4841,176;-1,42;Africa;;17,49;27,29;
Uganda;2006;26,02908;34,0457;72,03551;2,11802;5,62821;22,26259;Uganda_2006;24401,496;28571,475;5149,166;-1,14;Africa;;18,02;28,42;
Uganda;2007;27,27032;35,33237;72,31226;2,3021;5,76952;21,67423;Uganda_2007;25115,006;29486,338;5475,481;-0,92;Africa;;18,57;29,56;
Uganda;2008;28,54007;36,63811;72,58947;2,4919;5,90992;21,0843;Uganda_2008;25842,671;30431,736;5821,225;-0,88;Africa;;19,13;30,73;
Uganda;2009;29,83834;37,96132;72,86715;2,68739;6,0487;20,4928;Uganda_2009;26585,117;31411,096;6186,778;-0,99;Africa;;19,7;31,91;
Uganda;2010;31,16513;39,30215;73,1453;2,8886;6,18587;19,89974;Uganda_2010;27341,361;32428,167;6573,772;-1,0;Africa;;20,27;33,12;
Uganda;2011;32,52044;40,65942;73,42393;3,09551;6,3209;19,30511;Uganda_2011;28110,753;33476,772;6982,895;-0,98;Africa;;20,86;34,34;
Uganda;2012;33,90427;42,03276;73,70303;3,30812;6,45358;18,70892;Uganda_2012;28891,6;34558,704;7415,196;-0,87;Africa;;21,46;35,58;
Uganda;2013;35,31661;43,42023;73,98259;3,52644;6,58311;18,11117;Uganda_2013;29683,1;35694,519;7870,626;-0,84;Africa;;22,05;36,84;
Uganda;2014;36,75748;44,82259;74,26263;3,75047;6,70972;17,51185;Uganda_2014;30482,665;36911,523;8350,673;-0,94;Africa;;22,62;38,11;
Uganda;2015;38,22686;46,23822;74,54313;3,9802;6,83273;16,91096;Uganda_2015;31289,039;38225,453;8855,831;-0,8;Africa;;23,17;39,41;
Uganda;2016;39,72475;47,66563;74,8241;4,21564;6,95153;16,30851;Uganda_2016;32101,656;39649,166;9386,309;-0,72;Africa;31,55895;23,67;40,71;0,5822
Uganda;2017;41,25117;49,10403;75,10555;4,45678;7,0658;15,70449;Uganda_2017;32920,646;41166,588;9942,312;-0,57;Africa;;24,15;42,04;
Ukraine;2000;94,6108;98,00832;99,67076;;65,75006;;Ukraine_2000;16046,507;48838,065;32793,567;-0,41;Europe;;67,15;32,26;
Ukraine;2001;94,87574;98,08895;99,65851;;65,78163;;Ukraine_2001;15884,189;48401,656;32518,696;;Europe;;67,19;32,31;
Ukraine;2002;95,07804;98,15168;99,64626;;65,86811;;Ukraine_2002;15697,688;47980,039;32281,904;-0,3;Europe;;67,28;32,28;
Ukraine;2003;95,27999;98,18068;99,58196;;65,99349;;Ukraine_2003;15498,315;47582,461;32082,244;-0,36;Europe;;67,42;32,19;
Ukraine;2004;95,48159;97,74651;98,83221;;68,70232;;Ukraine_2004;15299,601;47217,493;31916,365;-0,47;Europe;;67,59;29,04;
Ukraine;2005;95,68285;97,30968;98,08266;;71,41066;;Ukraine_2005;15103,966;46890,772;31788,197;-0,29;Europe;;67,79;25,9;
Ukraine;2006;95,88374;96,86897;97,33327;;74,08951;;Ukraine_2006;14931,773;46607,395;31684,616;-0,04;Europe;;67,98;22,78;
Ukraine;2007;96,0843;96,42488;96,58408;;76,74915;;Ukraine_2007;14775,381;46366,353;31610,974;0,17;Europe;;68,18;19,68;
Ukraine;2008;96,28451;95,97742;95,83505;;79,39001;;Ukraine_2008;14629,477;46158,711;31556,953;0,04;Europe;;68,37;16,59;
Ukraine;2009;96,48436;95,52661;95,08622;;82,01154;;Ukraine_2009;14487,124;45970,941;31506,9;-0,3;Europe;;68,54;13,52;
Ukraine;2010;96,68387;95,0744;94,33756;;84,59711;;Ukraine_2010;14380,838;45792,09;31411,663;0,01;Europe;;68,6;10,48;
Ukraine;2011;96,88303;94,62045;93,58909;;87,1797;;Ukraine_2011;14270,405;45619,844;31305,902;-0,07;Europe;;68,62;7,44;
Ukraine;2012;97,08184;94,16476;92,8408;;89,7595;;Ukraine_2012;14157,02;45453,806;31192,313;-0,09;Europe;;68,62;4,41;
Ukraine;2013;98,31184;94,0284;92,09269;;92,11779;;Ukraine_2013;14042,196;45286,983;31073,589;-0,78;Europe;;68,61;1,91;
Ukraine;2014;98,57748;93,58921;91,34476;;91,81175;;Ukraine_2014;13928,187;45111,532;30955,239;-2,02;Europe;;68,62;1,78;
Ukraine;2015;98,84311;93,65691;91,33351;;91,87727;;Ukraine_2015;13816,73;44921,639;30840,974;-1,96;Europe;;68,66;1,78;
Ukraine;2016;99,10875;93,72408;91,32226;;91,94227;;Ukraine_2016;13707,753;44713,702;30730,872;-1,86;Europe;0,26862;68,73;1,78;0,9673
Ukraine;2017;99,37438;93,79082;91,31101;;92,00686;;Ukraine_2017;13600,408;44487,709;30622,539;-1,87;Europe;;68,83;1,78;
United Arab Emirates;2000;;95,67811;;;;;United Arab Emirates_2000;623,527;3134,062;2531,398;0,98;Eastern Mediterranean;;80,77;;
United Arab Emirates;2001;;95,67811;;;;;United Arab Emirates_2001;643,432;3302,719;2682,6;;Eastern Mediterranean;;81,22;;
United Arab Emirates;2002;;95,69539;;;;;United Arab Emirates_2002;664,034;3478,777;2843,198;0,93;Eastern Mediterranean;;81,73;;
United Arab Emirates;2003;;95,71267;;;;;United Arab Emirates_2003;693,304;3711,932;3048,628;1,0;Eastern Mediterranean;;82,13;;
United Arab Emirates;2004;;95,72996;;;;;United Arab Emirates_2004;741,096;4068,57;3346,835;0,77;Eastern Mediterranean;;82,26;;
United Arab Emirates;2005;;95,74725;;;;;United Arab Emirates_2005;812,302;4588,225;3767,26;0,88;Eastern Mediterranean;;82,11;;
United Arab Emirates;2006;;95,76454;;;;;United Arab Emirates_2006;909,617;5300,174;4332,415;0,92;Eastern Mediterranean;;81,74;;
United Arab Emirates;2007;;95,78185;;;;;United Arab Emirates_2007;1026,131;6168,838;5017,936;0,98;Eastern Mediterranean;;81,34;;
United Arab Emirates;2008;;95,79915;;;;;United Arab Emirates_2008;1145,328;7089,487;5748,95;0,7;Eastern Mediterranean;;81,09;;
United Arab Emirates;2009;;95,81646;;;;;United Arab Emirates_2009;1246,392;7917,372;6420,001;0,92;Eastern Mediterranean;;81,09;;
United Arab Emirates;2010;;95,83378;;;;;United Arab Emirates_2010;1316,091;8549,988;6954,593;0,8;Eastern Mediterranean;;81,34;;
United Arab Emirates;2011;;95,8511;;;;;United Arab Emirates_2011;1350,919;8946,777;7321,556;0,91;Eastern Mediterranean;;81,83;;
United Arab Emirates;2012;;95,86842;;;;;United Arab Emirates_2012;1357,387;9141,596;7543,066;0,86;Eastern Mediterranean;;82,51;;
United Arab Emirates;2013;;95,88575;;;;;United Arab Emirates_2013;1344,955;9197,91;7661,308;0,89;Eastern Mediterranean;;83,29;;
United Arab Emirates;2014;;96,13178;;;;;United Arab Emirates_2014;1326,639;9214,175;7744,228;0,77;Eastern Mediterranean;;84,05;;
United Arab Emirates;2015;;96,76946;;;;;United Arab Emirates_2015;1311,419;9262,9;7842,883;0,76;Eastern Mediterranean;;84,67;;
United Arab Emirates;2016;;97,40737;;;;;United Arab Emirates_2016;1300,961;9360,98;7968,651;0,56;Eastern Mediterranean;0,02912;85,13;;0,9869
United Arab Emirates;2017;;98,04551;;;;;United Arab Emirates_2017;1292,709;9487,203;8107,436;0,62;Eastern Mediterranean;;85,46;;
United Kingdom of Great Britain and Northern Ireland;2000;100,0;100,0;100,0;;99,96678;;United Kingdom of Great Britain and Northern Ireland_2000;12585,414;58923,309;46365,434;1,04;Europe;;78,69;0,03;
United Kingdom of Great Britain and Northern Ireland;2001;100,0;100,0;100,0;;99,96677;;United Kingdom of Great Britain and Northern Ireland_2001;12568,459;59124,288;46580,884;;Europe;;78,78;0,03;
United Kingdom of Great Britain and Northern Ireland;2002;100,0;100,0;100,0;;99,96678;;United Kingdom of Great Britain and Northern Ireland_2002;12435,493;59326,294;46913,46;0,68;Europe;;79,08;0,03;
United Kingdom of Great Britain and Northern Ireland;2003;100,0;100,0;100,0;;99,96678;;United Kingdom of Great Britain and Northern Ireland_2003;12309,693;59561,432;47270,529;0,27;Europe;;79,36;0,03;
United Kingdom of Great Britain and Northern Ireland;2004;100,0;100,0;100,0;;99,96861;;United Kingdom of Great Britain and Northern Ireland_2004;12198,913;59872,753;47685,215;0,14;Europe;;79,64;0,03;
United Kingdom of Great Britain and Northern Ireland;2005;100,0;100,0;100,0;;99,97044;;United Kingdom of Great Britain and Northern Ireland_2005;12108,499;60287,954;48178,255;0,13;Europe;;79,91;0,03;
United Kingdom of Great Britain and Northern Ireland;2006;100,0;100,0;100,0;;99,97228;;United Kingdom of Great Britain and Northern Ireland_2006;12039,836;60821,356;48762,965;0,67;Europe;;80,17;0,03;
United Kingdom of Great Britain and Northern Ireland;2007;100,0;100,0;100,0;;99,97411;;United Kingdom of Great Britain and Northern Ireland_2007;11988,805;61455,162;49425,855;0,58;Europe;;80,43;0,03;
United Kingdom of Great Britain and Northern Ireland;2008;100,0;100,0;100,0;;99,97594;;United Kingdom of Great Britain and Northern Ireland_2008;11945,543;62145,097;50130,678;0,49;Europe;;80,67;0,02;
United Kingdom of Great Britain and Northern Ireland;2009;100,0;100,0;100,0;;99,97778;;United Kingdom of Great Britain and Northern Ireland_2009;11898,094;62828,616;50824,513;0,12;Europe;;80,89;0,02;
United Kingdom of Great Britain and Northern Ireland;2010;100,0;100,0;100,0;;99,97961;;United Kingdom of Great Britain and Northern Ireland_2010;11837,146;63459,808;51469,697;0,41;Europe;;81,11;0,02;
United Kingdom of Great Britain and Northern Ireland;2011;100,0;100,0;100,0;;99,98145;;United Kingdom of Great Britain and Northern Ireland_2011;11760,347;64021,919;52051,535;0,35;Europe;;81,3;0,02;
United Kingdom of Great Britain and Northern Ireland;2012;100,0;100,0;100,0;;99,98328;;United Kingdom of Great Britain and Northern Ireland_2012;11669,597;64525,312;52580,733;0,4;Europe;;81,49;0,02;
United Kingdom of Great Britain and Northern Ireland;2013;100,0;100,0;100,0;;99,98511;;United Kingdom of Great Britain and Northern Ireland_2013;11569,344;64984,018;53071,766;0,49;Europe;;81,67;0,01;
United Kingdom of Great Britain and Northern Ireland;2014;100,0;100,0;100,0;;99,98694;;United Kingdom of Great Britain and Northern Ireland_2014;11465,34;65423,047;53550,346;0,42;Europe;;81,85;0,01;
United Kingdom of Great Britain and Northern Ireland;2015;100,0;100,0;100,0;;99,98878;;United Kingdom of Great Britain and Northern Ireland_2015;11361,769;65860,146;54035,311;0,52;Europe;;82,05;0,01;
United Kingdom of Great Britain and Northern Ireland;2016;100,0;100,0;100,0;;99,98878;;United Kingdom of Great Britain and Northern Ireland_2016;11259,199;66297,944;54529,375;0,36;Europe;0,1972;82,25;0,01;0,9991
United Kingdom of Great Britain and Northern Ireland;2017;100,0;100,0;100,0;;99,98878;;United Kingdom of Great Britain and Northern Ireland_2017;11156,164;66727,461;55025,421;0,33;Europe;;82,46;0,01;
United Republic of Tanzania;2000;16,44015;27,25082;64,89894;;;3,71065;United Republic of Tanzania_2000;26553,317;33499,18;7624,725;-0,7;Africa;;22,76;;
United Republic of Tanzania;2001;17,7631;28,66931;65,86317;;;3,76578;United Republic of Tanzania_2001;27154,582;34385,856;7962,437;;Africa;;23,16;;
United Republic of Tanzania;2002;19,08605;30,08757;66,82742;;;3,82091;United Republic of Tanzania_2002;27785,622;35334,788;8320,186;-0,25;Africa;;23,55;;
United Republic of Tanzania;2003;20,409;31,59652;67,79166;;;3,87604;United Republic of Tanzania_2003;28377,799;36337,782;8771,273;-0,85;Africa;;24,14;;
United Republic of Tanzania;2004;21,87435;33,29262;69,01248;;;7,06441;United Republic of Tanzania_2004;28984,506;37379,767;9265,478;-0,67;Africa;;24,79;;
United Republic of Tanzania;2005;23,35703;35,00523;70,24052;;;10,34067;United Republic of Tanzania_2005;29619,018;38450,32;9791,527;-0,58;Africa;;25,47;;
United Republic of Tanzania;2006;24,85705;36,73456;71,47574;;;13,7048;United Republic of Tanzania_2006;30282,031;39548,663;10352,917;-0,36;Africa;;26,18;;
United Republic of Tanzania;2007;26,37441;38,47986;72,71816;;;17,15682;United Republic of Tanzania_2007;30972,693;40681,414;10951,022;-0,39;Africa;;26,92;;
United Republic of Tanzania;2008;27,90911;40,24178;73,96778;;;20,69672;United Republic of Tanzania_2008;31684,102;41853,944;11586,042;-0,23;Africa;;27,68;;
United Republic of Tanzania;2009;29,46114;42,01817;75,2246;;;24,3245;United Republic of Tanzania_2009;32408,679;43073,834;12255,552;0,09;Africa;;28,45;;
United Republic of Tanzania;2010;31,03051;43,8106;76,48862;;;28,04016;United Republic of Tanzania_2010;33138,622;44346,525;12959,969;0,01;Africa;;29,22;;
United Republic of Tanzania;2011;32,61721;45,61738;77,75983;;;31,84371;United Republic of Tanzania_2011;33871,494;45673,512;13699,408;-0,02;Africa;;29,99;;
United Republic of Tanzania;2012;34,22126;47,43913;79,03823;;;32,88961;United Republic of Tanzania_2012;34606,978;47053,03;14476,019;0,05;Africa;;30,77;;
United Republic of Tanzania;2013;35,84264;49,27418;80,32384;;;33,30433;United Republic of Tanzania_2013;35346,511;48483,129;15290,084;-0,16;Africa;;31,54;;
United Republic of Tanzania;2014;37,48135;51,12092;81,61664;;;33,71905;United Republic of Tanzania_2014;36092,092;49960,561;16142,777;-0,6;Africa;;32,31;;
United Republic of Tanzania;2015;39,13741;52,97909;82,91663;;;34,13377;United Republic of Tanzania_2015;36844,744;51482,633;17035,213;-0,42;Africa;;33,09;;
United Republic of Tanzania;2016;40,8108;54,84754;84,22383;;;34,54848;United Republic of Tanzania_2016;37603,765;53049,23;17968,436;-0,44;Africa;38,40323;33,87;;0,5842
United Republic of Tanzania;2017;42,50153;56,72645;85,53822;;;34,9632;United Republic of Tanzania_2017;38367,191;54660,339;18942,828;-0,56;Africa;;34,66;;
United States of America;2000;;;99,77131;;;99,66609;United States of America_2000;59054,865;281710,909;222927,913;1,08;Americas;;79,13;;
United States of America;2001;;;99,77131;;;99,66609;United States of America_2001;59153,827;284607,993;225698,564;;Americas;;79,3;;
United States of America;2002;;;99,77131;;;99,66609;United States of America_2002;59200,835;287279,318;228306,012;0,29;Americas;;79,47;;
United States of America;2003;;;99,77131;;;99,66609;United States of America_2003;59214,43;289815,562;230813,194;0,08;Americas;;79,64;;
United States of America;2004;;;99,77131;;;99,66609;United States of America_2004;59219,92;292354,658;233319,404;-0,23;Americas;;79,81;;
United States of America;2005;96,97277;99,20959;99,77131;;98,94233;99,66609;United States of America_2005;59237,094;294993,511;235892,407;-0,06;Americas;;79,97;0,27;
United States of America;2006;96,97277;99,21437;99,77131;;98,94711;99,66609;United States of America_2006;59269,355;297758,969;238558,001;0,49;Americas;;80,12;0,27;
United States of America;2007;96,97277;99,21913;99,77131;;98,95185;99,66609;United States of America_2007;59309,491;300608,429;241285,684;0,38;Americas;;80,27;0,27;
United States of America;2008;96,97277;99,22386;99,77131;;98,95657;99,66609;United States of America_2008;59345,012;303486,012;244029,055;0,59;Americas;;80,41;0,27;
United States of America;2009;96,97277;99,22856;99,77131;;98,96126;99,66609;United States of America_2009;59361,054;306307,567;246715,308;0,45;Americas;;80,54;0,27;
United States of America;2010;96,97277;99,23321;99,77131;;98,96589;99,66609;United States of America_2010;59344,315;309011,475;249297,076;0,44;Americas;;80,68;0,27;
United States of America;2011;96,97277;99,23801;99,77131;;98,97069;99,66609;United States of America_2011;59275,426;311584,047;251775,947;0,59;Americas;;80,81;0,27;
United States of America;2012;96,97277;99,24291;99,77131;;98,97557;99,66609;United States of America_2012;59160,759;314043,885;254174,664;0,63;Americas;;80,94;0,27;
United States of America;2013;96,97277;99,24796;99,77131;;98,9806;99,66609;United States of America_2013;59009,166;316400,538;256527,51;0,64;Americas;;81,08;0,27;
United States of America;2014;96,97277;99,25311;99,77131;;98,98573;99,66609;United States of America_2014;58833,036;318673,411;258885,743;0,58;Americas;;81,24;0,27;
United States of America;2015;96,97277;99,25836;99,77131;;98,99097;99,66609;United States of America_2015;58641,351;320878,31;261287,811;0,68;Americas;;81,43;0,27;
United States of America;2016;96,97277;99,26371;99,77131;;98,99631;99,66609;United States of America_2016;58436,293;323015,995;263743,312;0,4;Americas;0,23153;81,65;0,27;0,9952
United States of America;2017;96,97277;99,2692;99,77131;;99,00178;99,66609;United States of America_2017;58215,947;325084,756;266243,516;0,34;Americas;;81,9;0,27;
Uruguay;2000;74,60713;96,98759;98,92632;;;93,87447;Uruguay_2000;264,771;3319,736;3056,474;0,93;Americas;;92,07;;
Uruguay;2001;74,60713;97,05447;98,92632;;;93,87447;Uruguay_2001;256,09;3325,473;3071,013;;Americas;;92,35;;
Uruguay;2002;74,26374;97,08953;98,92188;;;93,87447;Uruguay_2002;247,27;3326,04;3080,503;0,84;Americas;;92,62;;
Uruguay;2003;73,92036;97,12464;98,91743;;;93,87447;Uruguay_2003;238,529;3323,668;3087,108;0,71;Americas;;92,88;;
Uruguay;2004;73,57697;97,15923;98,91299;;;93,87447;Uruguay_2004;230,105;3321,476;3093,991;0,59;Americas;;93,15;;
Uruguay;2005;75,16456;97,37784;98,96815;;;93,93106;Uruguay_2005;222,183;3321,803;3103,429;0,78;Americas;;93,43;;
Uruguay;2006;76,91224;97,59782;99,02332;;;93,98765;Uruguay_2006;214,756;3325,401;3116,287;0,9;Americas;;93,71;;
Uruguay;2007;78,65993;97,80824;99,07848;;;94,04423;Uruguay_2007;207,762;3331,749;3131,979;0,84;Americas;;94,0;;
Uruguay;2008;80,40761;98,0097;99,13364;;;94,10081;Uruguay_2008;201,11;3340,221;3149,714;0,85;Americas;;94,3;;
Uruguay;2009;82,1553;98,20238;99,1888;;;94,1574;Uruguay_2009;194,722;3349,676;3168,033;0,79;Americas;;94,58;;
Uruguay;2010;83,90298;98,38699;99,24394;;;94,21398;Uruguay_2010;188,495;3359,275;3185,92;0,82;Americas;;94,84;;
Uruguay;2011;85,65067;98,56371;99,29908;;;94,27057;Uruguay_2011;182,426;3368,934;3203,198;0,96;Americas;;95,08;;
Uruguay;2012;87,39835;98,72521;99,35422;;;94,32715;Uruguay_2012;178,688;3378,975;3218,089;0,71;Americas;;95,24;;
Uruguay;2013;89,14603;98,88007;99,40935;;;94,38374;Uruguay_2013;175,741;3389,443;3232,264;0,8;Americas;;95,36;;
Uruguay;2014;90,89371;99,03122;99,46447;;;94,44032;Uruguay_2014;172,847;3400,436;3246,699;0,99;Americas;;95,48;;
Uruguay;2015;92,6414;99,17878;99,51959;;;94,4969;Uruguay_2015;170,019;3412,009;3261,533;1,0;Americas;;95,59;;
Uruguay;2016;94,38908;99,32289;99,57471;;;94,55349;Uruguay_2016;167,249;3424,129;3276,757;1,06;Americas;0,36017;95,7;;0,9949
Uruguay;2017;95,30083;99,40237;99,60735;;;94,58875;Uruguay_2017;164,541;3436,641;3292,209;1,05;Americas;;95,8;;
Uzbekistan;2000;75,86189;84,7989;95,23711;32,46013;56,34099;84,23322;Uzbekistan_2000;13387,219;24769,955;11461,701;-1,31;Europe;;46,27;28,46;
Uzbekistan;2001;77,86362;86,16999;95,68616;32,159;56,48318;84,35009;Uzbekistan_2001;13449,101;25108,563;11739,426;;Europe;;46,75;29,69;
Uzbekistan;2002;79,88406;87,53682;96,13609;31,85178;56,62722;84,46696;Uzbekistan_2002;13498,784;25431,122;12013,092;-1,06;Europe;;47,24;30,91;
Uzbekistan;2003;81,92321;88,89888;96,58691;31,53848;56,77268;84,58382;Uzbekistan_2003;13542,816;25749,101;12287,843;-1,3;Europe;;47,72;32,13;
Uzbekistan;2004;83,98106;90,25573;97,0386;31,2191;56,91915;84,70069;Uzbekistan_2004;13589,132;26077,607;12571,194;-1,46;Europe;;48,21;33,34;
Uzbekistan;2005;86,05762;91,60712;97,49117;30,89364;57,06669;84,81756;Uzbekistan_2005;13643,936;26427,789;12868,248;-1,96;Europe;;48,69;34,54;
Uzbekistan;2006;88,15289;92,95289;97,94462;30,5621;57,21596;84,93443;Uzbekistan_2006;13708,459;26804,072;13181,804;-1,78;Europe;;49,18;35,74;
Uzbekistan;2007;90,26686;94,25614;98,3252;30,22448;57,3665;85,05129;Uzbekistan_2007;13781,409;27204,711;13510,966;-1,36;Europe;;49,66;36,89;
Uzbekistan;2008;92,34676;95,40286;98,4603;29,88077;57,51839;85,16816;Uzbekistan_2008;13860,93;27626,982;13854,895;-1,21;Europe;;50,15;37,88;
Uzbekistan;2009;92,88561;95,76746;98,59541;30,05513;57,93077;85,28503;Uzbekistan_2009;13944,661;28065,466;14210,645;-0,95;Europe;;50,63;37,84;
Uzbekistan;2010;93,42445;96,12821;98,73051;30,22948;58,34314;85,40189;Uzbekistan_2010;14029,623;28515,909;14576,671;-0,72;Europe;;51,12;37,79;
Uzbekistan;2011;93,96329;96,47084;98,86562;30,40384;58,59512;85,51876;Uzbekistan_2011;14199,705;28977,01;14868,519;-0,6;Europe;;51,31;37,88;
Uzbekistan;2012;94,50214;96,79867;99,00072;30,57819;58,68502;85,63563;Uzbekistan_2012;14460,143;29449,413;15080,676;-0,52;Europe;;51,21;38,11;
Uzbekistan;2013;95,04099;97,12731;99,13583;30,75255;58,77502;85,75249;Uzbekistan_2013;14724,547;29932,631;15295,187;-0,54;Europe;;51,1;38,35;
Uzbekistan;2014;95,42513;97,37537;99,26041;30,87685;58,83591;85,86026;Uzbekistan_2014;14990,427;30426,388;15509,191;-0,27;Europe;;50,97;38,54;
Uzbekistan;2015;95,6424;97,52858;99,35902;30,94715;58,85883;85,94555;Uzbekistan_2015;15255,556;30929,557;15720,465;-0,37;Europe;;50,83;38,67;
Uzbekistan;2016;95,8582;97,68127;99,45755;31,01698;58,88147;86,03078;Uzbekistan_2016;15518,905;31441,751;15927,89;-0,27;Europe;0,44151;50,66;38,8;0,9863
Uzbekistan;2017;96,07259;97,83345;99,55601;31,08634;58,9038;86,11594;Uzbekistan_2017;15779,684;31959,785;16130,957;-0,24;Europe;;50,47;38,93;
Vanuatu;2000;77,99229;81,8586;95,8316;;39,59291;;Vanuatu_2000;144,954;184,972;40,109;1,22;Western Pacific;;21,68;42,27;
Vanuatu;2001;77,99229;81,90855;95,8316;;39,61595;;Vanuatu_2001;147,736;189,219;41,554;;Western Pacific;;21,96;42,29;
Vanuatu;2002;77,99229;81,95886;95,8316;;39,63916;;Vanuatu_2002;150,829;193,92;43,127;1,16;Western Pacific;;22,24;42,32;
Vanuatu;2003;77,99229;82,00988;95,8316;;39,66269;;Vanuatu_2003;154,156;198,959;44,808;0,76;Western Pacific;;22,52;42,35;
Vanuatu;2004;77,99229;82,06126;95,8316;;39,68639;;Vanuatu_2004;157,581;204,127;46,562;0,62;Western Pacific;;22,81;42,37;
Vanuatu;2005;78,80918;82,8085;96,12304;;40,04713;;Vanuatu_2005;161,008;209,282;48,362;1,38;Western Pacific;;23,11;42,76;
Vanuatu;2006;79,62607;83,55321;96,41447;;40,40662;;Vanuatu_2006;164,428;214,37;50,206;1,35;Western Pacific;;23,42;43,15;
Vanuatu;2007;80,44296;84,29516;96,7059;;40,76475;;Vanuatu_2007;167,853;219,472;52,1;1,23;Western Pacific;;23,74;43,53;
Vanuatu;2008;81,25984;85,03448;96,99733;;41,12159;;Vanuatu_2008;171,291;224,704;54,049;1,18;Western Pacific;;24,05;43,91;
Vanuatu;2009;82,07673;85,77112;97,28876;;41,47712;;Vanuatu_2009;174,737;230,247;56,048;1,23;Western Pacific;;24,34;44,29;
Vanuatu;2010;82,89362;86,48625;97,58019;;41,82274;;Vanuatu_2010;178,493;236,211;57,802;1,28;Western Pacific;;24,47;44,66;
Vanuatu;2011;83,7105;87,18861;97,87163;;42,1625;;Vanuatu_2011;182,465;242,653;59,406;1,11;Western Pacific;;24,48;45,03;
Vanuatu;2012;84,52739;87,89008;98,16306;;42,50182;;Vanuatu_2012;186,453;249,499;61,032;1,2;Western Pacific;;24,46;45,39;
Vanuatu;2013;85,34428;88,59049;98,45449;;42,84062;;Vanuatu_2013;190,463;256,635;62,679;1,16;Western Pacific;;24,42;45,75;
Vanuatu;2014;86,16116;89,28986;98,74593;;43,17892;;Vanuatu_2014;194,498;263,888;64,352;0,64;Western Pacific;;24,39;46,11;
Vanuatu;2015;86,97805;89,98817;99,03735;;43,5167;;Vanuatu_2015;198,555;271,13;66,048;0,48;Western Pacific;;24,36;46,47;
Vanuatu;2016;87,79494;90,66152;99,23293;;43,84248;;Vanuatu_2016;202,634;278,33;67,768;0,51;Western Pacific;10,41773;24,35;46,82;0,9018
Vanuatu;2017;88,48513;91,25681;99,5;;44,13033;;Vanuatu_2017;206,733;285,51;69,511;0,7;Western Pacific;;24,35;47,13;
Venezuela (Bolivarian Republic of);2000;;96,65285;;;;;Venezuela (Bolivarian Republic of)_2000;3046,475;24192,446;21441,865;-0,76;Americas;;88,63;;
Venezuela (Bolivarian Republic of);2001;;96,5982;;;;;Venezuela (Bolivarian Republic of)_2001;3031,24;24646,472;21917,236;;Americas;;88,93;;
Venezuela (Bolivarian Republic of);2002;;96,54354;;;;;Venezuela (Bolivarian Republic of)_2002;3080,534;25100,408;22328,166;-1,32;Americas;;88,96;;
Venezuela (Bolivarian Republic of);2003;;96,48889;;;;;Venezuela (Bolivarian Republic of)_2003;3129,553;25551,624;22738,97;-1,29;Americas;;88,99;;
Venezuela (Bolivarian Republic of);2004;;96,43423;;;;;Venezuela (Bolivarian Republic of)_2004;3178,2;25996,594;23149,025;-1,39;Americas;;89,05;;
Venezuela (Bolivarian Republic of);2005;;96,37958;;;;;Venezuela (Bolivarian Republic of)_2005;3226,428;26432,447;23557,733;-1,25;Americas;;89,12;;
Venezuela (Bolivarian Republic of);2006;;96,32492;;;;;Venezuela (Bolivarian Republic of)_2006;3274,191;26850,194;23964,977;-1,25;Americas;;89,25;;
Venezuela (Bolivarian Republic of);2007;;96,27026;;;;;Venezuela (Bolivarian Republic of)_2007;3321,466;27247,61;24370,499;-1,23;Americas;;89,44;;
Venezuela (Bolivarian Republic of);2008;;96,21561;;;;;Venezuela (Bolivarian Republic of)_2008;3368,145;27635,832;24773,556;-1,31;Americas;;89,64;;
Venezuela (Bolivarian Republic of);2009;;96,16096;;;;;Venezuela (Bolivarian Republic of)_2009;3414,135;28031,009;25173,188;-1,28;Americas;;89,8;;
Venezuela (Bolivarian Republic of);2010;;96,1063;;;;;Venezuela (Bolivarian Republic of)_2010;3459,313;28439,94;25568,72;-1,26;Americas;;89,9;;
Venezuela (Bolivarian Republic of);2011;;96,05164;;;;;Venezuela (Bolivarian Republic of)_2011;3503,631;28887,874;25959,66;-1,09;Americas;;89,86;;
Venezuela (Bolivarian Republic of);2012;;95,99699;;;;;Venezuela (Bolivarian Republic of)_2012;3550,466;29360,837;26342,614;-1,03;Americas;;89,72;;
Venezuela (Bolivarian Republic of);2013;;95,94234;;;;;Venezuela (Bolivarian Republic of)_2013;3597,718;29781,04;26720,13;-1,08;Americas;;89,72;;
Venezuela (Bolivarian Republic of);2014;;95,88768;;;;;Venezuela (Bolivarian Republic of)_2014;3644,375;30042,968;27094,003;-0,85;Americas;;90,18;;
Venezuela (Bolivarian Republic of);2015;;95,83302;;;;;Venezuela (Bolivarian Republic of)_2015;3690,499;30081,829;27464,635;-0,98;Americas;;91,3;;
Venezuela (Bolivarian Republic of);2016;;95,77837;;;;;Venezuela (Bolivarian Republic of)_2016;3736,094;29851,255;27832,085;-1,02;Americas;1,3903;93,24;;0,972
Venezuela (Bolivarian Republic of);2017;;95,72371;;;;;Venezuela (Bolivarian Republic of)_2017;3778,814;29402,484;28198,251;-1,25;Americas;;95,9;;
Viet Nam;2000;75,5389;80,14247;94,42611;;;;Viet Nam_2000;60716,972;79910,412;19568,59;0,41;Western Pacific;;24,49;;
Viet Nam;2001;76,51436;81,02645;94,60831;;;;Viet Nam_2001;60905,689;80742,499;20234,23;;Western Pacific;;25,06;;
Viet Nam;2002;77,49071;81,90405;94,79049;;;;Viet Nam_2002;61048,895;81534,407;20907,601;0,35;Western Pacific;;25,64;;
Viet Nam;2003;78,46794;82,77435;94,97266;;;;Viet Nam_2003;61156,846;82301,656;21590,816;0,13;Western Pacific;;26,23;;
Viet Nam;2004;79,44606;83,63763;95,15482;;;;Viet Nam_2004;61239,621;83062,821;22288,057;0,15;Western Pacific;;26,83;;
Viet Nam;2005;80,42507;84,49319;95,33698;;;;Viet Nam_2005;61308,288;83832,661;23000,555;0,48;Western Pacific;;27,44;;
Viet Nam;2006;81,40497;85,34113;95,51913;;;;Viet Nam_2006;61363,16;84617,54;23731,457;0,4;Western Pacific;;28,05;;
Viet Nam;2007;82,38575;86,18121;95,70126;;;;Viet Nam_2007;61408,016;85419,591;24481,574;0,25;Western Pacific;;28,66;;
Viet Nam;2008;83,36742;87,01307;95,88339;;;;Viet Nam_2008;61451,799;86243,413;25256,002;0,16;Western Pacific;;29,28;;
Viet Nam;2009;84,34998;87,83675;96,06551;;;;Viet Nam_2009;61504,167;87092,252;26061,24;0,27;Western Pacific;;29,92;;
Viet Nam;2010;85,33341;88,65319;96,24762;;;;Viet Nam_2010;61561,816;87967,651;26910,696;0,15;Western Pacific;;30,59;;
Viet Nam;2011;86,31774;89,46055;96,42973;;;;Viet Nam_2011;61639,703;88871,38;27796,941;0,19;Western Pacific;;31,28;;
Viet Nam;2012;87,30296;90,25871;96,61182;;;;Viet Nam_2012;61731,739;89801,926;28720,142;0,27;Western Pacific;;31,98;;
Viet Nam;2013;88,28906;91,0471;96,7939;;;;Viet Nam_2013;61825,502;90752,592;29672,223;0,25;Western Pacific;;32,7;;
Viet Nam;2014;89,78263;92,27634;97,3131;;;;Viet Nam_2014;61898,224;91713,848;30646,691;-0,02;Western Pacific;;33,42;;
Viet Nam;2015;90,73356;93,19887;98,02544;;;;Viet Nam_2015;61936,198;92677,076;31635,369;0,07;Western Pacific;;34,14;;
Viet Nam;2016;91,68449;93,99012;98,36555;;;;Viet Nam_2016;61933,285;93640,422;32635,787;0,23;Western Pacific;1,6208;34,85;;0,962
Viet Nam;2017;92,63541;94,7188;98,55196;;;;Viet Nam_2017;61898,302;94600,648;33642,498;0,29;Western Pacific;;35,56;;
Yemen;2000;25,64115;37,84694;72,1093;;;;Yemen_2000;13179,604;17409,072;4695,121;-1,14;Eastern Mediterranean;;26,97;;
Yemen;2001;25,64115;38,08858;72,1093;;;;Yemen_2001;13463,94;17918,373;4926,195;;Eastern Mediterranean;;27,49;;
Yemen;2002;25,64115;38,33393;72,1093;;;;Yemen_2002;13751,457;18443,691;5167,722;-1,31;Eastern Mediterranean;;28,02;;
Yemen;2003;27,87679;40,34536;72,64883;;;;Yemen_2003;14042,142;18985,0;5419,944;-1,48;Eastern Mediterranean;;28,55;;
Yemen;2004;30,11242;42,34168;73,18836;;;;Yemen_2004;14334,252;19540,098;5682,816;-1,55;Eastern Mediterranean;;29,08;;
Yemen;2005;32,34806;44,32173;73,7279;;;;Yemen_2005;14627,103;20107,409;5955,824;-1,44;Eastern Mediterranean;;29,62;;
Yemen;2006;34,58369;46,28643;74,26743;;;;Yemen_2006;14920,358;20687,646;6240,176;-1,35;Eastern Mediterranean;;30,16;;
Yemen;2007;36,81933;48,23499;74,80696;;;;Yemen_2007;15215,074;21282,515;6536,531;-1,59;Eastern Mediterranean;;30,71;;
Yemen;2008;39,05497;50,16707;75,3465;;;;Yemen_2008;15511,106;21892,146;6845,285;-2,01;Eastern Mediterranean;;31,27;;
Yemen;2009;41,2906;52,0823;75,88602;;;;Yemen_2009;15808,153;22516,46;7166,776;-2,33;Eastern Mediterranean;;31,83;;
Yemen;2010;43,52624;53,98032;76,42556;;;;Yemen_2010;16105,593;23154,855;7501,186;-2,42;Eastern Mediterranean;;32,4;;
Yemen;2011;45,76187;55,86049;76,9651;;;;Yemen_2011;16403,293;23807,588;7848,913;-2,43;Eastern Mediterranean;;32,97;;
Yemen;2012;47,99751;57,72246;77,50462;;;;Yemen_2012;16700,108;24473,178;8209,861;-2,43;Eastern Mediterranean;;33,55;;
Yemen;2013;50,23314;59,56624;78,04416;;;;Yemen_2013;16993,264;25147,109;8583,058;-2,37;Eastern Mediterranean;;34,13;;
Yemen;2014;52,46878;61,39094;78,58369;;;;Yemen_2014;17279,298;25823,485;8967,029;-2,67;Eastern Mediterranean;;34,72;;
Yemen;2015;54,70441;63,17181;79,0521;;;;Yemen_2015;17555,636;26497,889;9360,571;-2,68;Eastern Mediterranean;;35,33;;
Yemen;2016;54,70441;63,32203;79,0521;;;;Yemen_2016;17821,118;27168,208;9763,095;-2,79;Eastern Mediterranean;10,20328;35,94;;0,7661
Yemen;2017;54,70441;63,47347;79,0521;;;;Yemen_2017;18075,808;27834,819;10174,612;-2,94;Eastern Mediterranean;;36,55;;
Zambia;2000;30,90278;49,48884;84,30793;;;48,50162;Zambia_2000;6866,093;10415,944;3665,128;0,03;Africa;;35,19;;
Zambia;2001;31,59908;50,03706;84,276;;;48,3612;Zambia_2001;7035,435;10692,193;3788,69;;Africa;;35,43;;
Zambia;2002;32,28814;50,71934;84,24358;;;48,22012;Zambia_2002;7175,419;10971,698;3944,99;-0,28;Africa;;35,96;;
Zambia;2003;32,96998;51,39153;84,21067;;;48,07838;Zambia_2003;7315,663;11256,743;4106,321;0,22;Africa;;36,48;;
Zambia;2004;33,64459;52,05365;84,17728;;;47,936;Zambia_2004;7457,838;11550,642;4273,908;0,19;Africa;;37,0;;
Zambia;2005;34,31197;52,70524;84,14339;;;47,79295;Zambia_2005;7603,597;11856,247;4448,559;0,11;Africa;;37,52;;
Zambia;2006;34,97212;53,34686;84,109;;;47,64926;Zambia_2006;7752,68;12173,514;4630,766;0,36;Africa;;38,04;;
Zambia;2007;35,62504;53,97804;84,07413;;;47,50491;Zambia_2007;7905,217;12502,958;4820,757;0,36;Africa;;38,56;;
Zambia;2008;36,27073;54,5998;84,03876;;;47,3599;Zambia_2008;8062,65;12848,53;5019,867;0,47;Africa;;39,07;;
Zambia;2009;36,9092;55,21029;84,00291;;;47,21424;Zambia_2009;8227,067;13215,139;5229,35;0,57;Africa;;39,57;;
Zambia;2010;37,54043;55,81144;83,96658;;;47,06792;Zambia_2010;8399,366;13605,984;5450,667;0,52;Africa;;40,06;;
Zambia;2011;38,16444;56,40237;83,92974;;;46,92095;Zambia_2011;8580,164;14023,203;5684,592;0,51;Africa;;40,54;;
Zambia;2012;38,78121;56,98539;83,89241;;;46,77332;Zambia_2012;8767,868;14465,15;5932,069;0,66;Africa;;41,01;;
Zambia;2013;39,39076;57,56091;83,8546;;;46,62504;Zambia_2013;8960,891;14926,544;6192,319;0,44;Africa;;41,49;;
Zambia;2014;39,99308;58,128;83,81629;;;46,4761;Zambia_2014;9156,664;15399,788;6464,31;0,16;Africa;;41,98;;
Zambia;2015;40,58817;58,68752;83,7775;;;46,32652;Zambia_2015;9353,351;15879,361;6747,236;0,15;Africa;;42,49;;
Zambia;2016;41,17603;59,23856;83,7382;;;46,17627;Zambia_2016;9550,308;16363,458;7041,082;0,14;Africa;34,91273;43,03;;0,6235
Zambia;2017;41,95206;59,96376;83,86312;;;46,24515;Zambia_2017;9747,709;16853,599;7346,421;0,15;Africa;;43,59;;
Zimbabwe;2000;59,87815;71,72648;94,97598;;;;Zimbabwe_2000;8096,262;11881,477;4125,989;-1,32;Africa;;34,73;;
Zimbabwe;2001;59,87815;71,87109;94,97598;;;;Zimbabwe_2001;8140,63;11923,914;4225,535;;Africa;;35,44;;
Zimbabwe;2002;59,23113;71,57246;94,91518;;;;Zimbabwe_2002;8177,189;11954,29;4323,336;-1,52;Africa;;36,17;;
Zimbabwe;2003;58,58644;71,09124;94,85433;;;;Zimbabwe_2003;8277,834;11982,224;4356,063;-1,09;Africa;;36,35;;
Zimbabwe;2004;57,94406;70,58119;94,79344;;;;Zimbabwe_2004;8395,569;12019,912;4381,942;-1,21;Africa;;36,46;;
Zimbabwe;2005;57,30401;70,07088;94,73251;;;;Zimbabwe_2005;8526,166;12076,699;4413,866;-1,27;Africa;;36,55;;
Zimbabwe;2006;56,66629;69,55994;94,67152;;;;Zimbabwe_2006;8671,68;12155,491;4452,587;-0,93;Africa;;36,63;;
Zimbabwe;2007;56,03089;69,04881;94,6105;;;;Zimbabwe_2007;8831,989;12255,922;4497,92;-1,11;Africa;;36,7;;
Zimbabwe;2008;55,39782;68,53709;94,54942;;;;Zimbabwe_2008;9008,248;12379,549;4550,221;-1,21;Africa;;36,76;;
Zimbabwe;2009;54,76707;68,02522;94,4883;;;;Zimbabwe_2009;9200,909;12526,968;4609,69;-1,17;Africa;;36,8;;
Zimbabwe;2010;54,13864;67,51281;94,42713;;;;Zimbabwe_2010;9410,211;12697,723;4676,106;-1,1;Africa;;36,83;;
Zimbabwe;2011;53,51254;67,00028;94,36591;;;;Zimbabwe_2011;9636,932;12894,322;4749,717;-0,95;Africa;;36,84;;
Zimbabwe;2012;52,88877;66,48726;94,30466;;;;Zimbabwe_2012;9880,721;13115,15;4830,105;-0,78;Africa;;36,83;;
Zimbabwe;2013;52,26732;65,97417;94,24335;;;;Zimbabwe_2013;10138,667;13350,373;4915,839;-0,67;Africa;;36,82;;
Zimbabwe;2014;51,64819;65,47338;94,182;;;;Zimbabwe_2014;10402,274;13586,707;5009,401;-0,71;Africa;;36,87;;
Zimbabwe;2015;51,03139;64,98583;94,12061;;;;Zimbabwe_2015;10667,966;13814,629;5109,485;-0,62;Africa;;36,99;;
Zimbabwe;2016;50,41692;64,51162;94,05916;;;;Zimbabwe_2016;10934,468;14030,331;5215,894;-0,62;Africa;24,55074;37,18;;0,7011
Zimbabwe;2017;49,80476;64,05123;93,99767;;;;Zimbabwe_2017;11201,138;14236,595;5328,766;-0,71;Africa;;37,43;;
